url,slug,lastmod,franchise
https://www.fantasyguru.com/2026-offensive-line-breakdown,2026-offensive-line-breakdown,2026-07-10T06:12:50.000Z,Offensive Line Breakdown
https://www.fantasyguru.com/dynasty-ratings-update-7-8-26,dynasty-ratings-update-7-8-26,2026-07-09T10:42:00.000Z,Dynasty
https://www.fantasyguru.com/graphic-depiction-predicted-qb-types-fantasy-football-2026,graphic-depiction-predicted-qb-types-fantasy-football-2026,2026-07-08T16:42:08.000Z,QB Analysis
https://www.fantasyguru.com/2026-nfl-roster-coach,2026-nfl-roster-coach,2026-07-07T22:43:26.000Z,Podcast/Livestream
https://www.fantasyguru.com/2026-rookie-expectation-running-back,2026-rookie-expectation-running-back,2026-07-05T02:33:45.000Z,Rookie Expectation/Profile
https://www.fantasyguru.com/dynasty-ratings-update-7-1-26,dynasty-ratings-update-7-1-26,2026-07-02T07:02:54.000Z,Dynasty
https://www.fantasyguru.com/predicting-2026-qb-types-previous-performance,predicting-2026-qb-types-previous-performance,2026-07-01T22:55:19.000Z,QB Analysis
https://www.fantasyguru.com/2026-drafters-tournament-bestball-rankings,2026-drafters-tournament-bestball-rankings,2026-07-01T16:01:03.000Z,Best Ball
https://www.fantasyguru.com/2026-nfl-underdog-tournament-bestball-rankings,2026-nfl-underdog-tournament-bestball-rankings,2026-07-01T15:12:31.000Z,Best Ball
https://www.fantasyguru.com/2026-nfl-draftkings-tournament-bestball-rankings,2026-nfl-draftkings-tournament-bestball-rankings,2026-07-01T12:26:32.000Z,Best Ball
https://www.fantasyguru.com/dynasty-league-rules-and-setup-2,dynasty-league-rules-and-setup-2,2026-06-29T21:41:55.000Z,Dynasty
https://www.fantasyguru.com/best-ball-adp-risers-and-fallers-june-2026,best-ball-adp-risers-and-fallers-june-2026,2026-06-26T18:24:40.000Z,Best Ball
https://www.fantasyguru.com/fantasy-football-2026-by-the-numbers-tight-end,fantasy-football-2026-by-the-numbers-tight-end,2026-06-26T13:48:36.000Z,
https://www.fantasyguru.com/fantasy-football-2026-by-the-numbers-wide-receiver,fantasy-football-2026-by-the-numbers-wide-receiver,2026-06-26T13:43:29.000Z,
https://www.fantasyguru.com/fantasy-football-2026-by-the-numbers-running-back,fantasy-football-2026-by-the-numbers-running-back,2026-06-26T13:39:37.000Z,
https://www.fantasyguru.com/fantasy-football-2026-by-the-numbers-quarterback,fantasy-football-2026-by-the-numbers-quarterback,2026-06-26T13:36:20.000Z,QB Analysis
https://www.fantasyguru.com/dynasty-ratings-update-6-25-26,dynasty-ratings-update-6-25-26,2026-06-25T08:52:59.000Z,Dynasty
https://www.fantasyguru.com/fantasy-football-predicting-qb-type-previous-performance-2026-update,fantasy-football-predicting-qb-type-previous-performance-2026-update,2026-06-25T02:40:06.000Z,QB Analysis
https://www.fantasyguru.com/fantasy-football-projecting-rookie-qb-rushing-attempts-2026-update,fantasy-football-projecting-rookie-qb-rushing-attempts-2026-update,2026-06-25T02:31:37.000Z,Rookie Expectation/Profile
https://www.fantasyguru.com/2026-rookie-expectations-tight-end,2026-rookie-expectations-tight-end,2026-06-23T08:54:57.000Z,Rookie Expectation/Profile
https://www.fantasyguru.com/2026-fantasy-guru-staff-mock-draft,2026-fantasy-guru-staff-mock-draft,2026-06-19T14:27:48.000Z,Mock Draft
https://www.fantasyguru.com/dynasty-ratings-update-6-17-26,dynasty-ratings-update-6-17-26,2026-06-18T07:41:34.000Z,Dynasty
https://www.fantasyguru.com/2026-qb-bye-week-cheat-sheet,2026-qb-bye-week-cheat-sheet,2026-06-18T04:11:14.000Z,QB Analysis
https://www.fantasyguru.com/the-red-zone-3,the-red-zone-3,2026-06-16T19:18:52.000Z,
https://www.fantasyguru.com/dynasty-ratings-update-6-12-25,dynasty-ratings-update-6-12-25,2026-06-12T23:10:08.000Z,Dynasty
https://www.fantasyguru.com/2026-draft-strategy-sessions-late-round-quarterback,2026-draft-strategy-sessions-late-round-quarterback,2026-06-12T16:47:53.000Z,QB Analysis
https://www.fantasyguru.com/draft-strategy-sessions-benefits-of-drafting-an-elite-tight-end-2026,draft-strategy-sessions-benefits-of-drafting-an-elite-tight-end-2026,2026-06-12T16:29:30.000Z,
https://www.fantasyguru.com/draft-strategy-sessions-elite-quarterback-approach-2026,draft-strategy-sessions-elite-quarterback-approach-2026,2026-06-12T16:05:21.000Z,QB Analysis
https://www.fantasyguru.com/2026-draft-strategy-sessions-robust-running-back-approach,2026-draft-strategy-sessions-robust-running-back-approach,2026-06-12T14:40:13.000Z,
https://www.fantasyguru.com/best-ball-tournament-tactics-and-draft-strategies-2026,best-ball-tournament-tactics-and-draft-strategies-2026,2026-06-08T22:36:19.000Z,Best Ball
https://www.fantasyguru.com/stacking-targets-in-best-ball-tournaments-2026,stacking-targets-in-best-ball-tournaments-2026,2026-06-08T22:35:18.000Z,Best Ball
https://www.fantasyguru.com/buechers-best-ball-players-to-target-2026,buechers-best-ball-players-to-target-2026,2026-06-08T18:20:05.000Z,Best Ball
https://www.fantasyguru.com/introduction-to-the-best-ball-format-2026,introduction-to-the-best-ball-format-2026,2026-06-08T10:50:16.000Z,Best Ball
https://www.fantasyguru.com/2026-rookie-expectations-quarterback,2026-rookie-expectations-quarterback,2026-06-08T03:45:29.000Z,Rookie Expectation/Profile
https://www.fantasyguru.com/2026-nfl-bold-predictions,2026-nfl-bold-predictions,2026-06-05T14:09:27.000Z,
https://www.fantasyguru.com/nfl-russell-wilson-retiring,nfl-russell-wilson-retiring,2026-06-03T23:19:00.000Z,
https://www.fantasyguru.com/nfl-russell-wilson-retiring,nfl-russell-wilson-retiring,2026-06-03T23:19:00.000Z,
https://www.fantasyguru.com/rams-aaron-donald-considering-return-to-nfl,rams-aaron-donald-considering-return-to-nfl,2026-06-03T01:18:22.000Z,
https://www.fantasyguru.com/browns-markees-watts-retires-from-the-nfl,browns-markees-watts-retires-from-the-nfl,2026-06-02T18:18:22.000Z,
https://www.fantasyguru.com/jeff-mans-dfs-nfl-cash-game-breakdown-week-13-2025,jeff-mans-dfs-nfl-cash-game-breakdown-week-13-2025,2026-06-02T17:17:48.000Z,NFL DFS Breakdown
https://www.fantasyguru.com/jeff-mans-dfs-nfl-cash-game-breakdown-week-14-2025,jeff-mans-dfs-nfl-cash-game-breakdown-week-14-2025,2026-06-02T17:16:49.000Z,NFL DFS Breakdown
https://www.fantasyguru.com/jeff-mans-dfs-nfl-cash-game-breakdown-week-15-2025,jeff-mans-dfs-nfl-cash-game-breakdown-week-15-2025,2026-06-02T17:11:58.000Z,NFL DFS Breakdown
https://www.fantasyguru.com/jeff-mans-dfs-nfl-cash-game-breakdown-week-16-2025,jeff-mans-dfs-nfl-cash-game-breakdown-week-16-2025,2026-06-02T17:11:26.000Z,NFL DFS Breakdown
https://www.fantasyguru.com/jeff-mans-dfs-nfl-cash-game-breakdown-week-17-2025,jeff-mans-dfs-nfl-cash-game-breakdown-week-17-2025,2026-06-02T17:10:54.000Z,NFL DFS Breakdown
https://www.fantasyguru.com/jeff-mans-dfs-nfl-cash-game-breakdown-week-18-2025,jeff-mans-dfs-nfl-cash-game-breakdown-week-18-2025,2026-06-02T17:10:08.000Z,NFL DFS Breakdown
https://www.fantasyguru.com/2026-fantasy-football-running-back-player-profiles,2026-fantasy-football-running-back-player-profiles,2026-06-02T14:11:52.000Z,Player Profile (NFL)
https://www.fantasyguru.com/2026-fantasy-football-quarterback-outlooks,2026-fantasy-football-quarterback-outlooks,2026-06-02T14:11:06.000Z,QB Analysis
https://www.fantasyguru.com/nfl-draft-player-profile-carnell-tate,nfl-draft-player-profile-carnell-tate,2026-06-02T12:06:33.000Z,Player Profile (NFL)
https://www.fantasyguru.com/2026-fantasy-football-tight-end-outlooks,2026-fantasy-football-tight-end-outlooks,2026-06-01T19:32:29.000Z,
https://www.fantasyguru.com/colts-indy-makes-change-to-qb-room-3,colts-indy-makes-change-to-qb-room-3,2026-06-01T18:18:50.000Z,QB Analysis
https://www.fantasyguru.com/colts-indy-makes-change-to-qb-room-2,colts-indy-makes-change-to-qb-room-2,2026-06-01T18:18:50.000Z,QB Analysis
https://www.fantasyguru.com/colts-indy-makes-change-to-qb-room,colts-indy-makes-change-to-qb-room,2026-06-01T18:18:50.000Z,QB Analysis
https://www.fantasyguru.com/nfl-russell-wilson-accepting-tv-job,nfl-russell-wilson-accepting-tv-job,2026-06-01T17:18:23.000Z,
https://www.fantasyguru.com/2026-fantasy-football-wide-receiver-outlooks,2026-fantasy-football-wide-receiver-outlooks,2026-06-01T14:25:24.000Z,
https://www.fantasyguru.com/nfl-draft-guide-welcome-message-2025,nfl-draft-guide-welcome-message-2025,2026-06-01T11:25:18.000Z,
https://www.fantasyguru.com/dolphins-dante-trader-jr-appears-to-top-depth-chart,dolphins-dante-trader-jr-appears-to-top-depth-chart,2026-05-31T22:18:26.000Z,
https://www.fantasyguru.com/steelers-broderick-jones-looking-forward-to-training-camp,steelers-broderick-jones-looking-forward-to-training-camp,2026-05-31T15:18:53.000Z,Training Camp Report
https://www.fantasyguru.com/49ers-two-on-track-for-training-camp,49ers-two-on-track-for-training-camp,2026-05-28T23:18:54.000Z,Training Camp Report
https://www.fantasyguru.com/jets-nyj-having-a-competition-for-backup-qb-spot,jets-nyj-having-a-competition-for-backup-qb-spot,2026-05-28T18:18:31.000Z,QB Analysis
https://www.fantasyguru.com/browns-no-frontrunner-for-qb-job,browns-no-frontrunner-for-qb-job,2026-05-27T23:19:07.000Z,QB Analysis
https://www.fantasyguru.com/nfl-eddie-goldman-works-out-for-the-nyg,nfl-eddie-goldman-works-out-for-the-nyg,2026-05-26T20:19:02.000Z,
https://www.fantasyguru.com/saints-lorenzo-styles-jr-aiming-for-training-camp,saints-lorenzo-styles-jr-aiming-for-training-camp,2026-05-24T22:18:54.000Z,Training Camp Report
https://www.fantasyguru.com/nfl-taysom-hill-could-consider-retirement,nfl-taysom-hill-could-consider-retirement,2026-05-23T19:19:17.000Z,
https://www.fantasyguru.com/49ers-qb-impressed-with-dezhaun-stribling,49ers-qb-impressed-with-dezhaun-stribling,2026-05-23T18:18:51.000Z,QB Analysis
https://www.fantasyguru.com/nfl-tyreek-hill-could-miss-half-the-season,nfl-tyreek-hill-could-miss-half-the-season,2026-05-22T14:18:47.000Z,
https://www.fantasyguru.com/nfl-collin-johnson-announces-retirement-from-the-nfl,nfl-collin-johnson-announces-retirement-from-the-nfl,2026-05-21T18:18:23.000Z,
https://www.fantasyguru.com/post-draft-staff-nfl-rookie-rankings-2026,post-draft-staff-nfl-rookie-rankings-2026,2026-05-21T16:17:00.000Z,Rookie Expectation/Profile
https://www.fantasyguru.com/panthers-dwayne-stukes-joins-coaching-staff,panthers-dwayne-stukes-joins-coaching-staff,2026-05-20T19:19:06.000Z,
https://www.fantasyguru.com/nfl-kyle-van-noy-not-rushing-back,nfl-kyle-van-noy-not-rushing-back,2026-05-20T18:19:21.000Z,
https://www.fantasyguru.com/giants-john-harbaugh-heaps-praise-on-tight-end-room,giants-john-harbaugh-heaps-praise-on-tight-end-room,2026-05-19T00:18:59.000Z,
https://www.fantasyguru.com/tylers-thoughts-barbell-bestball-drafting-in-2026,tylers-thoughts-barbell-bestball-drafting-in-2026,2026-05-18T19:23:15.000Z,Best Ball
https://www.fantasyguru.com/browns-deshaun-watson-jelling-with-new-coaching-staff,browns-deshaun-watson-jelling-with-new-coaching-staff,2026-05-17T22:18:55.000Z,
https://www.fantasyguru.com/nfl-joejuan-williams-retiring,nfl-joejuan-williams-retiring,2026-05-15T22:19:03.000Z,
https://www.fantasyguru.com/wide-receiver-usage-rates-by-personnel-formation-2026,wide-receiver-usage-rates-by-personnel-formation-2026,2026-05-14T21:20:02.000Z,
https://www.fantasyguru.com/2026-player-profile-braxton-garrett,2026-player-profile-braxton-garrett,2026-05-14T17:21:29.000Z,Player Profile (NFL)
https://www.fantasyguru.com/nfl-jaire-alexander-open-to-playing-again,nfl-jaire-alexander-open-to-playing-again,2026-05-13T21:18:57.000Z,
https://www.fantasyguru.com/nfl-jerry-jacobs-retires,nfl-jerry-jacobs-retires,2026-05-12T23:19:02.000Z,
https://www.fantasyguru.com/cardinals-jacoby-brissett-is-ari-starting-quarterback,cardinals-jacoby-brissett-is-ari-starting-quarterback,2026-05-12T22:18:57.000Z,QB Analysis
https://www.fantasyguru.com/nfl-nathan-peterman-looks-good-in-minicamp,nfl-nathan-peterman-looks-good-in-minicamp,2026-05-11T00:18:24.000Z,
https://www.fantasyguru.com/bills-skyler-bell-could-open-no-4-on-depth-chart,bills-skyler-bell-could-open-no-4-on-depth-chart,2026-05-11T00:18:24.000Z,
https://www.fantasyguru.com/nfl-draft-player-profile-jeremiyah-love,nfl-draft-player-profile-jeremiyah-love,2026-05-09T22:35:08.000Z,Player Profile (NFL)
https://www.fantasyguru.com/nfl-draft-player-profile-omar-cooper-jr,nfl-draft-player-profile-omar-cooper-jr,2026-05-09T22:35:08.000Z,Player Profile (NFL)
https://www.fantasyguru.com/nfl-draft-player-profile-shedeur-sanders,nfl-draft-player-profile-shedeur-sanders,2026-05-09T22:35:08.000Z,Player Profile (NFL)
https://www.fantasyguru.com/nfl-draft-player-profile-brashard-smith,nfl-draft-player-profile-brashard-smith,2026-05-09T22:35:08.000Z,Player Profile (NFL)
https://www.fantasyguru.com/nfl-draft-player-profile-cam-ward,nfl-draft-player-profile-cam-ward,2026-05-09T22:35:08.000Z,Player Profile (NFL)
https://www.fantasyguru.com/nfl-draft-player-profile-cam-skattebo,nfl-draft-player-profile-cam-skattebo,2026-05-09T22:35:08.000Z,Player Profile (NFL)
https://www.fantasyguru.com/nfl-draft-player-profile-jarquez-hunter,nfl-draft-player-profile-jarquez-hunter,2026-05-09T22:35:08.000Z,Player Profile (NFL)
https://www.fantasyguru.com/nfl-draft-player-profile-emeka-egbuka,nfl-draft-player-profile-emeka-egbuka,2026-05-09T22:35:08.000Z,Player Profile (NFL)
https://www.fantasyguru.com/nfl-draft-player-profile-colston-loveland,nfl-draft-player-profile-colston-loveland,2026-05-09T22:35:08.000Z,Player Profile (NFL)
https://www.fantasyguru.com/nfl-draft-player-profile-tyler-warren,nfl-draft-player-profile-tyler-warren,2026-05-09T22:35:08.000Z,Player Profile (NFL)
https://www.fantasyguru.com/nfl-draft-player-profile-jaylin-noel,nfl-draft-player-profile-jaylin-noel,2026-05-09T22:35:08.000Z,Player Profile (NFL)
https://www.fantasyguru.com/nfl-draft-player-profile-devin-neal,nfl-draft-player-profile-devin-neal,2026-05-09T22:35:08.000Z,Player Profile (NFL)
https://www.fantasyguru.com/nfl-draft-player-profile-tre-harris,nfl-draft-player-profile-tre-harris,2026-05-09T22:35:08.000Z,Player Profile (NFL)
https://www.fantasyguru.com/nfl-draft-player-profile-jaxson-dart,nfl-draft-player-profile-jaxson-dart,2026-05-09T22:35:08.000Z,Player Profile (NFL)
https://www.fantasyguru.com/nfl-draft-player-profile-treveyon-henderson,nfl-draft-player-profile-treveyon-henderson,2026-05-09T22:35:08.000Z,Player Profile (NFL)
https://www.fantasyguru.com/nfl-draft-player-profile-kaleb-johnson,nfl-draft-player-profile-kaleb-johnson,2026-05-09T22:35:08.000Z,Player Profile (NFL)
https://www.fantasyguru.com/nfl-draft-player-profile-jack-bech,nfl-draft-player-profile-jack-bech,2026-05-09T22:35:08.000Z,Player Profile (NFL)
https://www.fantasyguru.com/nfl-draft-player-profile-tetairoa-mcmillan,nfl-draft-player-profile-tetairoa-mcmillan,2026-05-09T22:35:08.000Z,Player Profile (NFL)
https://www.fantasyguru.com/nfl-draft-player-profile-quinshon-judkins,nfl-draft-player-profile-quinshon-judkins,2026-05-09T22:35:08.000Z,Player Profile (NFL)
https://www.fantasyguru.com/nfl-draft-player-profile-kc-concepcion,nfl-draft-player-profile-kc-concepcion,2026-05-09T22:35:07.000Z,Player Profile (NFL)
https://www.fantasyguru.com/nfl-draft-player-profile-germie-bernard,nfl-draft-player-profile-germie-bernard,2026-05-09T22:34:25.000Z,Player Profile (NFL)
https://www.fantasyguru.com/nfl-draft-player-profile-antonio-williams,nfl-draft-player-profile-antonio-williams,2026-05-09T22:34:25.000Z,Player Profile (NFL)
https://www.fantasyguru.com/nfl-draft-player-profile-jadarian-price,nfl-draft-player-profile-jadarian-price,2026-05-09T22:34:25.000Z,Player Profile (NFL)
https://www.fantasyguru.com/nfl-draft-player-profile-chris-brazzell,nfl-draft-player-profile-chris-brazzell,2026-05-09T22:34:25.000Z,Player Profile (NFL)
https://www.fantasyguru.com/nfl-draft-player-profile-zachariah-branch,nfl-draft-player-profile-zachariah-branch,2026-05-09T22:34:25.000Z,Player Profile (NFL)
https://www.fantasyguru.com/nfl-draft-player-profile-kaytron-allen,nfl-draft-player-profile-kaytron-allen,2026-05-09T22:34:25.000Z,Player Profile (NFL)
https://www.fantasyguru.com/nfl-draft-player-profile-ted-hurst,nfl-draft-player-profile-ted-hurst,2026-05-09T22:34:25.000Z,Player Profile (NFL)
https://www.fantasyguru.com/nfl-draft-player-profile-nicholas-singleton,nfl-draft-player-profile-nicholas-singleton,2026-05-09T22:34:25.000Z,Player Profile (NFL)
https://www.fantasyguru.com/nfl-draft-player-profile-chris-bell,nfl-draft-player-profile-chris-bell,2026-05-09T22:34:25.000Z,Player Profile (NFL)
https://www.fantasyguru.com/nfl-draft-player-profile-makai-lemon,nfl-draft-player-profile-makai-lemon,2026-05-09T22:34:25.000Z,Player Profile (NFL)
https://www.fantasyguru.com/nfl-draft-player-profile-mike-washington,nfl-draft-player-profile-mike-washington,2026-05-09T22:34:25.000Z,Player Profile (NFL)
https://www.fantasyguru.com/nfl-draft-player-profile-jonah-coleman,nfl-draft-player-profile-jonah-coleman,2026-05-09T22:34:25.000Z,Player Profile (NFL)
https://www.fantasyguru.com/nfl-draft-player-profile-malachi-fields,nfl-draft-player-profile-malachi-fields,2026-05-09T22:34:25.000Z,Player Profile (NFL)
https://www.fantasyguru.com/nfl-draft-player-profile-denzel-boston,nfl-draft-player-profile-denzel-boston,2026-05-09T22:34:25.000Z,Player Profile (NFL)
https://www.fantasyguru.com/nfl-draft-player-profile-jordyn-tyson,nfl-draft-player-profile-jordyn-tyson,2026-05-09T22:34:25.000Z,Player Profile (NFL)
https://www.fantasyguru.com/nfl-draft-player-profile-kenyon-sadiq,nfl-draft-player-profile-kenyon-sadiq,2026-05-09T22:34:25.000Z,Player Profile (NFL)
https://www.fantasyguru.com/nfl-draft-player-profile-eli-stowers,nfl-draft-player-profile-eli-stowers,2026-05-09T22:34:24.000Z,Player Profile (NFL)
https://www.fantasyguru.com/nfl-draft-player-profile-fernando-mendoza,nfl-draft-player-profile-fernando-mendoza,2026-05-09T22:34:24.000Z,Player Profile (NFL)
https://www.fantasyguru.com/2026-post-draft-idp-nfl-rookie-rankings,2026-post-draft-idp-nfl-rookie-rankings,2026-05-09T22:30:36.000Z,Rookie Expectation/Profile
https://www.fantasyguru.com/nfl-cooper-rush-invited-to-tryout-for-vikings,nfl-cooper-rush-invited-to-tryout-for-vikings,2026-05-09T01:19:18.000Z,
https://www.fantasyguru.com/nfl-taylor-heinicke-retires,nfl-taylor-heinicke-retires,2026-05-09T01:19:17.000Z,
https://www.fantasyguru.com/steelers-two-tight-ends-officially-signed,steelers-two-tight-ends-officially-signed,2026-05-08T21:18:55.000Z,
https://www.fantasyguru.com/dynasty-ratings-update-5-5-26,dynasty-ratings-update-5-5-26,2026-05-07T22:52:48.000Z,Dynasty
https://www.fantasyguru.com/nfl-stefon-diggs-found-not-guilty,nfl-stefon-diggs-found-not-guilty,2026-05-05T21:18:40.000Z,
https://www.fantasyguru.com/nfl-ljarius-sneeds-charges-dismissed,nfl-ljarius-sneeds-charges-dismissed,2026-05-05T16:18:21.000Z,
https://www.fantasyguru.com/cowboys-two-tight-ends-making-good-impression,cowboys-two-tight-ends-making-good-impression,2026-05-04T01:18:39.000Z,
https://www.fantasyguru.com/nfl-brendan-sorsby-could-become-supplemental-draft-candidate,nfl-brendan-sorsby-could-become-supplemental-draft-candidate,2026-05-03T15:18:37.000Z,
https://www.fantasyguru.com/nfl-pj-walker-retiring,nfl-pj-walker-retiring,2026-05-02T19:18:54.000Z,
https://www.fantasyguru.com/nfl-von-miller-wants-to-join-buf-or-den,nfl-von-miller-wants-to-join-buf-or-den,2026-05-02T18:18:41.000Z,
https://www.fantasyguru.com/jeff-mans-dynasty-rookie-rankings-2026,jeff-mans-dynasty-rookie-rankings-2026,2026-05-02T13:51:40.000Z,Rookie Expectation/Profile
https://www.fantasyguru.com/nfl-russell-wilson-close-to-shifting-to-tv,nfl-russell-wilson-close-to-shifting-to-tv,2026-05-01T16:18:51.000Z,
https://www.fantasyguru.com/nfl-austin-ekeler-medically-cleared,nfl-austin-ekeler-medically-cleared,2026-04-30T21:18:31.000Z,
https://www.fantasyguru.com/dynasty-ratings-update-4-30-26,dynasty-ratings-update-4-30-26,2026-04-30T19:41:39.000Z,Dynasty
https://www.fantasyguru.com/nfl-two-teams-interested-in-kajiya-hollawayne,nfl-two-teams-interested-in-kajiya-hollawayne,2026-04-29T23:18:51.000Z,
https://www.fantasyguru.com/nfl-jaleel-johnson-retiring,nfl-jaleel-johnson-retiring,2026-04-29T21:18:52.000Z,
https://www.fantasyguru.com/nfl-two-interested-in-johnny-pascuzzi,nfl-two-interested-in-johnny-pascuzzi,2026-04-29T20:18:21.000Z,
https://www.fantasyguru.com/nfl-two-teams-interested-in-gavin-wimsatt,nfl-two-teams-interested-in-gavin-wimsatt,2026-04-29T19:19:17.000Z,
https://www.fantasyguru.com/nfl-matt-henry-invited-to-two-minicamps,nfl-matt-henry-invited-to-two-minicamps,2026-04-29T19:19:16.000Z,
https://www.fantasyguru.com/nfl-maverick-mcivor-to-take-part-in-two-minicamps,nfl-maverick-mcivor-to-take-part-in-two-minicamps,2026-04-29T17:18:46.000Z,
https://www.fantasyguru.com/nfl-two-afc-south-teams-interested-in-derek-robertson,nfl-two-afc-south-teams-interested-in-derek-robertson,2026-04-29T17:18:46.000Z,
https://www.fantasyguru.com/nfl-cole-hutson-to-attend-minicamps,nfl-cole-hutson-to-attend-minicamps,2026-04-28T23:18:51.000Z,
https://www.fantasyguru.com/nfl-nikko-taylor-attending-two-minicamps,nfl-nikko-taylor-attending-two-minicamps,2026-04-28T22:18:43.000Z,
https://www.fantasyguru.com/nfl-teams-interested-in-javin-whatley,nfl-teams-interested-in-javin-whatley,2026-04-27T18:18:26.000Z,
https://www.fantasyguru.com/nfl-two-minicamp-invitations-for-jonathan-brady,nfl-two-minicamp-invitations-for-jonathan-brady,2026-04-27T18:18:25.000Z,
https://www.fantasyguru.com/nfl-tommy-castellanos-to-take-part-in-two-minicamps,nfl-tommy-castellanos-to-take-part-in-two-minicamps,2026-04-26T17:18:41.000Z,
https://www.fantasyguru.com/ravens-baltimore-adds-to-offensive-line,ravens-baltimore-adds-to-offensive-line,2026-04-24T02:18:24.000Z,Offensive Line Breakdown
https://www.fantasyguru.com/nfl-dillon-thieneman-expects-to-go-early,nfl-dillon-thieneman-expects-to-go-early,2026-04-23T22:18:44.000Z,
https://www.fantasyguru.com/nfl-kc-concepcion-should-be-fine-for-minicamp,nfl-kc-concepcion-should-be-fine-for-minicamp,2026-04-23T21:19:08.000Z,
https://www.fantasyguru.com/nfl-two-teams-showed-interest-in-jacob-rodriguez,nfl-two-teams-showed-interest-in-jacob-rodriguez,2026-04-23T21:19:08.000Z,
https://www.fantasyguru.com/jets-nyj-have-done-a-lot-of-work-on-qb-ty-simpson,jets-nyj-have-done-a-lot-of-work-on-qb-ty-simpson,2026-04-23T20:18:23.000Z,QB Analysis
https://www.fantasyguru.com/texans-qb-coach-met-with-kyron-drones,texans-qb-coach-met-with-kyron-drones,2026-04-23T20:18:23.000Z,QB Analysis
https://www.fantasyguru.com/nfl-kyron-drones-had-several-virtual-meetings,nfl-kyron-drones-had-several-virtual-meetings,2026-04-23T20:18:22.000Z,
https://www.fantasyguru.com/nfl-concerns-about-francis-mauigoa,nfl-concerns-about-francis-mauigoa,2026-04-23T02:18:40.000Z,
https://www.fantasyguru.com/nfl-teams-willing-to-trade-up-for-arvell-reese,nfl-teams-willing-to-trade-up-for-arvell-reese,2026-04-23T01:18:40.000Z,
https://www.fantasyguru.com/nfl-carson-becks-stock-rising,nfl-carson-becks-stock-rising,2026-04-23T01:18:39.000Z,
https://www.fantasyguru.com/nfl-chris-bell-ahead-of-schedule,nfl-chris-bell-ahead-of-schedule,2026-04-22T20:19:14.000Z,
https://www.fantasyguru.com/nfl-shane-lemieux-retires,nfl-shane-lemieux-retires,2026-04-22T19:18:57.000Z,
https://www.fantasyguru.com/nfl-caleb-jones-should-be-cleared-by-june,nfl-caleb-jones-should-be-cleared-by-june,2026-04-22T18:18:44.000Z,
https://www.fantasyguru.com/falcons-athan-kaliakmanis-talks-with-qb-coach,falcons-athan-kaliakmanis-talks-with-qb-coach,2026-04-22T17:19:01.000Z,QB Analysis
https://www.fantasyguru.com/tylers-thoughts-2026-nfl-mock-draft,tylers-thoughts-2026-nfl-mock-draft,2026-04-21T18:58:34.000Z,Mock Draft
https://www.fantasyguru.com/colts-shane-steichen-believes-daniel-jones-will-be-ready-for-training-camp,colts-shane-steichen-believes-daniel-jones-will-be-ready-for-training-camp,2026-04-21T18:18:23.000Z,Training Camp Report
https://www.fantasyguru.com/nfl-jermod-mccoy-may-need-another-surgery,nfl-jermod-mccoy-may-need-another-surgery,2026-04-21T18:18:22.000Z,
https://www.fantasyguru.com/nfl-ty-simpson-could-fall-out-of-round-1,nfl-ty-simpson-could-fall-out-of-round-1,2026-04-21T15:18:39.000Z,
https://www.fantasyguru.com/dolphins-mia-open-to-adding-a-qb-later-in-draft,dolphins-mia-open-to-adding-a-qb-later-in-draft,2026-04-21T02:18:23.000Z,QB Analysis
https://www.fantasyguru.com/giants-nyg-eyeing-offensive-line-options-at-no-10,giants-nyg-eyeing-offensive-line-options-at-no-10,2026-04-21T00:18:21.000Z,Offensive Line Breakdown
https://www.fantasyguru.com/nfl-eric-mcalister-should-be-ready-for-season,nfl-eric-mcalister-should-be-ready-for-season,2026-04-20T22:18:43.000Z,
https://www.fantasyguru.com/nfl-jager-burton-receives-interest,nfl-jager-burton-receives-interest,2026-04-20T19:18:50.000Z,
https://www.fantasyguru.com/nfl-francis-mauigoa-injury-update,nfl-francis-mauigoa-injury-update,2026-04-20T19:18:50.000Z,
https://www.fantasyguru.com/nfl-jimmy-garoppolo-unsure-about-future,nfl-jimmy-garoppolo-unsure-about-future,2026-04-20T18:19:00.000Z,
https://www.fantasyguru.com/nfl-garrett-nussmeier-receives-some-answers,nfl-garrett-nussmeier-receives-some-answers,2026-04-20T15:19:01.000Z,
https://www.fantasyguru.com/nfl-david-bailey-meets-with-several-teams,nfl-david-bailey-meets-with-several-teams,2026-04-19T22:18:26.000Z,
https://www.fantasyguru.com/nfl-tacario-davis-was-banged-up-in-2025,nfl-tacario-davis-was-banged-up-in-2025,2026-04-19T21:19:17.000Z,
https://www.fantasyguru.com/nfl-jack-kelly-gets-his-shoulder-checked,nfl-jack-kelly-gets-his-shoulder-checked,2026-04-19T21:19:16.000Z,
https://www.fantasyguru.com/nfl-draft-prospect-oscar-delp-medically-cleared,nfl-draft-prospect-oscar-delp-medically-cleared,2026-04-19T20:18:55.000Z,
https://www.fantasyguru.com/nfl-zachariah-branch-arrested-week-before-draft,nfl-zachariah-branch-arrested-week-before-draft,2026-04-19T18:18:53.000Z,
https://www.fantasyguru.com/bills-dewayne-carter-eyeing-training-camp-return,bills-dewayne-carter-eyeing-training-camp-return,2026-04-19T14:19:19.000Z,Training Camp Report
https://www.fantasyguru.com/nfl-cole-payton-notching-several-visits,nfl-cole-payton-notching-several-visits,2026-04-18T19:18:23.000Z,
https://www.fantasyguru.com/nfl-max-klare-met-with-several-teams,nfl-max-klare-met-with-several-teams,2026-04-18T17:18:58.000Z,
https://www.fantasyguru.com/nfl-c-j-allen-talks-with-several-teams,nfl-c-j-allen-talks-with-several-teams,2026-04-18T16:18:44.000Z,
https://www.fantasyguru.com/nfl-connor-lew-on-track-for-camp,nfl-connor-lew-on-track-for-camp,2026-04-18T15:18:53.000Z,
https://www.fantasyguru.com/nfl-rene-konga-talks-with-two-teams,nfl-rene-konga-talks-with-two-teams,2026-04-18T14:18:54.000Z,
https://www.fantasyguru.com/nfl-kayden-mcdonald-the-top-dt,nfl-kayden-mcdonald-the-top-dt,2026-04-18T01:19:02.000Z,
https://www.fantasyguru.com/nfl-buzz-building-for-chase-bisontis,nfl-buzz-building-for-chase-bisontis,2026-04-18T01:19:02.000Z,
https://www.fantasyguru.com/nfl-malachi-lawrence-moving-up-boards,nfl-malachi-lawrence-moving-up-boards,2026-04-18T01:19:01.000Z,
https://www.fantasyguru.com/nfl-skyler-thomas-talks-with-teams,nfl-skyler-thomas-talks-with-teams,2026-04-17T21:18:24.000Z,
https://www.fantasyguru.com/nfl-teams-interested-in-nyjalik-kelly,nfl-teams-interested-in-nyjalik-kelly,2026-04-17T20:18:59.000Z,
https://www.fantasyguru.com/steelers-pittsburgh-not-poised-to-draft-a-qb-in-round-1,steelers-pittsburgh-not-poised-to-draft-a-qb-in-round-1,2026-04-17T18:18:31.000Z,QB Analysis
https://www.fantasyguru.com/nfl-18-teams-expected-at-jordyn-tysons-pro-day,nfl-18-teams-expected-at-jordyn-tysons-pro-day,2026-04-17T17:18:21.000Z,
https://www.fantasyguru.com/nfl-treydan-stukes-rising-ahead-of-draft,nfl-treydan-stukes-rising-ahead-of-draft,2026-04-17T02:19:07.000Z,
https://www.fantasyguru.com/nfl-nick-singleton-cleared-to-run,nfl-nick-singleton-cleared-to-run,2026-04-17T01:18:23.000Z,
https://www.fantasyguru.com/nfl-significant-interest-in-malachi-lawrence,nfl-significant-interest-in-malachi-lawrence,2026-04-16T21:19:05.000Z,
https://www.fantasyguru.com/nfl-several-teams-interested-in-louis-moore,nfl-several-teams-interested-in-louis-moore,2026-04-16T20:18:50.000Z,
https://www.fantasyguru.com/nfl-kc-concepcion-visited-two-teams-before-deadline,nfl-kc-concepcion-visited-two-teams-before-deadline,2026-04-16T18:18:24.000Z,
https://www.fantasyguru.com/nfl-josh-cameron-will-be-ready,nfl-josh-cameron-will-be-ready,2026-04-16T16:18:21.000Z,
https://www.fantasyguru.com/dynasty-ratings-update-4-15-26,dynasty-ratings-update-4-15-26,2026-04-16T06:11:58.000Z,Dynasty
https://www.fantasyguru.com/nfl-kaleb-elarms-orr-has-risen-up-boards,nfl-kaleb-elarms-orr-has-risen-up-boards,2026-04-16T02:19:08.000Z,
https://www.fantasyguru.com/nfl-kaleb-elarms-orr-has-plenty-of-fans,nfl-kaleb-elarms-orr-has-plenty-of-fans,2026-04-16T02:19:07.000Z,
https://www.fantasyguru.com/dolphins-miami-meets-with-two-qb-prospects,dolphins-miami-meets-with-two-qb-prospects,2026-04-15T22:18:23.000Z,QB Analysis
https://www.fantasyguru.com/nfl-tommy-castellanos-could-change-positions,nfl-tommy-castellanos-could-change-positions,2026-04-15T21:18:23.000Z,
https://www.fantasyguru.com/nfl-jack-strand-meets-with-two-teams,nfl-jack-strand-meets-with-two-teams,2026-04-15T21:18:21.000Z,
https://www.fantasyguru.com/nfl-multiple-visits-for-chris-mcclellan,nfl-multiple-visits-for-chris-mcclellan,2026-04-15T20:19:01.000Z,
https://www.fantasyguru.com/nfl-skyler-thomas-meets-with-two-teams,nfl-skyler-thomas-meets-with-two-teams,2026-04-15T20:19:01.000Z,
https://www.fantasyguru.com/nfl-markel-bell-meets-with-two-teams,nfl-markel-bell-meets-with-two-teams,2026-04-15T20:18:59.000Z,
https://www.fantasyguru.com/nfl-caleb-lomu-receives-serious-interest,nfl-caleb-lomu-receives-serious-interest,2026-04-15T19:19:06.000Z,
https://www.fantasyguru.com/nfl-several-teams-interested-in-monroe-freeling,nfl-several-teams-interested-in-monroe-freeling,2026-04-15T18:19:07.000Z,
https://www.fantasyguru.com/nfl-kadyn-proctor-met-with-several-teams,nfl-kadyn-proctor-met-with-several-teams,2026-04-15T18:19:07.000Z,
https://www.fantasyguru.com/nfl-colton-hood-had-several-visits-before-draft,nfl-colton-hood-had-several-visits-before-draft,2026-04-15T18:19:06.000Z,
https://www.fantasyguru.com/nfl-c-j-allen-impresses,nfl-c-j-allen-impresses,2026-04-15T15:18:50.000Z,
https://www.fantasyguru.com/nfl-alan-herron-gaining-interest-from-several-teams,nfl-alan-herron-gaining-interest-from-several-teams,2026-04-14T22:18:53.000Z,
https://www.fantasyguru.com/nfl-malcolm-dewalt-iv-garnering-interest,nfl-malcolm-dewalt-iv-garnering-interest,2026-04-14T21:18:46.000Z,
https://www.fantasyguru.com/nfl-ethan-sanchez-attends-falcons-local-pro-day,nfl-ethan-sanchez-attends-falcons-local-pro-day,2026-04-14T21:18:46.000Z,
https://www.fantasyguru.com/nfl-drew-allar-completes-visit-with-arizona,nfl-drew-allar-completes-visit-with-arizona,2026-04-14T20:19:01.000Z,
https://www.fantasyguru.com/nfl-garrett-nussmeier-completing-several-workouts,nfl-garrett-nussmeier-completing-several-workouts,2026-04-14T20:19:00.000Z,
https://www.fantasyguru.com/nfl-zion-young-visiting-with-miami,nfl-zion-young-visiting-with-miami,2026-04-14T19:18:58.000Z,
https://www.fantasyguru.com/nfl-lee-hunter-visiting-with-the-nyg,nfl-lee-hunter-visiting-with-the-nyg,2026-04-14T19:18:57.000Z,
https://www.fantasyguru.com/nfl-jeremiah-wright-visiting-new-orleans,nfl-jeremiah-wright-visiting-new-orleans,2026-04-14T18:18:50.000Z,
https://www.fantasyguru.com/nfl-josiah-trotter-being-hosted-by-tampa-bay,nfl-josiah-trotter-being-hosted-by-tampa-bay,2026-04-14T18:18:50.000Z,
https://www.fantasyguru.com/nfl-beau-stephens-completes-several-visits,nfl-beau-stephens-completes-several-visits,2026-04-14T17:19:12.000Z,
https://www.fantasyguru.com/nfl-more-visits-for-rene-konga-lined-up,nfl-more-visits-for-rene-konga-lined-up,2026-04-14T00:18:36.000Z,
https://www.fantasyguru.com/nfl-cian-slone-receiving-interest,nfl-cian-slone-receiving-interest,2026-04-13T22:18:55.000Z,
https://www.fantasyguru.com/nfl-chris-brazzell-has-three-meetings,nfl-chris-brazzell-has-three-meetings,2026-04-13T21:18:23.000Z,
https://www.fantasyguru.com/nfl-mansoor-delane-to-meet-with-two-afc-north-teams,nfl-mansoor-delane-to-meet-with-two-afc-north-teams,2026-04-13T20:19:00.000Z,
https://www.fantasyguru.com/patriots-new-england-meets-with-two-qb-prospects,patriots-new-england-meets-with-two-qb-prospects,2026-04-13T19:18:58.000Z,QB Analysis
https://www.fantasyguru.com/nfl-noah-whittington-to-work-out-for-teams,nfl-noah-whittington-to-work-out-for-teams,2026-04-13T19:18:58.000Z,
https://www.fantasyguru.com/nfl-zach-ertz-looking-to-play,nfl-zach-ertz-looking-to-play,2026-04-13T18:19:00.000Z,
https://www.fantasyguru.com/nfl-tyler-onyedim-meets-with-teams,nfl-tyler-onyedim-meets-with-teams,2026-04-13T18:19:00.000Z,
https://www.fantasyguru.com/nfl-two-teams-interested-in-louis-moore,nfl-two-teams-interested-in-louis-moore,2026-04-13T18:19:00.000Z,
https://www.fantasyguru.com/nfl-taylen-green-receiving-interest,nfl-taylen-green-receiving-interest,2026-04-13T17:18:52.000Z,
https://www.fantasyguru.com/raiders-veteran-qb-better-for-brock-bowers,raiders-veteran-qb-better-for-brock-bowers,2026-04-12T21:18:53.000Z,QB Analysis
https://www.fantasyguru.com/nfl-monroe-freeling-rising-on-draft-boards,nfl-monroe-freeling-rising-on-draft-boards,2026-04-12T18:19:11.000Z,
https://www.fantasyguru.com/nfl-dillon-thieneman-turns-heads-in-draft-process,nfl-dillon-thieneman-turns-heads-in-draft-process,2026-04-12T18:19:11.000Z,
https://www.fantasyguru.com/nfl-max-iheanachor-likely-into-day-2-territory,nfl-max-iheanachor-likely-into-day-2-territory,2026-04-12T18:19:10.000Z,
https://www.fantasyguru.com/nfl-ted-hurst-might-be-considered-on-day-2,nfl-ted-hurst-might-be-considered-on-day-2,2026-04-12T18:19:09.000Z,
https://www.fantasyguru.com/nfl-jeff-caldwell-rising-heading-into-draft-day,nfl-jeff-caldwell-rising-heading-into-draft-day,2026-04-12T18:19:08.000Z,
https://www.fantasyguru.com/nfl-eric-gentry-getting-day-3-consideration,nfl-eric-gentry-getting-day-3-consideration,2026-04-12T18:19:08.000Z,
https://www.fantasyguru.com/nfl-barika-kpeenu-could-sneak-onto-nfl-roster,nfl-barika-kpeenu-could-sneak-onto-nfl-roster,2026-04-12T18:19:07.000Z,
https://www.fantasyguru.com/nfl-wesley-williams-attracting-plenty-of-interest,nfl-wesley-williams-attracting-plenty-of-interest,2026-04-12T16:18:44.000Z,
https://www.fantasyguru.com/nfl-malachi-lawrence-attracting-lots-of-interest,nfl-malachi-lawrence-attracting-lots-of-interest,2026-04-12T15:18:51.000Z,
https://www.fantasyguru.com/nfl-five-teams-interested-in-jmari-taylor,nfl-five-teams-interested-in-jmari-taylor,2026-04-12T15:18:51.000Z,
https://www.fantasyguru.com/nfl-multiple-teams-interested-in-zachariah-branch,nfl-multiple-teams-interested-in-zachariah-branch,2026-04-12T15:18:50.000Z,
https://www.fantasyguru.com/nfl-domonique-orange-generating-plenty-of-interest,nfl-domonique-orange-generating-plenty-of-interest,2026-04-12T15:18:50.000Z,
https://www.fantasyguru.com/nfl-michael-heldman-attracting-interest-from-two-clubs,nfl-michael-heldman-attracting-interest-from-two-clubs,2026-04-12T14:18:24.000Z,
https://www.fantasyguru.com/nfl-jacob-rodriguez-has-plenty-of-fans,nfl-jacob-rodriguez-has-plenty-of-fans,2026-04-12T01:19:07.000Z,
https://www.fantasyguru.com/nfl-omar-cooper-jr-climbing-receiver-ranks,nfl-omar-cooper-jr-climbing-receiver-ranks,2026-04-12T01:19:06.000Z,
https://www.fantasyguru.com/nfl-rene-konga-to-visit-with-mia,nfl-rene-konga-to-visit-with-mia,2026-04-11T18:18:52.000Z,
https://www.fantasyguru.com/nfl-cole-wisniewski-meets-with-five-teams,nfl-cole-wisniewski-meets-with-five-teams,2026-04-11T14:18:24.000Z,
https://www.fantasyguru.com/nfl-cash-jones-works-out-for-teams,nfl-cash-jones-works-out-for-teams,2026-04-11T14:18:24.000Z,
https://www.fantasyguru.com/nfl-several-teams-interested-in-emmett-johnson,nfl-several-teams-interested-in-emmett-johnson,2026-04-11T13:18:47.000Z,
https://www.fantasyguru.com/texans-offensive-line-a-priority-for-houston,texans-offensive-line-a-priority-for-houston,2026-04-11T01:18:23.000Z,Offensive Line Breakdown
https://www.fantasyguru.com/nfl-jadarian-price-the-no-2-back,nfl-jadarian-price-the-no-2-back,2026-04-11T01:18:21.000Z,
https://www.fantasyguru.com/nfl-caleb-douglas-has-worked-out-for-teams,nfl-caleb-douglas-has-worked-out-for-teams,2026-04-10T22:19:06.000Z,
https://www.fantasyguru.com/nfl-more-visits-for-chase-bisontis,nfl-more-visits-for-chase-bisontis,2026-04-10T20:18:21.000Z,
https://www.fantasyguru.com/nfl-jacob-rodriguez-set-to-visit-with-cincinnati,nfl-jacob-rodriguez-set-to-visit-with-cincinnati,2026-04-10T18:19:01.000Z,
https://www.fantasyguru.com/nfl-caleb-douglas-schedules-visits,nfl-caleb-douglas-schedules-visits,2026-04-10T18:18:59.000Z,
https://www.fantasyguru.com/nfl-kc-concepcion-visiting-buffalo,nfl-kc-concepcion-visiting-buffalo,2026-04-10T17:19:01.000Z,
https://www.fantasyguru.com/nfl-jalen-huskey-meets-with-teams,nfl-jalen-huskey-meets-with-teams,2026-04-09T21:19:15.000Z,
https://www.fantasyguru.com/nfl-several-teams-interested-in-ahmaad-moses,nfl-several-teams-interested-in-ahmaad-moses,2026-04-09T21:19:15.000Z,
https://www.fantasyguru.com/nfl-treydan-stukes-lines-up-more-visits,nfl-treydan-stukes-lines-up-more-visits,2026-04-09T20:18:52.000Z,
https://www.fantasyguru.com/nfl-jordyn-tyson-set-for-workout,nfl-jordyn-tyson-set-for-workout,2026-04-09T20:18:51.000Z,
https://www.fantasyguru.com/nfl-two-visits-for-dezhaun-stribling,nfl-two-visits-for-dezhaun-stribling,2026-04-09T20:18:51.000Z,
https://www.fantasyguru.com/nfl-jake-golday-set-to-visit-minnesota,nfl-jake-golday-set-to-visit-minnesota,2026-04-09T19:18:51.000Z,
https://www.fantasyguru.com/nfl-dezhaun-stribling-visiting-minnesota,nfl-dezhaun-stribling-visiting-minnesota,2026-04-09T18:19:04.000Z,
https://www.fantasyguru.com/nfl-francis-mauigoa-cleared-medically,nfl-francis-mauigoa-cleared-medically,2026-04-09T18:19:04.000Z,
https://www.fantasyguru.com/nfl-justin-joly-visiting-with-carolina,nfl-justin-joly-visiting-with-carolina,2026-04-09T18:19:03.000Z,
https://www.fantasyguru.com/dynasty-ratings-update-4-8,dynasty-ratings-update-4-8,2026-04-09T03:34:29.000Z,Dynasty
https://www.fantasyguru.com/ravens-baltimore-checking-out-offensive-linemen,ravens-baltimore-checking-out-offensive-linemen,2026-04-09T02:18:58.000Z,Offensive Line Breakdown
https://www.fantasyguru.com/nfl-makai-lemon-has-doubters,nfl-makai-lemon-has-doubters,2026-04-09T02:18:56.000Z,
https://www.fantasyguru.com/nfl-micah-morris-could-slide-in-draft,nfl-micah-morris-could-slide-in-draft,2026-04-09T01:18:53.000Z,
https://www.fantasyguru.com/nfl-avieon-terrell-a-slot-corner,nfl-avieon-terrell-a-slot-corner,2026-04-09T01:18:53.000Z,
https://www.fantasyguru.com/nfl-high-ceiling-for-drew-allar,nfl-high-ceiling-for-drew-allar,2026-04-09T01:18:52.000Z,
https://www.fantasyguru.com/nfl-patience-required-with-monroe-freeling,nfl-patience-required-with-monroe-freeling,2026-04-09T01:18:52.000Z,
https://www.fantasyguru.com/nfl-alabama-prepared-ty-simpson,nfl-alabama-prepared-ty-simpson,2026-04-09T00:18:51.000Z,
https://www.fantasyguru.com/nfl-arm-length-an-issue-with-rueben-bain-jr,nfl-arm-length-an-issue-with-rueben-bain-jr,2026-04-09T00:18:51.000Z,
https://www.fantasyguru.com/nfl-jude-bowry-to-meet-with-two-teams,nfl-jude-bowry-to-meet-with-two-teams,2026-04-08T23:18:49.000Z,
https://www.fantasyguru.com/nfl-two-more-visits-for-emmanuel-mcneil-warren,nfl-two-more-visits-for-emmanuel-mcneil-warren,2026-04-08T22:19:00.000Z,
https://www.fantasyguru.com/nfl-francis-mauigoa-to-attend-medical-recheck,nfl-francis-mauigoa-to-attend-medical-recheck,2026-04-08T22:18:59.000Z,
https://www.fantasyguru.com/nfl-multiple-teams-interested-in-jalon-kilgore,nfl-multiple-teams-interested-in-jalon-kilgore,2026-04-08T22:18:59.000Z,
https://www.fantasyguru.com/nfl-two-visits-set-for-karon-prunty,nfl-two-visits-set-for-karon-prunty,2026-04-08T21:19:06.000Z,
https://www.fantasyguru.com/nfl-alan-herron-receiving-interest,nfl-alan-herron-receiving-interest,2026-04-08T20:18:52.000Z,
https://www.fantasyguru.com/nfl-two-visits-for-nick-barnett,nfl-two-visits-for-nick-barnett,2026-04-08T19:18:30.000Z,
https://www.fantasyguru.com/nfl-pittsburgh-meets-with-two-defensive-prospects,nfl-pittsburgh-meets-with-two-defensive-prospects,2026-04-08T19:18:30.000Z,
https://www.fantasyguru.com/nfl-chris-bell-set-for-two-visits,nfl-chris-bell-set-for-two-visits,2026-04-08T19:18:29.000Z,
https://www.fantasyguru.com/nfl-zachariah-branch-to-meet-with-two-teams,nfl-zachariah-branch-to-meet-with-two-teams,2026-04-08T19:18:29.000Z,
https://www.fantasyguru.com/nfl-eli-stowers-has-meet-with-two-teams,nfl-eli-stowers-has-meet-with-two-teams,2026-04-08T19:18:29.000Z,
https://www.fantasyguru.com/nfl-eli-stowers-to-change-positions,nfl-eli-stowers-to-change-positions,2026-04-08T19:18:28.000Z,
https://www.fantasyguru.com/nfl-two-visits-scheduled-for-jalen-hunt,nfl-two-visits-scheduled-for-jalen-hunt,2026-04-08T18:19:15.000Z,
https://www.fantasyguru.com/nfl-febechi-nwaiwu-meets-with-two-teams,nfl-febechi-nwaiwu-meets-with-two-teams,2026-04-08T18:19:14.000Z,
https://www.fantasyguru.com/nfl-kaelon-black-to-visit-10-teams,nfl-kaelon-black-to-visit-10-teams,2026-04-08T15:18:58.000Z,
https://www.fantasyguru.com/nfl-hou-bringing-in-miles-kitselman-for-visit,nfl-hou-bringing-in-miles-kitselman-for-visit,2026-04-07T22:18:23.000Z,
https://www.fantasyguru.com/nfl-drey-norwood-invited-to-kc-local-prospect-day,nfl-drey-norwood-invited-to-kc-local-prospect-day,2026-04-07T22:18:23.000Z,
https://www.fantasyguru.com/nfl-christen-miller-drawing-wide-interest-from-nfl-teams,nfl-christen-miller-drawing-wide-interest-from-nfl-teams,2026-04-07T21:19:04.000Z,
https://www.fantasyguru.com/nfl-several-teams-meet-with-parker-robertson,nfl-several-teams-meet-with-parker-robertson,2026-04-07T21:19:03.000Z,
https://www.fantasyguru.com/nfl-aamil-wagner-meets-with-several-teams,nfl-aamil-wagner-meets-with-several-teams,2026-04-07T20:18:23.000Z,
https://www.fantasyguru.com/nfl-devon-marshall-drawing-interest-from-many-teams,nfl-devon-marshall-drawing-interest-from-many-teams,2026-04-07T20:18:22.000Z,
https://www.fantasyguru.com/nfl-fernando-mendoza-will-not-attend-the-nfl-draft,nfl-fernando-mendoza-will-not-attend-the-nfl-draft,2026-04-07T18:19:10.000Z,
https://www.fantasyguru.com/nfl-carnell-tate-set-to-visit-new-orleans,nfl-carnell-tate-set-to-visit-new-orleans,2026-04-07T18:19:09.000Z,
https://www.fantasyguru.com/giants-malik-nabers-to-miss-start-of-training-camp,giants-malik-nabers-to-miss-start-of-training-camp,2026-04-07T18:19:07.000Z,Training Camp Report
https://www.fantasyguru.com/nfl-three-visits-for-treydan-stukes,nfl-three-visits-for-treydan-stukes,2026-04-06T20:19:01.000Z,
https://www.fantasyguru.com/nfl-several-teams-interested-in-mason-reiger,nfl-several-teams-interested-in-mason-reiger,2026-04-06T01:18:54.000Z,
https://www.fantasyguru.com/nfl-skyler-bell-draws-lofty-comparison-from-analyst,nfl-skyler-bell-draws-lofty-comparison-from-analyst,2026-04-05T21:18:49.000Z,
https://www.fantasyguru.com/nfl-reggie-virgil-working-out-with-nfl-star,nfl-reggie-virgil-working-out-with-nfl-star,2026-04-05T21:18:48.000Z,
https://www.fantasyguru.com/nfl-aj-haulcy-scheduled-to-visit-baltimore,nfl-aj-haulcy-scheduled-to-visit-baltimore,2026-04-05T19:18:53.000Z,
https://www.fantasyguru.com/nfl-uar-bernard-garnering-plenty-of-interest,nfl-uar-bernard-garnering-plenty-of-interest,2026-04-05T19:18:53.000Z,
https://www.fantasyguru.com/lions-coaching-staff-high-on-isaac-teslaa,lions-coaching-staff-high-on-isaac-teslaa,2026-04-05T18:19:05.000Z,
https://www.fantasyguru.com/nfl-caden-barrett-impressive-at-pro-day,nfl-caden-barrett-impressive-at-pro-day,2026-04-05T18:19:04.000Z,
https://www.fantasyguru.com/nfl-multiple-teams-interested-in-emmanuel-mcneil-warren,nfl-multiple-teams-interested-in-emmanuel-mcneil-warren,2026-04-05T15:18:54.000Z,
https://www.fantasyguru.com/nfl-several-teams-interested-in-dezhaun-stribling,nfl-several-teams-interested-in-dezhaun-stribling,2026-04-05T15:18:54.000Z,
https://www.fantasyguru.com/nfl-eli-stowers-a-first-round-pick,nfl-eli-stowers-a-first-round-pick,2026-04-05T02:18:50.000Z,
https://www.fantasyguru.com/nfl-two-more-visits-for-jimmy-rolder,nfl-two-more-visits-for-jimmy-rolder,2026-04-04T22:18:44.000Z,
https://www.fantasyguru.com/nfl-makai-lemon-completes-visit-with-kansas-city,nfl-makai-lemon-completes-visit-with-kansas-city,2026-04-04T20:18:54.000Z,
https://www.fantasyguru.com/nfl-max-klare-completes-visit-with-denver,nfl-max-klare-completes-visit-with-denver,2026-04-04T18:19:05.000Z,
https://www.fantasyguru.com/nfl-ted-hurst-has-two-visits-scheduled,nfl-ted-hurst-has-two-visits-scheduled,2026-04-04T18:19:04.000Z,
https://www.fantasyguru.com/nfl-makai-lemon-to-visit-two-more-teams,nfl-makai-lemon-to-visit-two-more-teams,2026-04-04T16:18:51.000Z,
https://www.fantasyguru.com/nfl-mike-washington-jr-slated-to-meet-with-three-teams,nfl-mike-washington-jr-slated-to-meet-with-three-teams,2026-04-04T15:19:13.000Z,
https://www.fantasyguru.com/nfl-caleb-banks-attracting-plenty-of-interest,nfl-caleb-banks-attracting-plenty-of-interest,2026-04-04T15:19:13.000Z,
https://www.fantasyguru.com/nfl-jermod-mccoy-boosts-stock,nfl-jermod-mccoy-boosts-stock,2026-04-04T01:19:21.000Z,
https://www.fantasyguru.com/nfl-jordyn-tysons-stock-slipping,nfl-jordyn-tysons-stock-slipping,2026-04-04T01:19:21.000Z,
https://www.fantasyguru.com/nfl-trey-zuhn-iii-could-move-to-center,nfl-trey-zuhn-iii-could-move-to-center,2026-04-04T01:19:20.000Z,
https://www.fantasyguru.com/nfl-nick-barrett-should-have-a-role-in-nfl,nfl-nick-barrett-should-have-a-role-in-nfl,2026-04-04T01:19:20.000Z,
https://www.fantasyguru.com/nfl-two-nfc-teams-interested-in-reggie-virgil,nfl-two-nfc-teams-interested-in-reggie-virgil,2026-04-03T21:18:40.000Z,
https://www.fantasyguru.com/nfl-kaleb-elarms-orr-to-visit-several-teams,nfl-kaleb-elarms-orr-to-visit-several-teams,2026-04-03T20:19:23.000Z,
https://www.fantasyguru.com/nfl-david-bailey-has-met-with-several-teams,nfl-david-bailey-has-met-with-several-teams,2026-04-03T20:19:23.000Z,
https://www.fantasyguru.com/nfl-arvell-reese-with-several-top-30-visits,nfl-arvell-reese-with-several-top-30-visits,2026-04-03T20:19:22.000Z,
https://www.fantasyguru.com/nfl-several-visits-for-charles-demmings,nfl-several-visits-for-charles-demmings,2026-04-03T20:19:21.000Z,
https://www.fantasyguru.com/vikings-min-unlikely-to-name-starting-qb-before-training-camp-starts,vikings-min-unlikely-to-name-starting-qb-before-training-camp-starts,2026-04-03T17:19:01.000Z,Training Camp Report
https://www.fantasyguru.com/nfl-josiah-green-drawing-interest,nfl-josiah-green-drawing-interest,2026-04-03T01:18:30.000Z,
https://www.fantasyguru.com/nfl-ethan-sanchez-receiving-interest,nfl-ethan-sanchez-receiving-interest,2026-04-02T21:19:06.000Z,
https://www.fantasyguru.com/nfl-cameron-jordan-considering-offers,nfl-cameron-jordan-considering-offers,2026-04-02T21:19:04.000Z,
https://www.fantasyguru.com/dynasty-ratings-update-4-2-2,dynasty-ratings-update-4-2-2,2026-04-02T21:07:35.000Z,Dynasty
https://www.fantasyguru.com/nfl-anthony-walker-announces-retirement,nfl-anthony-walker-announces-retirement,2026-04-02T20:18:24.000Z,
https://www.fantasyguru.com/nfl-omar-cooper-jr-set-to-visit-carolina,nfl-omar-cooper-jr-set-to-visit-carolina,2026-04-02T20:18:23.000Z,
https://www.fantasyguru.com/nfl-stephon-gilmore-announces-retirement,nfl-stephon-gilmore-announces-retirement,2026-04-02T20:18:22.000Z,
https://www.fantasyguru.com/nfl-malik-muhammad-visited-dallas,nfl-malik-muhammad-visited-dallas,2026-04-02T18:19:14.000Z,
https://www.fantasyguru.com/nfl-josh-cameron-visiting-with-atlanta,nfl-josh-cameron-visiting-with-atlanta,2026-04-01T18:18:46.000Z,
https://www.fantasyguru.com/nfl-malik-benson-to-meet-with-chiefs,nfl-malik-benson-to-meet-with-chiefs,2026-03-31T21:18:28.000Z,
https://www.fantasyguru.com/nfl-raiders-cam-porter-had-virtual-meeting,nfl-raiders-cam-porter-had-virtual-meeting,2026-03-31T21:18:28.000Z,
https://www.fantasyguru.com/nfl-carson-beck-lines-up-visits-ahead-of-nfl-draft,nfl-carson-beck-lines-up-visits-ahead-of-nfl-draft,2026-03-31T18:18:53.000Z,
https://www.fantasyguru.com/nfl-jermod-mccoy-workout-at-pro-day,nfl-jermod-mccoy-workout-at-pro-day,2026-03-31T18:18:52.000Z,
https://www.fantasyguru.com/nfl-ty-simpson-schedules-several-visits,nfl-ty-simpson-schedules-several-visits,2026-03-31T17:19:08.000Z,
https://www.fantasyguru.com/nfl-josh-gesky-receiving-interest,nfl-josh-gesky-receiving-interest,2026-03-30T22:18:22.000Z,
https://www.fantasyguru.com/nfl-avieon-terrell-aggravates-injury,nfl-avieon-terrell-aggravates-injury,2026-03-30T19:19:05.000Z,
https://www.fantasyguru.com/nfl-gabe-jacas-to-work-out-for-teams,nfl-gabe-jacas-to-work-out-for-teams,2026-03-30T19:19:04.000Z,
https://www.fantasyguru.com/nfl-two-teams-interested-in-james-brockermeyer,nfl-two-teams-interested-in-james-brockermeyer,2026-03-30T18:19:06.000Z,
https://www.fantasyguru.com/nfl-eric-mcalister-fractures-foot-at-pro-day,nfl-eric-mcalister-fractures-foot-at-pro-day,2026-03-29T21:18:43.000Z,
https://www.fantasyguru.com/nfl-dj-rogers-superb-in-pro-day,nfl-dj-rogers-superb-in-pro-day,2026-03-29T21:18:42.000Z,
https://www.fantasyguru.com/nfl-joseph-manjack-iv-improves-his-stock,nfl-joseph-manjack-iv-improves-his-stock,2026-03-29T21:18:42.000Z,
https://www.fantasyguru.com/nfl-dean-connors-looks-good-at-pro-day,nfl-dean-connors-looks-good-at-pro-day,2026-03-29T21:18:42.000Z,
https://www.fantasyguru.com/nfl-several-teams-sniffing-latrell-mccutchin-sr,nfl-several-teams-sniffing-latrell-mccutchin-sr,2026-03-29T21:18:41.000Z,
https://www.fantasyguru.com/nfl-tanner-koziol-surprisingly-stands-on-time,nfl-tanner-koziol-surprisingly-stands-on-time,2026-03-29T21:18:41.000Z,
https://www.fantasyguru.com/nfl-seydou-traore-has-chip-on-shoulder,nfl-seydou-traore-has-chip-on-shoulder,2026-03-29T21:18:41.000Z,
https://www.fantasyguru.com/nfl-brenen-thompson-checked-out-in-pro-day,nfl-brenen-thompson-checked-out-in-pro-day,2026-03-29T21:18:40.000Z,
https://www.fantasyguru.com/nfl-marey-roby-earns-tryout-with-chicago,nfl-marey-roby-earns-tryout-with-chicago,2026-03-29T19:18:57.000Z,
https://www.fantasyguru.com/nfl-landon-robinson-meets-with-several-teams,nfl-landon-robinson-meets-with-several-teams,2026-03-29T18:18:23.000Z,
https://www.fantasyguru.com/nfl-daequan-wright-conducts-several-interviews,nfl-daequan-wright-conducts-several-interviews,2026-03-29T18:18:23.000Z,
https://www.fantasyguru.com/nfl-jayden-loving-impresses-at-pro-day,nfl-jayden-loving-impresses-at-pro-day,2026-03-29T18:18:22.000Z,
https://www.fantasyguru.com/nfl-austin-leausa-shows-out-at-pro-day,nfl-austin-leausa-shows-out-at-pro-day,2026-03-29T18:18:21.000Z,
https://www.fantasyguru.com/nfl-francis-mauigoa-runs-at-pro-day,nfl-francis-mauigoa-runs-at-pro-day,2026-03-29T01:19:03.000Z,
https://www.fantasyguru.com/nfl-teams-talking-with-navaeh-sanders,nfl-teams-talking-with-navaeh-sanders,2026-03-29T01:19:02.000Z,
https://www.fantasyguru.com/nfl-rueben-bain-jr-goes-through-drills,nfl-rueben-bain-jr-goes-through-drills,2026-03-29T00:19:14.000Z,
https://www.fantasyguru.com/nfl-jake-golday-meets-with-ny-teams,nfl-jake-golday-meets-with-ny-teams,2026-03-28T20:18:55.000Z,
https://www.fantasyguru.com/nfl-nate-boerkircher-lines-up-two-top-30-visits,nfl-nate-boerkircher-lines-up-two-top-30-visits,2026-03-28T19:18:55.000Z,
https://www.fantasyguru.com/nfl-two-teams-interested-in-nyjalik-kelly,nfl-two-teams-interested-in-nyjalik-kelly,2026-03-28T16:19:17.000Z,
https://www.fantasyguru.com/nfl-two-teams-speak-with-matthew-hibner,nfl-two-teams-speak-with-matthew-hibner,2026-03-28T15:19:13.000Z,
https://www.fantasyguru.com/nfl-four-teams-meet-with-t-j-harden,nfl-four-teams-meet-with-t-j-harden,2026-03-28T15:19:12.000Z,
https://www.fantasyguru.com/nfl-two-boston-college-linemen-attracting-interest,nfl-two-boston-college-linemen-attracting-interest,2026-03-28T15:19:12.000Z,
https://www.fantasyguru.com/seahawks-jimmie-dougherty-joining-coaching-staff,seahawks-jimmie-dougherty-joining-coaching-staff,2026-03-28T14:18:25.000Z,
https://www.fantasyguru.com/nfl-multiple-teams-interested-in-treydan-stukes,nfl-multiple-teams-interested-in-treydan-stukes,2026-03-28T14:18:24.000Z,
https://www.fantasyguru.com/nfl-six-teams-showing-interest-in-carver-willis,nfl-six-teams-showing-interest-in-carver-willis,2026-03-28T14:18:24.000Z,
https://www.fantasyguru.com/nfl-keldric-faulk-earning-rave-reviews,nfl-keldric-faulk-earning-rave-reviews,2026-03-28T01:18:23.000Z,
https://www.fantasyguru.com/nfl-garrett-nussmeier-looks-sharp-at-pro-day,nfl-garrett-nussmeier-looks-sharp-at-pro-day,2026-03-28T01:18:23.000Z,
https://www.fantasyguru.com/nfl-keylan-rutledge-has-solidified-stock,nfl-keylan-rutledge-has-solidified-stock,2026-03-28T01:18:22.000Z,
https://www.fantasyguru.com/nfl-ty-simpson-shows-off-arm,nfl-ty-simpson-shows-off-arm,2026-03-28T01:18:22.000Z,
https://www.fantasyguru.com/nfl-keldric-faulk-runs-at-pro-day,nfl-keldric-faulk-runs-at-pro-day,2026-03-28T01:18:21.000Z,
https://www.fantasyguru.com/nfl-kadyn-proctor-could-hear-name-called-early,nfl-kadyn-proctor-could-hear-name-called-early,2026-03-28T00:19:14.000Z,
https://www.fantasyguru.com/nfl-lee-hunter-talks-with-several-teams,nfl-lee-hunter-talks-with-several-teams,2026-03-27T21:18:56.000Z,
https://www.fantasyguru.com/nfl-jordyn-tyson-not-working-out-friday,nfl-jordyn-tyson-not-working-out-friday,2026-03-27T20:19:16.000Z,
https://www.fantasyguru.com/nfl-chase-edmonds-hopes-to-continue-career,nfl-chase-edmonds-hopes-to-continue-career,2026-03-27T20:19:15.000Z,
https://www.fantasyguru.com/nfl-eli-stowers-schedules-two-visits,nfl-eli-stowers-schedules-two-visits,2026-03-27T17:18:29.000Z,
https://www.fantasyguru.com/nfl-chase-bisontis-has-12-visits-lined-up,nfl-chase-bisontis-has-12-visits-lined-up,2026-03-27T16:18:50.000Z,
https://www.fantasyguru.com/nfl-d-j-reader-wont-sign-yet,nfl-d-j-reader-wont-sign-yet,2026-03-27T02:18:58.000Z,
https://www.fantasyguru.com/nfl-anthony-hill-jr-could-fill-multiple-roles,nfl-anthony-hill-jr-could-fill-multiple-roles,2026-03-27T01:19:17.000Z,
https://www.fantasyguru.com/nfl-three-teams-talk-with-arvell-reese,nfl-three-teams-talk-with-arvell-reese,2026-03-26T23:18:21.000Z,
https://www.fantasyguru.com/nfl-wade-woodaz-talks-with-three-teams,nfl-wade-woodaz-talks-with-three-teams,2026-03-26T22:19:17.000Z,
https://www.fantasyguru.com/nfl-eric-rivers-recovering-from-surgery,nfl-eric-rivers-recovering-from-surgery,2026-03-26T22:19:17.000Z,
https://www.fantasyguru.com/nfl-zxavian-harris-undergoes-surgery,nfl-zxavian-harris-undergoes-surgery,2026-03-26T22:19:17.000Z,
https://www.fantasyguru.com/nfl-dontay-corleone-set-for-surgery,nfl-dontay-corleone-set-for-surgery,2026-03-26T22:19:16.000Z,
https://www.fantasyguru.com/nfl-garrett-nussmeier-receiving-interest,nfl-garrett-nussmeier-receiving-interest,2026-03-26T21:18:59.000Z,
https://www.fantasyguru.com/nfl-several-teams-interested-in-caleb-douglas,nfl-several-teams-interested-in-caleb-douglas,2026-03-26T21:18:57.000Z,
https://www.fantasyguru.com/nfl-mansoor-delane-visiting-with-dallas,nfl-mansoor-delane-visiting-with-dallas,2026-03-26T20:18:22.000Z,
https://www.fantasyguru.com/nfl-sonny-styles-expected-to-talk-with-three-teams,nfl-sonny-styles-expected-to-talk-with-three-teams,2026-03-26T20:18:21.000Z,
https://www.fantasyguru.com/nfl-ted-hurst-set-to-visit-multiple-teams,nfl-ted-hurst-set-to-visit-multiple-teams,2026-03-26T19:19:03.000Z,
https://www.fantasyguru.com/nfl-arvell-reese-meets-with-two-teams,nfl-arvell-reese-meets-with-two-teams,2026-03-26T19:19:02.000Z,
https://www.fantasyguru.com/nfl-justin-joly-will-visit-kansas-city,nfl-justin-joly-will-visit-kansas-city,2026-03-26T18:19:08.000Z,
https://www.fantasyguru.com/dynasty-ratings-update-3-25-26,dynasty-ratings-update-3-25-26,2026-03-26T10:38:26.000Z,Dynasty
https://www.fantasyguru.com/nfl-emmett-johnson-runs-well-at-pro-day,nfl-emmett-johnson-runs-well-at-pro-day,2026-03-26T02:19:02.000Z,
https://www.fantasyguru.com/broncos-denver-talked-with-running-backs-at-combine,broncos-denver-talked-with-running-backs-at-combine,2026-03-26T01:19:18.000Z,
https://www.fantasyguru.com/nfl-several-teams-interested-in-athan-kaliakmanis,nfl-several-teams-interested-in-athan-kaliakmanis,2026-03-25T22:19:09.000Z,
https://www.fantasyguru.com/nfl-three-teams-looking-to-meet-with-kayden-mcdonald,nfl-three-teams-looking-to-meet-with-kayden-mcdonald,2026-03-25T22:19:09.000Z,
https://www.fantasyguru.com/nfl-ty-simpson-to-workout-for-nyj,nfl-ty-simpson-to-workout-for-nyj,2026-03-25T19:18:24.000Z,
https://www.fantasyguru.com/nfl-carnell-tate-has-several-visits-lined-up,nfl-carnell-tate-has-several-visits-lined-up,2026-03-25T19:18:24.000Z,
https://www.fantasyguru.com/nfl-makai-lemon-schedules-visit-with-kansas-city,nfl-makai-lemon-schedules-visit-with-kansas-city,2026-03-25T18:18:26.000Z,
https://www.fantasyguru.com/nfl-ted-hurst-set-to-meet-with-minnesota,nfl-ted-hurst-set-to-meet-with-minnesota,2026-03-25T18:18:25.000Z,
https://www.fantasyguru.com/nfl-shelby-harris-visiting-the-nyg,nfl-shelby-harris-visiting-the-nyg,2026-03-24T20:19:19.000Z,
https://www.fantasyguru.com/nfl-aj-haulcy-to-visit-two-teams,nfl-aj-haulcy-to-visit-two-teams,2026-03-24T18:18:49.000Z,
https://www.fantasyguru.com/2026-player-profile-brenton-doyle,2026-player-profile-brenton-doyle,2026-03-24T15:21:30.000Z,Player Profile (NFL)
https://www.fantasyguru.com/2026-nfl-free-agency-tracker,2026-nfl-free-agency-tracker,2026-03-24T14:50:35.000Z,
https://www.fantasyguru.com/nfl-gracen-halton-talks-with-two-teams,nfl-gracen-halton-talks-with-two-teams,2026-03-23T23:18:35.000Z,
https://www.fantasyguru.com/nfl-two-visits-for-jordan-hudson,nfl-two-visits-for-jordan-hudson,2026-03-23T21:18:28.000Z,
https://www.fantasyguru.com/jets-two-qb-could-be-options-for-jets,jets-two-qb-could-be-options-for-jets,2026-03-23T20:18:24.000Z,QB Analysis
https://www.fantasyguru.com/2026-player-profile-jonathan-aranda,2026-player-profile-jonathan-aranda,2026-03-23T18:26:56.000Z,Player Profile (NFL)
https://www.fantasyguru.com/2026-player-profile-andrew-vaughn,2026-player-profile-andrew-vaughn,2026-03-23T18:22:34.000Z,Player Profile (NFL)
https://www.fantasyguru.com/nfl-harold-perkins-scheduled-for-two-visits,nfl-harold-perkins-scheduled-for-two-visits,2026-03-23T18:19:02.000Z,
https://www.fantasyguru.com/nfl-outstanding-40-time-for-mansoor-delane,nfl-outstanding-40-time-for-mansoor-delane,2026-03-23T17:18:28.000Z,
https://www.fantasyguru.com/nfl-jordyn-tyson-could-work-out-before-draft,nfl-jordyn-tyson-could-work-out-before-draft,2026-03-23T00:19:04.000Z,
https://www.fantasyguru.com/nfl-domonique-orange-to-work-for-scouts-april-7,nfl-domonique-orange-to-work-for-scouts-april-7,2026-03-22T23:18:23.000Z,
https://www.fantasyguru.com/nfl-jaffer-murphy-shows-speed-big-leg-at-pro-day,nfl-jaffer-murphy-shows-speed-big-leg-at-pro-day,2026-03-22T19:18:48.000Z,
https://www.fantasyguru.com/2026-player-profile-andrew-abbott,2026-player-profile-andrew-abbott,2026-03-22T16:27:53.000Z,Player Profile (NFL)
https://www.fantasyguru.com/nfl-multiple-teams-interested-in-skyler-thomas,nfl-multiple-teams-interested-in-skyler-thomas,2026-03-22T15:18:25.000Z,
https://www.fantasyguru.com/nfl-kajiya-hollawayne-busy-at-pro-day,nfl-kajiya-hollawayne-busy-at-pro-day,2026-03-22T02:18:49.000Z,
https://www.fantasyguru.com/nfl-three-visits-upcoming-for-jimmy-rolder,nfl-three-visits-upcoming-for-jimmy-rolder,2026-03-21T20:18:41.000Z,
https://www.fantasyguru.com/nfl-dj-chark-retiring,nfl-dj-chark-retiring,2026-03-20T23:18:44.000Z,
https://www.fantasyguru.com/nfl-ted-hurst-scheduled-for-visits,nfl-ted-hurst-scheduled-for-visits,2026-03-20T23:18:43.000Z,
https://www.fantasyguru.com/nfl-christian-wilkins-intends-to-play,nfl-christian-wilkins-intends-to-play,2026-03-20T20:18:45.000Z,
https://www.fantasyguru.com/2026-player-profile-michael-harris,2026-player-profile-michael-harris,2026-03-20T19:17:13.000Z,Player Profile (NFL)
https://www.fantasyguru.com/vikings-carson-wentz-expected-to-not-factor-into-qb-decision,vikings-carson-wentz-expected-to-not-factor-into-qb-decision,2026-03-20T18:18:37.000Z,QB Analysis
https://www.fantasyguru.com/nfl-kc-concepcion-to-visit-four-teams,nfl-kc-concepcion-to-visit-four-teams,2026-03-20T16:18:54.000Z,
https://www.fantasyguru.com/packers-green-bay-adds-to-coaching-staff,packers-green-bay-adds-to-coaching-staff,2026-03-20T00:18:54.000Z,
https://www.fantasyguru.com/2026-player-profile-zac-gallen,2026-player-profile-zac-gallen,2026-03-19T23:08:47.000Z,Player Profile (NFL)
https://www.fantasyguru.com/nfl-logan-fano-injured-at-pro-day,nfl-logan-fano-injured-at-pro-day,2026-03-19T21:18:23.000Z,
https://www.fantasyguru.com/nfl-two-visits-upcoming-for-kaelon-black,nfl-two-visits-upcoming-for-kaelon-black,2026-03-19T21:18:22.000Z,
https://www.fantasyguru.com/nfl-dezhaun-stribling-lines-up-visits,nfl-dezhaun-stribling-lines-up-visits,2026-03-19T19:18:28.000Z,
https://www.fantasyguru.com/nfl-kc-concepcion-visiting-san-francisco,nfl-kc-concepcion-visiting-san-francisco,2026-03-19T19:18:27.000Z,
https://www.fantasyguru.com/dynasty-ratings-update-3-18,dynasty-ratings-update-3-18,2026-03-19T04:07:41.000Z,Dynasty
https://www.fantasyguru.com/nfl-two-more-visits-for-mansoor-delane,nfl-two-more-visits-for-mansoor-delane,2026-03-18T22:19:06.000Z,
https://www.fantasyguru.com/nfl-logan-wilson-retiring,nfl-logan-wilson-retiring,2026-03-18T21:18:56.000Z,
https://www.fantasyguru.com/nfl-t-y-hilton-ending-career,nfl-t-y-hilton-ending-career,2026-03-18T21:18:55.000Z,
https://www.fantasyguru.com/nfl-chris-bell-making-progress,nfl-chris-bell-making-progress,2026-03-18T21:18:54.000Z,
https://www.fantasyguru.com/nfl-boston-scott-announces-retirement,nfl-boston-scott-announces-retirement,2026-03-18T19:19:18.000Z,
https://www.fantasyguru.com/nfl-patriots-met-with-adam-randall,nfl-patriots-met-with-adam-randall,2026-03-17T23:19:17.000Z,
https://www.fantasyguru.com/nfl-texans-to-meet-with-adam-randall,nfl-texans-to-meet-with-adam-randall,2026-03-17T22:19:09.000Z,
https://www.fantasyguru.com/nfl-mike-washington-jr-visiting-atlanta,nfl-mike-washington-jr-visiting-atlanta,2026-03-17T19:18:28.000Z,
https://www.fantasyguru.com/2026-player-profile-noah-cameron,2026-player-profile-noah-cameron,2026-03-17T19:09:47.000Z,Player Profile (NFL)
https://www.fantasyguru.com/nfl-significant-interest-in-denzel-boston,nfl-significant-interest-in-denzel-boston,2026-03-16T22:18:38.000Z,
https://www.fantasyguru.com/nfl-two-visits-expected-for-christopher-johnson,nfl-two-visits-expected-for-christopher-johnson,2026-03-16T20:18:52.000Z,
https://www.fantasyguru.com/nfl-multiple-teams-interested-in-romello-height,nfl-multiple-teams-interested-in-romello-height,2026-03-16T20:18:52.000Z,
https://www.fantasyguru.com/nfl-omar-cooper-jr-has-two-visits-scheduled,nfl-omar-cooper-jr-has-two-visits-scheduled,2026-03-16T20:18:50.000Z,
https://www.fantasyguru.com/nfl-surgery-for-kc-concepcion,nfl-surgery-for-kc-concepcion,2026-03-16T19:19:03.000Z,
https://www.fantasyguru.com/nfl-darius-slay-officially-retires,nfl-darius-slay-officially-retires,2026-03-16T18:18:56.000Z,
https://www.fantasyguru.com/2026-player-profile-daylen-lile,2026-player-profile-daylen-lile,2026-03-15T15:20:01.000Z,Player Profile (NFL)
https://www.fantasyguru.com/2026-player-profile-matt-mclain,2026-player-profile-matt-mclain,2026-03-13T14:34:10.000Z,Player Profile (NFL)
https://www.fantasyguru.com/nfl-caleb-banks-to-be-sidelined-for-a-few-months,nfl-caleb-banks-to-be-sidelined-for-a-few-months,2026-03-12T21:19:14.000Z,
https://www.fantasyguru.com/nfl-peter-woods-does-not-run-at-pro-day,nfl-peter-woods-does-not-run-at-pro-day,2026-03-12T19:19:23.000Z,
https://www.fantasyguru.com/nfl-avieon-terrell-scratches-pro-day,nfl-avieon-terrell-scratches-pro-day,2026-03-12T15:18:57.000Z,
https://www.fantasyguru.com/dynasty-ratings-update-3-11,dynasty-ratings-update-3-11,2026-03-12T05:20:53.000Z,Dynasty
https://www.fantasyguru.com/nfl-yosh-nijman-calling-it-a-career,nfl-yosh-nijman-calling-it-a-career,2026-03-12T04:18:26.000Z,
https://www.fantasyguru.com/nfl-brandon-graham-not-retiring,nfl-brandon-graham-not-retiring,2026-03-11T23:18:23.000Z,
https://www.fantasyguru.com/2026-player-profile-cade-horton,2026-player-profile-cade-horton,2026-03-08T17:46:33.000Z,Player Profile (NFL)
https://www.fantasyguru.com/2026-player-profile-tatsuya-imai,2026-player-profile-tatsuya-imai,2026-03-06T20:43:46.000Z,Player Profile (NFL)
https://www.fantasyguru.com/2026-player-profile-braxton-ashcraft,2026-player-profile-braxton-ashcraft,2026-03-06T20:41:38.000Z,Player Profile (NFL)
https://www.fantasyguru.com/dynasty-ratings-update-2-5,dynasty-ratings-update-2-5,2026-03-05T22:27:11.000Z,Dynasty
https://www.fantasyguru.com/2026-nfl-free-agent-rankings,2026-nfl-free-agent-rankings,2026-03-05T07:56:12.000Z,
https://www.fantasyguru.com/2026-player-profile-kazuma-okamoto,2026-player-profile-kazuma-okamoto,2026-03-04T17:47:04.000Z,Player Profile (NFL)
https://www.fantasyguru.com/2026-player-profile-jakob-marsee,2026-player-profile-jakob-marsee,2026-03-04T17:45:05.000Z,Player Profile (NFL)
https://www.fantasyguru.com/a-graphic-depiction-of-the-predicted-vs-actual-qb-types-for-the-2025-season,a-graphic-depiction-of-the-predicted-vs-actual-qb-types-for-the-2025-season,2026-03-04T12:56:09.000Z,QB Analysis
https://www.fantasyguru.com/2026-player-profile-munetaka-murakami,2026-player-profile-munetaka-murakami,2026-03-02T20:25:57.000Z,Player Profile (NFL)
https://www.fantasyguru.com/dynasty-ratings-update-2-25,dynasty-ratings-update-2-25,2026-02-26T21:34:03.000Z,Dynasty
https://www.fantasyguru.com/2026-adp-bargains-pitching,2026-adp-bargains-pitching,2026-02-20T16:01:26.000Z,
https://www.fantasyguru.com/prospect-targets-best-ball-draft-value,prospect-targets-best-ball-draft-value,2026-02-20T15:46:50.000Z,Best Ball
https://www.fantasyguru.com/dynasty-ratings-update-2-19-2,dynasty-ratings-update-2-19-2,2026-02-19T09:40:41.000Z,Dynasty
https://www.fantasyguru.com/2026-too-costly-adp-outfield,2026-too-costly-adp-outfield,2026-02-17T16:44:14.000Z,
https://www.fantasyguru.com/2026-too-costly-adp-pitching,2026-too-costly-adp-pitching,2026-02-17T16:42:06.000Z,
https://www.fantasyguru.com/2026-too-costly-adp-infield,2026-too-costly-adp-infield,2026-02-16T16:32:37.000Z,
https://www.fantasyguru.com/2026-adp-bargains-outfield,2026-adp-bargains-outfield,2026-02-16T16:27:29.000Z,
https://www.fantasyguru.com/2026-adp-bargains-infield,2026-adp-bargains-infield,2026-02-15T18:19:13.000Z,
https://www.fantasyguru.com/2026-best-ball-rankings,2026-best-ball-rankings,2026-02-15T18:14:04.000Z,Best Ball
https://www.fantasyguru.com/dynasty-ratings-update-2-12-2,dynasty-ratings-update-2-12-2,2026-02-12T11:32:42.000Z,Dynasty
https://www.fantasyguru.com/jeff-mans-ultimate-super-bowl-pool-2026,jeff-mans-ultimate-super-bowl-pool-2026,2026-02-08T20:17:17.000Z,
https://www.fantasyguru.com/nfl-speed-will-be-key-for-omar-cooper-jr,nfl-speed-will-be-key-for-omar-cooper-jr,2026-02-07T02:23:50.000Z,
https://www.fantasyguru.com/nfl-max-iheanachor-rising-up-draft-boards,nfl-max-iheanachor-rising-up-draft-boards,2026-02-07T01:22:57.000Z,
https://www.fantasyguru.com/nfl-jake-golday-brings-versatility,nfl-jake-golday-brings-versatility,2026-02-07T01:22:57.000Z,
https://www.fantasyguru.com/2026-nfl-super-bowl-guide,2026-nfl-super-bowl-guide,2026-02-07T00:10:55.000Z,
https://www.fantasyguru.com/patriots-super-bowl-injury-report-for-patriots,patriots-super-bowl-injury-report-for-patriots,2026-02-06T23:23:06.000Z,
https://www.fantasyguru.com/seahawks-super-bowl-injury-report-for-seattle,seahawks-super-bowl-injury-report-for-seattle,2026-02-06T23:23:03.000Z,
https://www.fantasyguru.com/2025-nfl-gameday-matchups-super-bowl-lx,2025-nfl-gameday-matchups-super-bowl-lx,2026-02-06T23:22:05.000Z,
https://www.fantasyguru.com/armandos-super-bowl-lx-dfs-breakdown-2026,armandos-super-bowl-lx-dfs-breakdown-2026,2026-02-06T22:12:48.000Z,NFL DFS Breakdown
https://www.fantasyguru.com/nfl-fernando-mendoza-may-not-throw-at-scouting-combine,nfl-fernando-mendoza-may-not-throw-at-scouting-combine,2026-02-06T20:23:14.000Z,
https://www.fantasyguru.com/projecting-super-bowl-lx-game-script,projecting-super-bowl-lx-game-script,2026-02-06T16:10:33.000Z,
https://www.fantasyguru.com/patriots-thursday-practice-report-for-patriots-20,patriots-thursday-practice-report-for-patriots-20,2026-02-06T01:23:05.000Z,Practice Report
https://www.fantasyguru.com/seahawks-thursday-practice-report-for-seattle-3,seahawks-thursday-practice-report-for-seattle-3,2026-02-06T01:23:03.000Z,Practice Report
https://www.fantasyguru.com/2026-first-year-player-draft-dynasty-rankings,2026-first-year-player-draft-dynasty-rankings,2026-02-05T23:38:15.000Z,Dynasty
https://www.fantasyguru.com/nfl-cheat-sheet,nfl-cheat-sheet,2026-02-05T20:53:46.000Z,
https://www.fantasyguru.com/2026-nfl-fantasy-billboard-fantasy-football-super-bowl-lx-predictions,2026-nfl-fantasy-billboard-fantasy-football-super-bowl-lx-predictions,2026-02-05T15:24:29.000Z,
https://www.fantasyguru.com/dynasty-ratings-update-2-4,dynasty-ratings-update-2-4,2026-02-05T09:01:56.000Z,Dynasty
https://www.fantasyguru.com/nfl-scouts-lukewarm-on-ty-simpson,nfl-scouts-lukewarm-on-ty-simpson,2026-02-05T03:22:58.000Z,
https://www.fantasyguru.com/patriots-wednesday-practice-report-for-new-england,patriots-wednesday-practice-report-for-new-england,2026-02-05T02:23:48.000Z,Practice Report
https://www.fantasyguru.com/nfl-colton-hood-to-be-off-the-board-early,nfl-colton-hood-to-be-off-the-board-early,2026-02-05T02:23:47.000Z,
https://www.fantasyguru.com/nfl-caleb-banks-made-a-statement-in-mobile,nfl-caleb-banks-made-a-statement-in-mobile,2026-02-05T02:23:47.000Z,
https://www.fantasyguru.com/nfl-blake-miller-moving-up-boards,nfl-blake-miller-moving-up-boards,2026-02-05T02:23:46.000Z,
https://www.fantasyguru.com/seahawks-wednesday-practice-report-for-seattle-5,seahawks-wednesday-practice-report-for-seattle-5,2026-02-05T01:23:10.000Z,Practice Report
https://www.fantasyguru.com/jets-karl-dunbar-joins-coaching-staff,jets-karl-dunbar-joins-coaching-staff,2026-02-04T23:23:10.000Z,
https://www.fantasyguru.com/steelers-joe-whitt-jr-added-to-coaching-staff,steelers-joe-whitt-jr-added-to-coaching-staff,2026-02-04T21:23:14.000Z,
https://www.fantasyguru.com/super-bowl-lx-staff-picks,super-bowl-lx-staff-picks,2026-02-04T16:42:47.000Z,
https://www.fantasyguru.com/2026-fantasy-guru-super-bowl-lx-squares-contest,2026-fantasy-guru-super-bowl-lx-squares-contest,2026-02-04T16:09:04.000Z,
https://www.fantasyguru.com/browns-clevelands-entire-offensive-line-to-hit-market,browns-clevelands-entire-offensive-line-to-hit-market,2026-02-04T05:23:01.000Z,Offensive Line Breakdown
https://www.fantasyguru.com/texans-ed-ingram-was-best-of-lot-on-offensive-line,texans-ed-ingram-was-best-of-lot-on-offensive-line,2026-02-04T05:23:00.000Z,Offensive Line Breakdown
https://www.fantasyguru.com/bills-bo-hardegree-joins-bills-as-qb-coach,bills-bo-hardegree-joins-bills-as-qb-coach,2026-02-04T01:23:49.000Z,QB Analysis
https://www.fantasyguru.com/nfl-luke-stevens-shows-off-leg-at-senior-bowl,nfl-luke-stevens-shows-off-leg-at-senior-bowl,2026-02-01T21:24:04.000Z,
https://www.fantasyguru.com/nfl-fius-kejon-owens-scored-td-at-senior-bowl,nfl-fius-kejon-owens-scored-td-at-senior-bowl,2026-02-01T21:24:03.000Z,
https://www.fantasyguru.com/nfl-lt-overton-gets-to-qb-at-the-senior-bowl,nfl-lt-overton-gets-to-qb-at-the-senior-bowl,2026-02-01T21:24:02.000Z,QB Analysis
https://www.fantasyguru.com/nfl-bryce-boettcher-totals-game-high-10-tackles,nfl-bryce-boettcher-totals-game-high-10-tackles,2026-02-01T20:23:45.000Z,
https://www.fantasyguru.com/nfl-quintayvious-hutchins-shows-out-at-senior-bowl,nfl-quintayvious-hutchins-shows-out-at-senior-bowl,2026-02-01T20:23:45.000Z,
https://www.fantasyguru.com/nfl-nadame-tucker-shines-at-2026-senior-bowl,nfl-nadame-tucker-shines-at-2026-senior-bowl,2026-02-01T20:23:45.000Z,
https://www.fantasyguru.com/nfl-good-coverage-for-ephesians-prysock,nfl-good-coverage-for-ephesians-prysock,2026-02-01T20:23:44.000Z,
https://www.fantasyguru.com/nfl-donaven-mcculley-leads-way-at-senior-bowl,nfl-donaven-mcculley-leads-way-at-senior-bowl,2026-02-01T20:23:44.000Z,
https://www.fantasyguru.com/nfl-vincent-anthony-jr-has-strong-senior-bowl,nfl-vincent-anthony-jr-has-strong-senior-bowl,2026-02-01T20:23:44.000Z,
https://www.fantasyguru.com/nfl-northwesterns-fred-davis-with-int-at-senior-bowl,nfl-northwesterns-fred-davis-with-int-at-senior-bowl,2026-02-01T20:23:43.000Z,
https://www.fantasyguru.com/nfl-interception-for-deshon-singleton-at-senior-bowl,nfl-interception-for-deshon-singleton-at-senior-bowl,2026-02-01T20:23:43.000Z,
https://www.fantasyguru.com/nfl-zion-young-earns-american-mvp-honors-at-senior-bowl,nfl-zion-young-earns-american-mvp-honors-at-senior-bowl,2026-02-01T19:23:07.000Z,
https://www.fantasyguru.com/nfl-garrett-nussmeier-named-senior-bowl-mvp,nfl-garrett-nussmeier-named-senior-bowl-mvp,2026-02-01T19:23:07.000Z,
https://www.fantasyguru.com/nfl-diego-pavia-accurate-in-senior-bowl-showing,nfl-diego-pavia-accurate-in-senior-bowl-showing,2026-02-01T19:23:07.000Z,
https://www.fantasyguru.com/nfl-sawyer-robertson-struggles-in-senior-bowl,nfl-sawyer-robertson-struggles-in-senior-bowl,2026-02-01T19:23:07.000Z,
https://www.fantasyguru.com/nfl-cole-payton-raises-stock-at-senior-bowl,nfl-cole-payton-raises-stock-at-senior-bowl,2026-02-01T19:23:06.000Z,
https://www.fantasyguru.com/nfl-kaelon-black-runs-for-game-high-45-yards,nfl-kaelon-black-runs-for-game-high-45-yards,2026-02-01T19:23:06.000Z,
https://www.fantasyguru.com/nfl-oklahomas-jaydn-ott-revives-stock-at-senior-bowl,nfl-oklahomas-jaydn-ott-revives-stock-at-senior-bowl,2026-02-01T19:23:06.000Z,
https://www.fantasyguru.com/nfl-mixed-results-for-kentuckys-seth-mcgowan,nfl-mixed-results-for-kentuckys-seth-mcgowan,2026-02-01T19:23:05.000Z,
https://www.fantasyguru.com/bengals-davis-koetter-joining-cin-coaching-staff,bengals-davis-koetter-joining-cin-coaching-staff,2026-02-01T18:23:03.000Z,
https://www.fantasyguru.com/nfl-eli-heidenreich-built-for-third-down,nfl-eli-heidenreich-built-for-third-down,2026-02-01T04:23:04.000Z,
https://www.fantasyguru.com/nfl-diego-pavia-fails-to-impress,nfl-diego-pavia-fails-to-impress,2026-02-01T03:23:25.000Z,
https://www.fantasyguru.com/nfl-davison-igbinosun-not-for-everyone,nfl-davison-igbinosun-not-for-everyone,2026-02-01T03:23:25.000Z,
https://www.fantasyguru.com/nfl-rayshaun-benny-to-play-early,nfl-rayshaun-benny-to-play-early,2026-02-01T03:23:24.000Z,
https://www.fantasyguru.com/nfl-reggie-virgil-impressive-at-senior-bowl,nfl-reggie-virgil-impressive-at-senior-bowl,2026-02-01T01:23:11.000Z,
https://www.fantasyguru.com/nfl-jaydn-ott-has-decent-week,nfl-jaydn-ott-has-decent-week,2026-02-01T01:23:11.000Z,
https://www.fantasyguru.com/buccaneers-qb-expects-mike-evans-to-return,buccaneers-qb-expects-mike-evans-to-return,2026-01-31T20:23:56.000Z,QB Analysis
https://www.fantasyguru.com/nfl-sam-roush-carving-out-role,nfl-sam-roush-carving-out-role,2026-01-31T04:23:01.000Z,
https://www.fantasyguru.com/nfl-tanner-koziol-among-best-at-his-position,nfl-tanner-koziol-among-best-at-his-position,2026-01-31T03:23:48.000Z,
https://www.fantasyguru.com/nfl-max-iheanachor-solidifies-draft-stock,nfl-max-iheanachor-solidifies-draft-stock,2026-01-31T03:23:47.000Z,
https://www.fantasyguru.com/nfl-gennings-dunker-shows-versatility,nfl-gennings-dunker-shows-versatility,2026-01-31T03:23:47.000Z,
https://www.fantasyguru.com/nfl-sawyer-robertson-struggles-with-accuracy,nfl-sawyer-robertson-struggles-with-accuracy,2026-01-31T02:23:06.000Z,
https://www.fantasyguru.com/nfl-garrett-nussmeier-puts-together-solid-week,nfl-garrett-nussmeier-puts-together-solid-week,2026-01-31T02:23:06.000Z,
https://www.fantasyguru.com/nfl-cyrus-allen-puts-dbs-on-skates,nfl-cyrus-allen-puts-dbs-on-skates,2026-01-31T02:23:06.000Z,
https://www.fantasyguru.com/nfl-caullin-lacy-makes-statement-at-senior-bowl,nfl-caullin-lacy-makes-statement-at-senior-bowl,2026-01-31T02:23:05.000Z,
https://www.fantasyguru.com/patriots-friday-practice-report-for-patriots,patriots-friday-practice-report-for-patriots,2026-01-31T01:23:11.000Z,Practice Report
https://www.fantasyguru.com/nfl-fernando-mendoza-will-be-at-combine,nfl-fernando-mendoza-will-be-at-combine,2026-01-30T22:23:47.000Z,
https://www.fantasyguru.com/nfl-teams-impressed-with-jacob-rodriguez,nfl-teams-impressed-with-jacob-rodriguez,2026-01-30T05:23:20.000Z,
https://www.fantasyguru.com/nfl-reggie-virgil-puts-together-solid-week,nfl-reggie-virgil-puts-together-solid-week,2026-01-30T05:23:19.000Z,
https://www.fantasyguru.com/nfl-devin-voisin-shines-in-red-zone,nfl-devin-voisin-shines-in-red-zone,2026-01-30T04:23:56.000Z,
https://www.fantasyguru.com/nfl-bud-clark-shining-at-senior-bowl,nfl-bud-clark-shining-at-senior-bowl,2026-01-30T04:23:56.000Z,
https://www.fantasyguru.com/nfl-malachi-fields-the-best-wr-in-mobile,nfl-malachi-fields-the-best-wr-in-mobile,2026-01-30T04:23:56.000Z,
https://www.fantasyguru.com/nfl-lee-hunter-stands-out-on-defense,nfl-lee-hunter-stands-out-on-defense,2026-01-30T04:23:55.000Z,
https://www.fantasyguru.com/nfl-scouts-high-on-kyle-louis,nfl-scouts-high-on-kyle-louis,2026-01-30T03:23:58.000Z,
https://www.fantasyguru.com/nfl-colton-hood-nursing-toe-injury,nfl-colton-hood-nursing-toe-injury,2026-01-30T03:23:58.000Z,
https://www.fantasyguru.com/nfl-bryce-boettcher-standing-out-in-mobile,nfl-bryce-boettcher-standing-out-in-mobile,2026-01-30T03:23:57.000Z,
https://www.fantasyguru.com/nfl-t-j-parker-dominates-senior-bowl-practices,nfl-t-j-parker-dominates-senior-bowl-practices,2026-01-30T02:23:49.000Z,
https://www.fantasyguru.com/nfl-luke-altmyer-shows-potential,nfl-luke-altmyer-shows-potential,2026-01-30T02:23:49.000Z,
https://www.fantasyguru.com/nfl-caleb-banks-turns-in-strong-practices,nfl-caleb-banks-turns-in-strong-practices,2026-01-30T02:23:48.000Z,
https://www.fantasyguru.com/seahawks-thursday-practice-report-for-sea-4,seahawks-thursday-practice-report-for-sea-4,2026-01-30T01:23:01.000Z,Practice Report
https://www.fantasyguru.com/buccaneers-tampa-bay-adds-to-coaching-staff,buccaneers-tampa-bay-adds-to-coaching-staff,2026-01-30T01:22:59.000Z,
https://www.fantasyguru.com/patriots-thursday-practice-report-for-patriots-19,patriots-thursday-practice-report-for-patriots-19,2026-01-30T00:23:10.000Z,Practice Report
https://www.fantasyguru.com/dolphins-nathaniel-hackett-joining-coaching-staff,dolphins-nathaniel-hackett-joining-coaching-staff,2026-01-29T23:23:50.000Z,
https://www.fantasyguru.com/rams-ray-ventrone-joining-coaching-staff,rams-ray-ventrone-joining-coaching-staff,2026-01-29T22:23:51.000Z,
https://www.fantasyguru.com/nfl-josh-cameron-standing-out,nfl-josh-cameron-standing-out,2026-01-29T18:23:51.000Z,
https://www.fantasyguru.com/nfl-mike-washington-jr-continues-impressing,nfl-mike-washington-jr-continues-impressing,2026-01-29T18:23:51.000Z,
https://www.fantasyguru.com/2026-nfl-fantasy-billboard-best-and-worst-head-coaches,2026-nfl-fantasy-billboard-best-and-worst-head-coaches,2026-01-29T17:10:48.000Z,
https://www.fantasyguru.com/dynasty-ratings-update-1-29,dynasty-ratings-update-1-29,2026-01-29T08:43:46.000Z,Dynasty
https://www.fantasyguru.com/nfl-darrell-jackson-jr-joins-senior-bowl-roster,nfl-darrell-jackson-jr-joins-senior-bowl-roster,2026-01-29T05:23:49.000Z,
https://www.fantasyguru.com/nfl-zion-young-dominates-at-senior-bowl,nfl-zion-young-dominates-at-senior-bowl,2026-01-29T04:23:13.000Z,
https://www.fantasyguru.com/nfl-mike-washington-jr-boosting-his-stock,nfl-mike-washington-jr-boosting-his-stock,2026-01-29T04:23:12.000Z,
https://www.fantasyguru.com/nfl-caleb-banks-back-at-full-strength,nfl-caleb-banks-back-at-full-strength,2026-01-29T04:23:12.000Z,
https://www.fantasyguru.com/nfl-taylen-green-a-potential-riser,nfl-taylen-green-a-potential-riser,2026-01-29T04:23:12.000Z,
https://www.fantasyguru.com/nfl-strong-showing-from-james-brockermeyer,nfl-strong-showing-from-james-brockermeyer,2026-01-29T04:23:11.000Z,
https://www.fantasyguru.com/nfl-colton-hood-living-up-to-reputation,nfl-colton-hood-living-up-to-reputation,2026-01-29T03:23:11.000Z,
https://www.fantasyguru.com/nfl-ted-hurst-turning-heads,nfl-ted-hurst-turning-heads,2026-01-29T03:23:11.000Z,
https://www.fantasyguru.com/nfl-t-j-parker-moving-up-draft-boards,nfl-t-j-parker-moving-up-draft-boards,2026-01-29T03:23:11.000Z,
https://www.fantasyguru.com/nfl-keylan-rutledge-works-at-center,nfl-keylan-rutledge-works-at-center,2026-01-29T03:23:10.000Z,
https://www.fantasyguru.com/nfl-cole-payton-boosting-stock,nfl-cole-payton-boosting-stock,2026-01-29T02:22:59.000Z,
https://www.fantasyguru.com/nfl-malachi-fields-a-first-round-pick,nfl-malachi-fields-a-first-round-pick,2026-01-29T02:22:58.000Z,
https://www.fantasyguru.com/nfl-tyren-montgomery-performing-well,nfl-tyren-montgomery-performing-well,2026-01-29T00:23:10.000Z,
https://www.fantasyguru.com/nfl-kevin-coleman-impressive-at-senior-bowl,nfl-kevin-coleman-impressive-at-senior-bowl,2026-01-29T00:23:10.000Z,
https://www.fantasyguru.com/patriots-wednesday-practice-report-for-patriots-30,patriots-wednesday-practice-report-for-patriots-30,2026-01-28T23:23:55.000Z,Practice Report
https://www.fantasyguru.com/seahawks-wednesday-practice-report-for-seahawks-25,seahawks-wednesday-practice-report-for-seahawks-25,2026-01-28T23:23:53.000Z,Practice Report
https://www.fantasyguru.com/titans-shea-tierney-joins-coaching-staff,titans-shea-tierney-joins-coaching-staff,2026-01-28T23:23:52.000Z,
https://www.fantasyguru.com/browns-george-warhop-set-to-join-coaching-staff,browns-george-warhop-set-to-join-coaching-staff,2026-01-28T22:23:07.000Z,
https://www.fantasyguru.com/packers-bobby-babich-joining-coaching-staff,packers-bobby-babich-joining-coaching-staff,2026-01-28T22:23:06.000Z,
https://www.fantasyguru.com/nfl-sean-mcdermott-eyeing-return-in-2027,nfl-sean-mcdermott-eyeing-return-in-2027,2026-01-28T21:23:57.000Z,
https://www.fantasyguru.com/steelers-adam-henry-joining-coaching-staff,steelers-adam-henry-joining-coaching-staff,2026-01-28T21:23:57.000Z,
https://www.fantasyguru.com/nfl-lsus-garrett-nussmeier-dealt-with-oblique-issue-in-2025,nfl-lsus-garrett-nussmeier-dealt-with-oblique-issue-in-2025,2026-01-28T05:23:56.000Z,
https://www.fantasyguru.com/nfl-mason-reiger-dominant-at-shrine-bowl,nfl-mason-reiger-dominant-at-shrine-bowl,2026-01-28T04:23:52.000Z,
https://www.fantasyguru.com/nfl-mark-gronowski-wins-mvp-at-shrine-bowl,nfl-mark-gronowski-wins-mvp-at-shrine-bowl,2026-01-28T04:23:51.000Z,
https://www.fantasyguru.com/nfl-lsus-chris-hilton-jr-added-to-senior-bowl-roster,nfl-lsus-chris-hilton-jr-added-to-senior-bowl-roster,2026-01-28T04:23:50.000Z,
https://www.fantasyguru.com/broncos-bo-nix-could-be-ready-for-training-camp,broncos-bo-nix-could-be-ready-for-training-camp,2026-01-27T19:23:56.000Z,Training Camp Report
https://www.fantasyguru.com/falcons-craig-aukerman-joins-coaching-staff,falcons-craig-aukerman-joins-coaching-staff,2026-01-26T18:23:57.000Z,
https://www.fantasyguru.com/nfl-jaren-kanak-showing-versatility,nfl-jaren-kanak-showing-versatility,2026-01-26T05:23:26.000Z,
https://www.fantasyguru.com/nfl-eric-gentry-shining-at-shrine-bowl,nfl-eric-gentry-shining-at-shrine-bowl,2026-01-26T03:23:54.000Z,
https://www.fantasyguru.com/rams-rams-come-up-just-short-of-super-bowl,rams-rams-come-up-just-short-of-super-bowl,2026-01-26T03:23:53.000Z,
https://www.fantasyguru.com/seahawks-seattle-outlasts-rams-to-clinch-super-bowl-spot,seahawks-seattle-outlasts-rams-to-clinch-super-bowl-spot,2026-01-26T03:23:51.000Z,
https://www.fantasyguru.com/nfl-mark-gronowski-continues-to-boost-stick,nfl-mark-gronowski-continues-to-boost-stick,2026-01-26T02:23:07.000Z,
https://www.fantasyguru.com/nfl-c-j-donaldson-impressing-at-shrine-bowl,nfl-c-j-donaldson-impressing-at-shrine-bowl,2026-01-26T02:23:07.000Z,
https://www.fantasyguru.com/nfl-febechi-nwaiwu-switches-positions,nfl-febechi-nwaiwu-switches-positions,2026-01-26T02:23:07.000Z,
https://www.fantasyguru.com/nfl-anthony-smith-making-most-of-opportunity,nfl-anthony-smith-making-most-of-opportunity,2026-01-26T02:23:07.000Z,
https://www.fantasyguru.com/patriots-new-england-to-play-in-another-super-bowl,patriots-new-england-to-play-in-another-super-bowl,2026-01-25T23:23:57.000Z,
https://www.fantasyguru.com/jaguars-brian-picucci-joining-coaching-staff,jaguars-brian-picucci-joining-coaching-staff,2026-01-25T21:23:50.000Z,
https://www.fantasyguru.com/dolphins-tyke-tolbert-added-to-coaching-staff,dolphins-tyke-tolbert-added-to-coaching-staff,2026-01-25T20:23:03.000Z,
https://www.fantasyguru.com/nfl-aamil-wagner-shows-off-versatility,nfl-aamil-wagner-shows-off-versatility,2026-01-25T04:23:02.000Z,
https://www.fantasyguru.com/nfl-james-thompson-jr-flashes-for-scouts,nfl-james-thompson-jr-flashes-for-scouts,2026-01-25T04:23:02.000Z,
https://www.fantasyguru.com/nfl-jake-golday-dealing-with-injury,nfl-jake-golday-dealing-with-injury,2026-01-25T04:23:01.000Z,
https://www.fantasyguru.com/nfl-kaden-wetjen-impressing-scouts,nfl-kaden-wetjen-impressing-scouts,2026-01-25T02:23:57.000Z,
https://www.fantasyguru.com/nfl-mark-gronowski-impresses-at-shrine-bowl,nfl-mark-gronowski-impresses-at-shrine-bowl,2026-01-25T02:23:57.000Z,
https://www.fantasyguru.com/nfl-jack-endries-injured-at-shrine-bowl,nfl-jack-endries-injured-at-shrine-bowl,2026-01-25T01:23:03.000Z,
https://www.fantasyguru.com/nfl-skyler-bell-dealing-with-quadriceps-issue,nfl-skyler-bell-dealing-with-quadriceps-issue,2026-01-25T01:23:02.000Z,
https://www.fantasyguru.com/nfl-cade-klubnik-makes-good-impression,nfl-cade-klubnik-makes-good-impression,2026-01-24T05:23:00.000Z,
https://www.fantasyguru.com/nfl-dezhaun-stribling-dealing-with-injury,nfl-dezhaun-stribling-dealing-with-injury,2026-01-24T05:22:59.000Z,
https://www.fantasyguru.com/nfl-dontay-corleone-exits-practice,nfl-dontay-corleone-exits-practice,2026-01-24T05:22:58.000Z,
https://www.fantasyguru.com/2025-nfl-conference-championship-gameday-matchups,2025-nfl-conference-championship-gameday-matchups,2026-01-23T20:26:36.000Z,
https://www.fantasyguru.com/nfl-fernando-mendoza-declares-for-nfl-draft,nfl-fernando-mendoza-declares-for-nfl-draft,2026-01-23T16:23:53.000Z,
https://www.fantasyguru.com/rams-thursday-practice-report-for-rams-19,rams-thursday-practice-report-for-rams-19,2026-01-23T01:24:03.000Z,Practice Report
https://www.fantasyguru.com/seahawks-thursday-practice-report-for-sea-3,seahawks-thursday-practice-report-for-sea-3,2026-01-23T01:24:00.000Z,Practice Report
https://www.fantasyguru.com/broncos-thursday-practice-report-for-broncos-13,broncos-thursday-practice-report-for-broncos-13,2026-01-22T23:23:26.000Z,Practice Report
https://www.fantasyguru.com/patriots-thursday-practice-report-for-patriots-18,patriots-thursday-practice-report-for-patriots-18,2026-01-22T23:23:23.000Z,Practice Report
https://www.fantasyguru.com/2026-nfl-fantasy-billboard-fantasy-football-lucky-charms,2026-nfl-fantasy-billboard-fantasy-football-lucky-charms,2026-01-22T14:58:55.000Z,
https://www.fantasyguru.com/dynasty-ratings-update-1-22,dynasty-ratings-update-1-22,2026-01-22T11:04:40.000Z,Dynasty
https://www.fantasyguru.com/seahawks-seattles-wednesday-practice-report,seahawks-seattles-wednesday-practice-report,2026-01-22T01:23:50.000Z,Practice Report
https://www.fantasyguru.com/broncos-wednesday-practice-report-for-broncos-11,broncos-wednesday-practice-report-for-broncos-11,2026-01-22T00:23:08.000Z,Practice Report
https://www.fantasyguru.com/patriots-wednesday-practice-report-for-patriots-29,patriots-wednesday-practice-report-for-patriots-29,2026-01-22T00:23:06.000Z,Practice Report
https://www.fantasyguru.com/rams-wednesday-practice-report-for-lar-2,rams-wednesday-practice-report-for-lar-2,2026-01-22T00:23:04.000Z,Practice Report
https://www.fantasyguru.com/nfl-four-ots-on-west-roster-at-shrine-bowl,nfl-four-ots-on-west-roster-at-shrine-bowl,2026-01-19T00:23:05.000Z,
https://www.fantasyguru.com/nfl-haynes-king-leads-west-qbs-in-shrine-bowl,nfl-haynes-king-leads-west-qbs-in-shrine-bowl,2026-01-19T00:23:05.000Z,
https://www.fantasyguru.com/nfl-roman-hemby-heads-up-west-rbs-at-shrine-bowl,nfl-roman-hemby-heads-up-west-rbs-at-shrine-bowl,2026-01-19T00:23:04.000Z,
https://www.fantasyguru.com/nfl-six-safeties-on-west-roster-at-shrine-bowl,nfl-six-safeties-on-west-roster-at-shrine-bowl,2026-01-19T00:23:03.000Z,
https://www.fantasyguru.com/nfl-seydou-traore-two-other-tes-on-west-roster,nfl-seydou-traore-two-other-tes-on-west-roster,2026-01-19T00:23:03.000Z,
https://www.fantasyguru.com/nfl-skyler-bell-malik-benson-head-up-west-wrs-in-shrine-bowl,nfl-skyler-bell-malik-benson-head-up-west-wrs-in-shrine-bowl,2026-01-19T00:23:01.000Z,
https://www.fantasyguru.com/nfl-ius-riley-nowakowski-among-four-headed-to-shrine-bowl,nfl-ius-riley-nowakowski-among-four-headed-to-shrine-bowl,2026-01-18T23:23:17.000Z,
https://www.fantasyguru.com/nfl-dontay-corleone-headlines-west-defensive-linemen,nfl-dontay-corleone-headlines-west-defensive-linemen,2026-01-18T23:23:16.000Z,
https://www.fantasyguru.com/nfldraft,nfldraft,2026-01-18T23:23:15.000Z,
https://www.fantasyguru.com/nfl-eric-gentry-heads-up-west-lbs-at-shrine-bowl,nfl-eric-gentry-heads-up-west-lbs-at-shrine-bowl,2026-01-18T23:23:14.000Z,
https://www.fantasyguru.com/nfl-five-cbs-on-west-roster-for-shrine-bowl,nfl-five-cbs-on-west-roster-for-shrine-bowl,2026-01-18T22:23:47.000Z,
https://www.fantasyguru.com/nfl-red-murdock-taurean-york-are-top-lbs-for-east,nfl-red-murdock-taurean-york-are-top-lbs-for-east,2026-01-18T21:23:52.000Z,
https://www.fantasyguru.com/nfl-aamil-wagner-one-of-top-ots-at-shrine-bowl,nfl-aamil-wagner-one-of-top-ots-at-shrine-bowl,2026-01-18T21:23:51.000Z,
https://www.fantasyguru.com/nfl-east-qb-shrine-bowl-roster-full-of-draft-prospects,nfl-east-qb-shrine-bowl-roster-full-of-draft-prospects,2026-01-18T21:23:51.000Z,QB Analysis
https://www.fantasyguru.com/nfl-chip-trayanum-among-rb-prospects-at-shrine-bowl,nfl-chip-trayanum-among-rb-prospects-at-shrine-bowl,2026-01-18T21:23:50.000Z,
https://www.fantasyguru.com/nfl-myles-rowser-leads-safety-prospects-at-shrine-bowl,nfl-myles-rowser-leads-safety-prospects-at-shrine-bowl,2026-01-18T21:23:49.000Z,
https://www.fantasyguru.com/nfl-jack-endries-eli-raridon-among-top-te-prospects,nfl-jack-endries-eli-raridon-among-top-te-prospects,2026-01-18T21:23:48.000Z,
https://www.fantasyguru.com/nfl-dezhaun-stribling-leads-pack-of-east-wrs-at-shrine-bowl,nfl-dezhaun-stribling-leads-pack-of-east-wrs-at-shrine-bowl,2026-01-18T21:23:47.000Z,
https://www.fantasyguru.com/nfl-devonta-smith-highlights-east-cbs-at-shrine-bowl,nfl-devonta-smith-highlights-east-cbs-at-shrine-bowl,2026-01-18T20:23:54.000Z,
https://www.fantasyguru.com/nfl-mason-reiger-heads-up-edge-players-on-east-roster,nfl-mason-reiger-heads-up-edge-players-on-east-roster,2026-01-18T20:23:53.000Z,
https://www.fantasyguru.com/nfl-max-bredeson-among-shrine-bowl-prospects,nfl-max-bredeson-among-shrine-bowl-prospects,2026-01-18T20:23:53.000Z,
https://www.fantasyguru.com/nfl-darrell-jackson-jr-leads-idl-prospects-at-shrine-bowl,nfl-darrell-jackson-jr-leads-idl-prospects-at-shrine-bowl,2026-01-18T20:23:51.000Z,
https://www.fantasyguru.com/commanders-danny-etling-joining-coaching-staff,commanders-danny-etling-joining-coaching-staff,2026-01-16T20:23:48.000Z,
https://www.fantasyguru.com/2025-the-top-50-adp-performances,2025-the-top-50-adp-performances,2026-01-16T19:03:26.000Z,
https://www.fantasyguru.com/nfl-kevin-stefanski-in-demand,nfl-kevin-stefanski-in-demand,2026-01-16T17:23:54.000Z,
https://www.fantasyguru.com/nfl-monroe-freeling-headed-to-draft,nfl-monroe-freeling-headed-to-draft,2026-01-16T02:23:57.000Z,
https://www.fantasyguru.com/nfl-charles-du-declares-for-draft,nfl-charles-du-declares-for-draft,2026-01-16T02:23:57.000Z,
https://www.fantasyguru.com/nfl-draft-up-next-for-taurean-york,nfl-draft-up-next-for-taurean-york,2026-01-16T02:23:56.000Z,
https://www.fantasyguru.com/nfl-c-j-allen-declares-for-draft,nfl-c-j-allen-declares-for-draft,2026-01-16T01:23:09.000Z,
https://www.fantasyguru.com/nfl-chase-bisontis-headed-to-draft,nfl-chase-bisontis-headed-to-draft,2026-01-16T01:23:08.000Z,
https://www.fantasyguru.com/nfl-dylan-devezin-is-draft-bound,nfl-dylan-devezin-is-draft-bound,2026-01-16T01:23:07.000Z,
https://www.fantasyguru.com/rams-thursday-practice-report-for-rams-18,rams-thursday-practice-report-for-rams-18,2026-01-16T00:23:16.000Z,Practice Report
https://www.fantasyguru.com/patriots-thursday-practice-report-for-ne-3,patriots-thursday-practice-report-for-ne-3,2026-01-15T22:23:17.000Z,Practice Report
https://www.fantasyguru.com/texans-thursday-practice-report-for-texans-10,texans-thursday-practice-report-for-texans-10,2026-01-15T22:23:15.000Z,Practice Report
https://www.fantasyguru.com/bears-thursday-practice-report-for-chicago-6,bears-thursday-practice-report-for-chicago-6,2026-01-15T21:23:23.000Z,Practice Report
https://www.fantasyguru.com/2026-nfl-fantasy-billboard-fantasy-football-divisional-round-observations,2026-nfl-fantasy-billboard-fantasy-football-divisional-round-observations,2026-01-15T15:26:06.000Z,
https://www.fantasyguru.com/dynasty-ratings-update-1-15,dynasty-ratings-update-1-15,2026-01-15T10:07:10.000Z,Dynasty
https://www.fantasyguru.com/nfl-justin-joly-declares-for-draft,nfl-justin-joly-declares-for-draft,2026-01-15T02:23:52.000Z,
https://www.fantasyguru.com/nfl-max-klare-puts-name-in-draft,nfl-max-klare-puts-name-in-draft,2026-01-15T02:23:51.000Z,
https://www.fantasyguru.com/nfl-dillon-thieneman-headed-to-next-level,nfl-dillon-thieneman-headed-to-next-level,2026-01-15T02:23:51.000Z,
https://www.fantasyguru.com/rams-wednesday-practice-report-for-rams-23,rams-wednesday-practice-report-for-rams-23,2026-01-15T00:23:53.000Z,Practice Report
https://www.fantasyguru.com/seahawks-wednesday-practice-report-for-seahawks-24,seahawks-wednesday-practice-report-for-seahawks-24,2026-01-15T00:23:50.000Z,Practice Report
https://www.fantasyguru.com/nfl-sonny-styles-entering-draft,nfl-sonny-styles-entering-draft,2026-01-15T00:23:50.000Z,
https://www.fantasyguru.com/broncos-denvers-wednesday-practice-report-10,broncos-denvers-wednesday-practice-report-10,2026-01-14T23:23:19.000Z,Practice Report
https://www.fantasyguru.com/bears-wednesday-practice-report-for-bears-15,bears-wednesday-practice-report-for-bears-15,2026-01-14T23:23:17.000Z,Practice Report
https://www.fantasyguru.com/49ers-wednesday-practice-report-for-49ers-22,49ers-wednesday-practice-report-for-49ers-22,2026-01-14T23:23:15.000Z,Practice Report
https://www.fantasyguru.com/patriots-wednesday-practice-report-for-patriots-28,patriots-wednesday-practice-report-for-patriots-28,2026-01-14T22:23:11.000Z,Practice Report
https://www.fantasyguru.com/texans-wednesday-practice-report-for-texans-15,texans-wednesday-practice-report-for-texans-15,2026-01-14T22:23:09.000Z,Practice Report
https://www.fantasyguru.com/bills-wednesday-practice-report-for-buffalo-6,bills-wednesday-practice-report-for-buffalo-6,2026-01-14T21:23:25.000Z,Practice Report
https://www.fantasyguru.com/49ers-tuesday-practice-report-for-san-francisco,49ers-tuesday-practice-report-for-san-francisco,2026-01-14T03:23:03.000Z,Practice Report
https://www.fantasyguru.com/broncos-tuesday-practice-report-for-denver-3,broncos-tuesday-practice-report-for-denver-3,2026-01-14T02:23:11.000Z,Practice Report
https://www.fantasyguru.com/nfldraft-kenyon-sadiq-to-take-talents-to-nfl,nfldraft-kenyon-sadiq-to-take-talents-to-nfl,2026-01-14T01:23:05.000Z,
https://www.fantasyguru.com/seahawks-tuesday-practice-report-for-seattle-3,seahawks-tuesday-practice-report-for-seattle-3,2026-01-14T01:23:04.000Z,Practice Report
https://www.fantasyguru.com/bills-tuesday-practice-report-for-buffalo-2,bills-tuesday-practice-report-for-buffalo-2,2026-01-13T23:23:20.000Z,Practice Report
https://www.fantasyguru.com/chargers-rashawn-slater-plans-to-return-for-training-camp,chargers-rashawn-slater-plans-to-return-for-training-camp,2026-01-13T01:23:14.000Z,Training Camp Report
https://www.fantasyguru.com/nfl-draft-up-next-for-eric-singleton-jr,nfl-draft-up-next-for-eric-singleton-jr,2026-01-12T03:23:14.000Z,
https://www.fantasyguru.com/nfl-kayden-mcdonald-throws-name-in-draft,nfl-kayden-mcdonald-throws-name-in-draft,2026-01-12T02:22:59.000Z,
https://www.fantasyguru.com/nfl-miller-moss-declares-for-draft,nfl-miller-moss-declares-for-draft,2026-01-12T02:22:59.000Z,
https://www.fantasyguru.com/nfl-jimmy-rolder-draft-bound,nfl-jimmy-rolder-draft-bound,2026-01-12T02:22:59.000Z,
https://www.fantasyguru.com/nfl-deontae-lawson-declares-for-draft,nfl-deontae-lawson-declares-for-draft,2026-01-12T02:22:57.000Z,
https://www.fantasyguru.com/nfl-marlin-klein-declares-for-draft,nfl-marlin-klein-declares-for-draft,2026-01-10T04:23:05.000Z,
https://www.fantasyguru.com/nfl-tommy-castellanos-headed-to-draft,nfl-tommy-castellanos-headed-to-draft,2026-01-10T04:23:05.000Z,
https://www.fantasyguru.com/nfl-marlin-klein-declares-for-draft,nfl-marlin-klein-declares-for-draft,2026-01-10T04:23:05.000Z,
https://www.fantasyguru.com/nfl-tommy-castellanos-headed-to-draft,nfl-tommy-castellanos-headed-to-draft,2026-01-10T04:23:05.000Z,
https://www.fantasyguru.com/nfl-caleb-downs-declares-for-draft,nfl-caleb-downs-declares-for-draft,2026-01-10T02:23:09.000Z,
https://www.fantasyguru.com/nfl-caleb-downs-declares-for-draft,nfl-caleb-downs-declares-for-draft,2026-01-10T02:23:09.000Z,
https://www.fantasyguru.com/steelers-friday-practice-report-for-steelers-2,steelers-friday-practice-report-for-steelers-2,2026-01-09T23:23:45.000Z,Practice Report
https://www.fantasyguru.com/steelers-friday-practice-report-for-steelers-2,steelers-friday-practice-report-for-steelers-2,2026-01-09T23:23:45.000Z,Practice Report
https://www.fantasyguru.com/texans-friday-practice-report-for-texans-3,texans-friday-practice-report-for-texans-3,2026-01-09T22:23:48.000Z,Practice Report
https://www.fantasyguru.com/texans-friday-practice-report-for-texans-3,texans-friday-practice-report-for-texans-3,2026-01-09T22:23:48.000Z,Practice Report
https://www.fantasyguru.com/chargers-thursday-practice-report-for-chargers-12,chargers-thursday-practice-report-for-chargers-12,2026-01-09T00:23:58.000Z,Practice Report
https://www.fantasyguru.com/patriots-thursday-practice-report-for-patriots-17,patriots-thursday-practice-report-for-patriots-17,2026-01-09T00:23:54.000Z,Practice Report
https://www.fantasyguru.com/eagles-phillys-thursday-practice-report,eagles-phillys-thursday-practice-report,2026-01-08T23:23:44.000Z,Practice Report
https://www.fantasyguru.com/texans-thursday-practice-report-for-texans-8,texans-thursday-practice-report-for-texans-8,2026-01-08T23:23:42.000Z,Practice Report
https://www.fantasyguru.com/49ers-thursday-practice-report-for-49ers-38,49ers-thursday-practice-report-for-49ers-38,2026-01-08T23:23:39.000Z,Practice Report
https://www.fantasyguru.com/steelers-thursday-practice-report-for-steelers-5,steelers-thursday-practice-report-for-steelers-5,2026-01-08T22:23:50.000Z,Practice Report
https://www.fantasyguru.com/nfl-arvell-reese-entering-draft,nfl-arvell-reese-entering-draft,2026-01-08T22:23:50.000Z,
https://www.fantasyguru.com/bills-thursday-practice-report-for-buffalo-7,bills-thursday-practice-report-for-buffalo-7,2026-01-08T21:24:03.000Z,Practice Report
https://www.fantasyguru.com/jaguars-thursday-practice-report-for-jaguars-16,jaguars-thursday-practice-report-for-jaguars-16,2026-01-08T21:24:00.000Z,Practice Report
https://www.fantasyguru.com/2025-wild-card-round-nfl-gameday-matchups,2025-wild-card-round-nfl-gameday-matchups,2026-01-08T19:27:38.000Z,
https://www.fantasyguru.com/2025-season-red-zone-review,2025-season-red-zone-review,2026-01-08T18:28:46.000Z,
https://www.fantasyguru.com/snap-counts-usage-from-the-2025-season,snap-counts-usage-from-the-2025-season,2026-01-08T18:01:00.000Z,
https://www.fantasyguru.com/2026-nfl-fantasy-billboard-fantasy-football-week-18-backups,2026-nfl-fantasy-billboard-fantasy-football-week-18-backups,2026-01-08T14:49:38.000Z,
https://www.fantasyguru.com/8-high-upside-dynasty-values,8-high-upside-dynasty-values,2026-01-08T10:39:19.000Z,Dynasty
https://www.fantasyguru.com/rams-wednesday-practice-report-for-rams-22,rams-wednesday-practice-report-for-rams-22,2026-01-08T01:23:53.000Z,Practice Report
https://www.fantasyguru.com/patriots-wednesday-practice-report-for-patriots-27,patriots-wednesday-practice-report-for-patriots-27,2026-01-08T00:23:27.000Z,Practice Report
https://www.fantasyguru.com/chargers-wednesday-practice-report-for-chargers-21,chargers-wednesday-practice-report-for-chargers-21,2026-01-08T00:23:24.000Z,Practice Report
https://www.fantasyguru.com/panthers-wednesday-practice-report-for-panthers-17,panthers-wednesday-practice-report-for-panthers-17,2026-01-08T00:23:23.000Z,Practice Report
https://www.fantasyguru.com/eagles-wednesday-practice-report-for-eagles-11,eagles-wednesday-practice-report-for-eagles-11,2026-01-07T23:23:49.000Z,Practice Report
https://www.fantasyguru.com/49ers-wednesday-practice-report-for-49ers-21,49ers-wednesday-practice-report-for-49ers-21,2026-01-07T23:23:47.000Z,Practice Report
https://www.fantasyguru.com/packers-wednesday-practice-report-for-gb-2,packers-wednesday-practice-report-for-gb-2,2026-01-07T22:23:06.000Z,Practice Report
https://www.fantasyguru.com/bears-wednesday-practice-report-for-chicago-4,bears-wednesday-practice-report-for-chicago-4,2026-01-07T21:23:58.000Z,Practice Report
https://www.fantasyguru.com/jaguars-wednesday-practice-report-for-jaguars-21,jaguars-wednesday-practice-report-for-jaguars-21,2026-01-07T21:23:56.000Z,Practice Report
https://www.fantasyguru.com/bills-wednesday-practice-report-for-buffalo-5,bills-wednesday-practice-report-for-buffalo-5,2026-01-07T20:23:54.000Z,Practice Report
https://www.fantasyguru.com/nfl-ty-simpson-entering-draft,nfl-ty-simpson-entering-draft,2026-01-07T17:23:55.000Z,
https://www.fantasyguru.com/nfl-vance-josephs-interview-schedule-set,nfl-vance-josephs-interview-schedule-set,2026-01-07T06:23:48.000Z,
https://www.fantasyguru.com/nfl-carnell-tate-declares-for-draft,nfl-carnell-tate-declares-for-draft,2026-01-07T04:23:47.000Z,
https://www.fantasyguru.com/packers-green-bays-tuesday-practice-report-2,packers-green-bays-tuesday-practice-report-2,2026-01-07T00:23:50.000Z,Practice Report
https://www.fantasyguru.com/nfl-seven-teams-quickly-express-interest-in-john-harbaugh,nfl-seven-teams-quickly-express-interest-in-john-harbaugh,2026-01-07T00:23:49.000Z,
https://www.fantasyguru.com/rams-tuesdays-practice-report-for-la-rams,rams-tuesdays-practice-report-for-la-rams,2026-01-07T00:23:47.000Z,Practice Report
https://www.fantasyguru.com/bears-tuesdays-practice-report-for-chicago-2,bears-tuesdays-practice-report-for-chicago-2,2026-01-06T23:24:00.000Z,Practice Report
https://www.fantasyguru.com/panthers-tuesday-practice-report-for-carolina-2,panthers-tuesday-practice-report-for-carolina-2,2026-01-06T22:23:14.000Z,Practice Report
https://www.fantasyguru.com/nfl-vance-joseph-expected-to-interview-with-several-teams,nfl-vance-joseph-expected-to-interview-with-several-teams,2026-01-06T19:23:07.000Z,
https://www.fantasyguru.com/nfl-dfs-cash-game-review-week-18-2026,nfl-dfs-cash-game-review-week-18-2026,2026-01-05T22:35:12.000Z,NFL DFS Breakdown
https://www.fantasyguru.com/nfl-zachariah-branch-entering-draft,nfl-zachariah-branch-entering-draft,2026-01-05T22:23:01.000Z,
https://www.fantasyguru.com/drafters-playoff-best-ball-rankings-2026,drafters-playoff-best-ball-rankings-2026,2026-01-05T20:25:33.000Z,Best Ball
https://www.fantasyguru.com/packers-barryn-sorrell-gets-to-the-quarterback,packers-barryn-sorrell-gets-to-the-quarterback,2026-01-04T23:23:52.000Z,QB Analysis
https://www.fantasyguru.com/browns-myles-garrett-becomes-new-nfl-sack-king,browns-myles-garrett-becomes-new-nfl-sack-king,2026-01-04T21:23:12.000Z,
https://www.fantasyguru.com/nfl-week-18-injury-report-2026,nfl-week-18-injury-report-2026,2026-01-04T16:33:14.000Z,
https://www.fantasyguru.com/nfl-gpp-breakdown-week-18-2026,nfl-gpp-breakdown-week-18-2026,2026-01-03T22:11:55.000Z,
https://www.fantasyguru.com/nfl-georgia-dt-christen-miller-heads-into-draft,nfl-georgia-dt-christen-miller-heads-into-draft,2026-01-03T21:23:56.000Z,
https://www.fantasyguru.com/browns-myles-garrett-aims-for-nfl-sack-record,browns-myles-garrett-aims-for-nfl-sack-record,2026-01-03T20:23:45.000Z,
https://www.fantasyguru.com/2025-nfl-core-4-dfs-livestream-recap-jan-2nd,2025-nfl-core-4-dfs-livestream-recap-jan-2nd,2026-01-03T18:03:20.000Z,Podcast/Livestream
https://www.fantasyguru.com/nfl-dfs-betting-selections-week-18-2026,nfl-dfs-betting-selections-week-18-2026,2026-01-03T17:04:53.000Z,NFL DFS Breakdown
https://www.fantasyguru.com/nfl-jack-endries-entering-draft,nfl-jack-endries-entering-draft,2026-01-03T01:23:14.000Z,
https://www.fantasyguru.com/nfl-zavion-thomas-declares-for-draft,nfl-zavion-thomas-declares-for-draft,2026-01-03T01:23:13.000Z,
https://www.fantasyguru.com/nfl-core-4-dfs-with-tyler-buecher,nfl-core-4-dfs-with-tyler-buecher,2026-01-02T23:55:41.000Z,
https://www.fantasyguru.com/2025-week-18-nfl-gameday-matchups,2025-week-18-nfl-gameday-matchups,2026-01-02T23:15:49.000Z,
https://www.fantasyguru.com/rams-thursday-practice-report-for-lar-3,rams-thursday-practice-report-for-lar-3,2026-01-02T02:23:02.000Z,Practice Report
https://www.fantasyguru.com/chargers-thursday-practice-report-for-chargers-11,chargers-thursday-practice-report-for-chargers-11,2026-01-02T02:23:00.000Z,Practice Report
https://www.fantasyguru.com/packers-thursday-practice-report-for-packers-20,packers-thursday-practice-report-for-packers-20,2026-01-02T01:23:14.000Z,Practice Report
https://www.fantasyguru.com/dolphins-thursday-practice-report-for-dolphins-15,dolphins-thursday-practice-report-for-dolphins-15,2026-01-02T00:23:55.000Z,Practice Report
https://www.fantasyguru.com/cardinals-arizonas-thursday-practice-report-8,cardinals-arizonas-thursday-practice-report-8,2026-01-02T00:23:54.000Z,Practice Report
https://www.fantasyguru.com/patriots-thursday-practice-report-for-patriots-16,patriots-thursday-practice-report-for-patriots-16,2026-01-02T00:23:52.000Z,Practice Report
https://www.fantasyguru.com/steelers-thursday-practice-report-for-steelers-4,steelers-thursday-practice-report-for-steelers-4,2026-01-01T23:23:09.000Z,Practice Report
https://www.fantasyguru.com/texans-thursday-practice-report-for-texans-7,texans-thursday-practice-report-for-texans-7,2026-01-01T23:23:08.000Z,Practice Report
https://www.fantasyguru.com/bengals-thursday-practice-report-for-cin,bengals-thursday-practice-report-for-cin,2026-01-01T22:23:01.000Z,Practice Report
https://www.fantasyguru.com/lions-thursday-practice-report-for-lions-9,lions-thursday-practice-report-for-lions-9,2026-01-01T22:23:00.000Z,Practice Report
https://www.fantasyguru.com/commanders-washingtons-thursday-practice-report-3,commanders-washingtons-thursday-practice-report-3,2026-01-01T22:22:58.000Z,Practice Report
https://www.fantasyguru.com/eagles-thursday-practice-report-for-eagles-17,eagles-thursday-practice-report-for-eagles-17,2026-01-01T22:22:57.000Z,Practice Report
https://www.fantasyguru.com/bears-thursday-practice-report-for-chicago-5,bears-thursday-practice-report-for-chicago-5,2026-01-01T21:24:00.000Z,Practice Report
https://www.fantasyguru.com/jets-thursday-practice-report-for-jets-20,jets-thursday-practice-report-for-jets-20,2026-01-01T21:23:58.000Z,Practice Report
https://www.fantasyguru.com/jaguars-thursday-practice-report-for-jaguars-15,jaguars-thursday-practice-report-for-jaguars-15,2026-01-01T21:23:55.000Z,Practice Report
https://www.fantasyguru.com/bills-thursday-practice-report-for-buffalo-6,bills-thursday-practice-report-for-buffalo-6,2026-01-01T20:23:48.000Z,Practice Report
https://www.fantasyguru.com/2025-red-zone-review-after-week-17,2025-red-zone-review-after-week-17,2026-01-01T18:29:04.000Z,
https://www.fantasyguru.com/dynasty-ratings-update-12-31-25,dynasty-ratings-update-12-31-25,2026-01-01T04:47:45.000Z,Dynasty
https://www.fantasyguru.com/49ers-wednesday-practice-report-for-san-francisco,49ers-wednesday-practice-report-for-san-francisco,2026-01-01T03:23:54.000Z,Practice Report
https://www.fantasyguru.com/seahawks-wednesday-practice-report-for-seattle-4,seahawks-wednesday-practice-report-for-seattle-4,2026-01-01T03:23:51.000Z,Practice Report
https://www.fantasyguru.com/chiefs-wednesday-practice-report-for-kansas-city-3,chiefs-wednesday-practice-report-for-kansas-city-3,2026-01-01T02:24:02.000Z,Practice Report
https://www.fantasyguru.com/rams-wednesday-practice-report-for-rams-21,rams-wednesday-practice-report-for-rams-21,2026-01-01T02:23:58.000Z,Practice Report
https://www.fantasyguru.com/chargers-wednesday-practice-report-for-chargers-20,chargers-wednesday-practice-report-for-chargers-20,2026-01-01T02:23:57.000Z,Practice Report
https://www.fantasyguru.com/ravens-wednesday-practice-report-for-ravens-17,ravens-wednesday-practice-report-for-ravens-17,2026-01-01T01:23:35.000Z,Practice Report
https://www.fantasyguru.com/bears-wednesday-practice-report-for-bears-13,bears-wednesday-practice-report-for-bears-13,2026-01-01T01:23:33.000Z,Practice Report
https://www.fantasyguru.com/browns-wednesday-practice-report-for-cleveland-4,browns-wednesday-practice-report-for-cleveland-4,2026-01-01T01:23:30.000Z,Practice Report
https://www.fantasyguru.com/falcons-wednesday-practice-report-for-falcons-9,falcons-wednesday-practice-report-for-falcons-9,2026-01-01T00:23:30.000Z,Practice Report
https://www.fantasyguru.com/texans-wednesday-practice-report-for-texans-14,texans-wednesday-practice-report-for-texans-14,2026-01-01T00:23:27.000Z,Practice Report
https://www.fantasyguru.com/titans-wednesday-practice-report-for-titans-17,titans-wednesday-practice-report-for-titans-17,2026-01-01T00:23:25.000Z,Practice Report
https://www.fantasyguru.com/2025-nfl-dfs-contest-selection-week-18,2025-nfl-dfs-contest-selection-week-18,2025-12-31T23:55:36.000Z,NFL DFS Breakdown
https://www.fantasyguru.com/bengals-wednesday-practice-report-for-bengals-17,bengals-wednesday-practice-report-for-bengals-17,2025-12-31T23:23:03.000Z,Practice Report
https://www.fantasyguru.com/steelers-wednesday-practice-report-for-steelers-14,steelers-wednesday-practice-report-for-steelers-14,2025-12-31T23:23:01.000Z,Practice Report
https://www.fantasyguru.com/buccaneers-wednesday-practice-report-for-bucs-22,buccaneers-wednesday-practice-report-for-bucs-22,2025-12-31T23:23:00.000Z,Practice Report
https://www.fantasyguru.com/eagles-phillys-wednesday-practice-report-3,eagles-phillys-wednesday-practice-report-3,2025-12-31T23:22:59.000Z,Practice Report
https://www.fantasyguru.com/broncos-wednesday-practice-report-for-broncos-10,broncos-wednesday-practice-report-for-broncos-10,2025-12-31T23:22:58.000Z,Practice Report
https://www.fantasyguru.com/cardinals-wednesday-practice-report-for-cardinals-15,cardinals-wednesday-practice-report-for-cardinals-15,2025-12-31T22:24:01.000Z,Practice Report
https://www.fantasyguru.com/jaguars-wednesday-practice-report-for-jaguars-20,jaguars-wednesday-practice-report-for-jaguars-20,2025-12-31T22:23:59.000Z,Practice Report
https://www.fantasyguru.com/cowboys-wednesday-practice-report-for-cowboys-18,cowboys-wednesday-practice-report-for-cowboys-18,2025-12-31T22:23:56.000Z,Practice Report
https://www.fantasyguru.com/colts-wednesday-practice-report-for-indianapolis-8,colts-wednesday-practice-report-for-indianapolis-8,2025-12-31T21:23:54.000Z,Practice Report
https://www.fantasyguru.com/giants-wednesday-practice-report-for-giants-11,giants-wednesday-practice-report-for-giants-11,2025-12-31T21:23:53.000Z,Practice Report
https://www.fantasyguru.com/commanders-wednesday-practice-report-for-was-15,commanders-wednesday-practice-report-for-was-15,2025-12-31T21:23:50.000Z,Practice Report
https://www.fantasyguru.com/bills-wednesday-practice-report-for-bills-10,bills-wednesday-practice-report-for-bills-10,2025-12-31T20:24:08.000Z,Practice Report
https://www.fantasyguru.com/panthers-wednesday-practice-report-for-carolina-7,panthers-wednesday-practice-report-for-carolina-7,2025-12-31T20:24:07.000Z,Practice Report
https://www.fantasyguru.com/2025-nfl-weekly-streamers-week-18,2025-nfl-weekly-streamers-week-18,2025-12-31T19:03:33.000Z,
https://www.fantasyguru.com/snap-counts-usage-from-week-17-2,snap-counts-usage-from-week-17-2,2025-12-31T15:50:34.000Z,
https://www.fantasyguru.com/targets-and-touches-week-17-5,targets-and-touches-week-17-5,2025-12-31T08:24:18.000Z,Targets & Touches
https://www.fantasyguru.com/seahawks-tuesday-practice-report-for-seattle,seahawks-tuesday-practice-report-for-seattle,2025-12-31T03:23:53.000Z,Practice Report
https://www.fantasyguru.com/2025-nfl-fantasy-billboard-fantasy-football-new-year-resolutions,2025-nfl-fantasy-billboard-fantasy-football-new-year-resolutions,2025-12-30T22:29:13.000Z,
https://www.fantasyguru.com/panthers-tuesday-practice-report-for-carolina,panthers-tuesday-practice-report-for-carolina,2025-12-30T21:23:50.000Z,Practice Report
https://www.fantasyguru.com/buccaneers-tuesday-practice-report-for-tampa-bay,buccaneers-tuesday-practice-report-for-tampa-bay,2025-12-30T21:23:48.000Z,Practice Report
https://www.fantasyguru.com/2025-qb-coach-week-18,2025-qb-coach-week-18,2025-12-30T21:20:42.000Z,QB Analysis
https://www.fantasyguru.com/2025-idp-leagues-week-17-performers-week-18-waiver-wire-targets,2025-idp-leagues-week-17-performers-week-18-waiver-wire-targets,2025-12-30T18:45:44.000Z,Waiver Wire
https://www.fantasyguru.com/buccaneers-yaya-diaby-gets-to-the-quarterback,buccaneers-yaya-diaby-gets-to-the-quarterback,2025-12-30T02:23:51.000Z,QB Analysis
https://www.fantasyguru.com/nfl-dfs-cash-game-review-wk-17-2025,nfl-dfs-cash-game-review-wk-17-2025,2025-12-30T01:07:11.000Z,NFL DFS Breakdown
https://www.fantasyguru.com/giants-jaxson-dart-a-franchise-qb-in-teams-eyes,giants-jaxson-dart-a-franchise-qb-in-teams-eyes,2025-12-29T17:23:51.000Z,QB Analysis
https://www.fantasyguru.com/giants-brian-burns-gets-to-the-quarterback-2,giants-brian-burns-gets-to-the-quarterback-2,2025-12-29T03:23:53.000Z,QB Analysis
https://www.fantasyguru.com/giants-abdul-carter-records-four-qb-hits,giants-abdul-carter-records-four-qb-hits,2025-12-29T03:23:53.000Z,QB Analysis
https://www.fantasyguru.com/saints-cameron-jordan-gets-to-the-quarterback,saints-cameron-jordan-gets-to-the-quarterback,2025-12-28T23:23:07.000Z,QB Analysis
https://www.fantasyguru.com/browns-sal-cannella-grabs-first-two-nfl-receptions,browns-sal-cannella-grabs-first-two-nfl-receptions,2025-12-28T22:23:04.000Z,
https://www.fantasyguru.com/patriots-efton-chism-records-first-nfl-catch-td,patriots-efton-chism-records-first-nfl-catch-td,2025-12-28T22:23:03.000Z,
https://www.fantasyguru.com/nfl-week-17-injury-report-2025,nfl-week-17-injury-report-2025,2025-12-28T17:28:42.000Z,
https://www.fantasyguru.com/cardinals-marvin-harrison-jr-to-be-on-snap-count,cardinals-marvin-harrison-jr-to-be-on-snap-count,2025-12-28T04:23:15.000Z,
https://www.fantasyguru.com/nfl-dfs-betting-selections-week-17-2025,nfl-dfs-betting-selections-week-17-2025,2025-12-27T23:00:14.000Z,NFL DFS Breakdown
https://www.fantasyguru.com/nfl-gpp-breakdown-week-17-2025,nfl-gpp-breakdown-week-17-2025,2025-12-27T22:15:39.000Z,
https://www.fantasyguru.com/2025-nfl-core-4-dfs-livestream-recap-dec-26,2025-nfl-core-4-dfs-livestream-recap-dec-26,2025-12-27T16:39:07.000Z,Podcast/Livestream
https://www.fantasyguru.com/nfl-penn-state-has-five-senior-bowl-invites,nfl-penn-state-has-five-senior-bowl-invites,2025-12-27T04:23:53.000Z,
https://www.fantasyguru.com/nfl-christopher-johnson-going-to-senior-bowl,nfl-christopher-johnson-going-to-senior-bowl,2025-12-27T04:23:53.000Z,
https://www.fantasyguru.com/nfl-smu-has-two-headed-to-senior-bowl,nfl-smu-has-two-headed-to-senior-bowl,2025-12-27T04:23:52.000Z,
https://www.fantasyguru.com/nfl-south-carolina-sending-three-to-senior-bowl,nfl-south-carolina-sending-three-to-senior-bowl,2025-12-27T04:23:52.000Z,
https://www.fantasyguru.com/nfl-two-cardinal-are-senior-bowl-bound,nfl-two-cardinal-are-senior-bowl-bound,2025-12-27T04:23:51.000Z,
https://www.fantasyguru.com/nfl-charles-demmings-headed-to-senior-bowl,nfl-charles-demmings-headed-to-senior-bowl,2025-12-27T04:23:51.000Z,
https://www.fantasyguru.com/nfl-tcu-sending-three-to-senior-bowl,nfl-tcu-sending-three-to-senior-bowl,2025-12-27T04:23:51.000Z,
https://www.fantasyguru.com/nfl-volunteers-sending-a-pair-to-senior-bowl,nfl-volunteers-sending-a-pair-to-senior-bowl,2025-12-27T04:23:50.000Z,
https://www.fantasyguru.com/nfl-texas-am-sending-several-to-senior-bowl,nfl-texas-am-sending-several-to-senior-bowl,2025-12-27T04:23:49.000Z,
https://www.fantasyguru.com/nfl-texas-tech-well-represented-at-senior-bowl,nfl-texas-tech-well-represented-at-senior-bowl,2025-12-27T04:23:49.000Z,
https://www.fantasyguru.com/nfl-emmanuel-mcneil-warren-heading-to-senior-bowl,nfl-emmanuel-mcneil-warren-heading-to-senior-bowl,2025-12-27T04:23:48.000Z,
https://www.fantasyguru.com/nfl-senior-bowl-invite-for-logan-fano,nfl-senior-bowl-invite-for-logan-fano,2025-12-27T04:23:48.000Z,
https://www.fantasyguru.com/nfl-diego-pavia-accepts-senior-bowl-invite,nfl-diego-pavia-accepts-senior-bowl-invite,2025-12-27T04:23:48.000Z,
https://www.fantasyguru.com/nfl-jmari-taylor-accepts-invite,nfl-jmari-taylor-accepts-invite,2025-12-27T04:23:48.000Z,
https://www.fantasyguru.com/nfl-washington-has-three-senior-bowl-invites,nfl-washington-has-three-senior-bowl-invites,2025-12-27T04:23:47.000Z,
https://www.fantasyguru.com/nfl-missouri-sending-a-pair-to-senior-bowl,nfl-missouri-sending-a-pair-to-senior-bowl,2025-12-27T03:23:09.000Z,
https://www.fantasyguru.com/nfl-deshon-singleton-invited-to-senior-bowl,nfl-deshon-singleton-invited-to-senior-bowl,2025-12-27T03:23:09.000Z,
https://www.fantasyguru.com/nfl-thaddeus-dixon-going-to-senior-bowl,nfl-thaddeus-dixon-going-to-senior-bowl,2025-12-27T03:23:08.000Z,
https://www.fantasyguru.com/nfl-wolfpack-sending-a-pair-to-senior-bowl,nfl-wolfpack-sending-a-pair-to-senior-bowl,2025-12-27T03:23:08.000Z,
https://www.fantasyguru.com/nfl-cole-payton-headed-to-senior-bowl,nfl-cole-payton-headed-to-senior-bowl,2025-12-27T03:23:08.000Z,
https://www.fantasyguru.com/nfl-senior-bowl-invite-for-malachi-fields,nfl-senior-bowl-invite-for-malachi-fields,2025-12-27T03:23:07.000Z,
https://www.fantasyguru.com/nfl-oklahoma-sending-four-to-senior-bowl,nfl-oklahoma-sending-four-to-senior-bowl,2025-12-27T03:23:06.000Z,
https://www.fantasyguru.com/nfl-jakobe-thomas-to-play-in-senior-bowl,nfl-jakobe-thomas-to-play-in-senior-bowl,2025-12-27T02:23:09.000Z,
https://www.fantasyguru.com/nfl-two-wolverines-headed-to-senior-bowl,nfl-two-wolverines-headed-to-senior-bowl,2025-12-27T02:23:08.000Z,
https://www.fantasyguru.com/nfl-ryan-eckley-senior-bowl-bound,nfl-ryan-eckley-senior-bowl-bound,2025-12-27T02:23:08.000Z,
https://www.fantasyguru.com/nfl-deven-eastern-receives-senior-bowl-nod,nfl-deven-eastern-receives-senior-bowl-nod,2025-12-27T02:23:07.000Z,
https://www.fantasyguru.com/rams-friday-practice-report-for-rams-3,rams-friday-practice-report-for-rams-3,2025-12-27T01:22:58.000Z,Practice Report
https://www.fantasyguru.com/2025-week-17-nfl-gameday-matchups,2025-week-17-nfl-gameday-matchups,2025-12-26T23:53:35.000Z,
https://www.fantasyguru.com/falcons-friday-practice-report-for-falcons-2,falcons-friday-practice-report-for-falcons-2,2025-12-26T22:23:59.000Z,Practice Report
https://www.fantasyguru.com/nfl-tanner-koziol-to-take-part-in-senior-showcase,nfl-tanner-koziol-to-take-part-in-senior-showcase,2025-12-26T07:23:01.000Z,
https://www.fantasyguru.com/nfl-illinois-has-three-players-headed-for-mobile,nfl-illinois-has-three-players-headed-for-mobile,2025-12-26T07:23:01.000Z,
https://www.fantasyguru.com/nfl-indianas-elijah-sarratt-to-play-in-senior-bowl,nfl-indianas-elijah-sarratt-to-play-in-senior-bowl,2025-12-26T07:23:01.000Z,
https://www.fantasyguru.com/nfl-trio-of-iowa-players-to-play-in-senior-bowl,nfl-trio-of-iowa-players-to-play-in-senior-bowl,2025-12-26T07:23:00.000Z,
https://www.fantasyguru.com/nfl-domonique-orange-headed-for-mobile,nfl-domonique-orange-headed-for-mobile,2025-12-26T07:23:00.000Z,
https://www.fantasyguru.com/nfl-pair-of-k-state-players-set-for-senior-bowl,nfl-pair-of-k-state-players-set-for-senior-bowl,2025-12-26T07:23:00.000Z,
https://www.fantasyguru.com/nfl-kentuckys-seth-mcgowan-to-play-in-mobile,nfl-kentuckys-seth-mcgowan-to-play-in-mobile,2025-12-26T07:22:59.000Z,
https://www.fantasyguru.com/nfl-louisvilles-caullin-lacy-to-play-in-senior-bowl,nfl-louisvilles-caullin-lacy-to-play-in-senior-bowl,2025-12-26T07:22:59.000Z,
https://www.fantasyguru.com/nfl-lsu-has-three-players-to-play-in-senior-bowl,nfl-lsu-has-three-players-to-play-in-senior-bowl,2025-12-26T07:22:58.000Z,
https://www.fantasyguru.com/nfl-rahsul-faison-to-play-in-senior-bowl,nfl-rahsul-faison-to-play-in-senior-bowl,2025-12-26T06:23:16.000Z,
https://www.fantasyguru.com/nfl-six-alabama-players-headed-for-senior-bowl,nfl-six-alabama-players-headed-for-senior-bowl,2025-12-26T06:23:15.000Z,
https://www.fantasyguru.com/nfl-arizonas-treydan-stukes-headed-for-mobile,nfl-arizonas-treydan-stukes-headed-for-mobile,2025-12-26T06:23:15.000Z,
https://www.fantasyguru.com/nfl-two-sun-devils-headed-for-2026-senior-bowl,nfl-two-sun-devils-headed-for-2026-senior-bowl,2025-12-26T06:23:15.000Z,
https://www.fantasyguru.com/nfl-five-arkansas-players-headed-for-senior-bowl,nfl-five-arkansas-players-headed-for-senior-bowl,2025-12-26T06:23:14.000Z,
https://www.fantasyguru.com/nfl-two-auburn-players-headed-to-2026-senior-bowl,nfl-two-auburn-players-headed-to-2026-senior-bowl,2025-12-26T06:23:13.000Z,
https://www.fantasyguru.com/nfl-three-baylor-players-to-play-in-2026-senior-bowl,nfl-three-baylor-players-to-play-in-2026-senior-bowl,2025-12-26T06:23:13.000Z,
https://www.fantasyguru.com/nfl-boise-states-kage-casey-to-play-in-mobile,nfl-boise-states-kage-casey-to-play-in-mobile,2025-12-26T06:23:13.000Z,
https://www.fantasyguru.com/nfl-jude-bowry-headed-for-2026-senior-bowl,nfl-jude-bowry-headed-for-2026-senior-bowl,2025-12-26T06:23:13.000Z,
https://www.fantasyguru.com/nfl-pair-of-byu-players-accept-senior-bowl-invites,nfl-pair-of-byu-players-accept-senior-bowl-invites,2025-12-26T06:23:12.000Z,
https://www.fantasyguru.com/nfl-cals-hezekiah-masses-to-play-in-2026-senior-bowl,nfl-cals-hezekiah-masses-to-play-in-2026-senior-bowl,2025-12-26T06:23:12.000Z,
https://www.fantasyguru.com/nfl-clemson-has-two-players-headed-for-senior-bowl,nfl-clemson-has-two-players-headed-for-senior-bowl,2025-12-26T06:23:12.000Z,
https://www.fantasyguru.com/nfl-dukes-chandler-rivers-to-play-in-senior-bowl,nfl-dukes-chandler-rivers-to-play-in-senior-bowl,2025-12-26T06:23:11.000Z,
https://www.fantasyguru.com/nfl-four-florida-gators-to-play-in-senior-bowl,nfl-four-florida-gators-to-play-in-senior-bowl,2025-12-26T06:23:11.000Z,
https://www.fantasyguru.com/nfl-georgia-states-ted-hurst-headed-for-mobile,nfl-georgia-states-ted-hurst-headed-for-mobile,2025-12-26T06:23:10.000Z,
https://www.fantasyguru.com/nfl-keylan-rutledge-to-play-in-2026-senior-bowl,nfl-keylan-rutledge-to-play-in-2026-senior-bowl,2025-12-26T06:23:09.000Z,
https://www.fantasyguru.com/nfl-washington-huskies-wr-denzel-boston-heads-to-nfl,nfl-washington-huskies-wr-denzel-boston-heads-to-nfl,2025-12-26T05:23:52.000Z,
https://www.fantasyguru.com/nfl-boise-state-te-matt-lauter-declares-for-draft,nfl-boise-state-te-matt-lauter-declares-for-draft,2025-12-26T05:23:52.000Z,
https://www.fantasyguru.com/dynasty-ratings-update-12-25,dynasty-ratings-update-12-25,2025-12-26T02:34:39.000Z,Dynasty
https://www.fantasyguru.com/browns-thursday-practice-report-for-browns-13,browns-thursday-practice-report-for-browns-13,2025-12-26T02:23:11.000Z,Practice Report
https://www.fantasyguru.com/saints-thursday-practice-report-for-saints-13,saints-thursday-practice-report-for-saints-13,2025-12-26T02:23:09.000Z,Practice Report
https://www.fantasyguru.com/49ers-thursday-practice-report-for-49ers-37,49ers-thursday-practice-report-for-49ers-37,2025-12-26T02:23:07.000Z,Practice Report
https://www.fantasyguru.com/cardinals-thursday-practice-report-for-cardinals-13,cardinals-thursday-practice-report-for-cardinals-13,2025-12-26T01:23:17.000Z,Practice Report
https://www.fantasyguru.com/seahawks-thursday-practice-report-for-seahawks-28,seahawks-thursday-practice-report-for-seahawks-28,2025-12-26T01:23:16.000Z,Practice Report
https://www.fantasyguru.com/patriots-thursday-practice-report-for-ne-2,patriots-thursday-practice-report-for-ne-2,2025-12-26T01:23:13.000Z,Practice Report
https://www.fantasyguru.com/bengals-thursday-practice-report-for-bengals-14,bengals-thursday-practice-report-for-bengals-14,2025-12-26T00:23:54.000Z,Practice Report
https://www.fantasyguru.com/rams-lars-thursday-practice-report-3,rams-lars-thursday-practice-report-3,2025-12-26T00:23:53.000Z,Practice Report
https://www.fantasyguru.com/falcons-thursday-practice-report-for-falcons-8,falcons-thursday-practice-report-for-falcons-8,2025-12-26T00:23:52.000Z,Practice Report
https://www.fantasyguru.com/colts-thursday-practice-report-for-indianapolis-4,colts-thursday-practice-report-for-indianapolis-4,2025-12-25T21:23:17.000Z,Practice Report
https://www.fantasyguru.com/eagles-thursday-practice-report-for-philadelphia,eagles-thursday-practice-report-for-philadelphia,2025-12-25T21:23:16.000Z,Practice Report
https://www.fantasyguru.com/panthers-thursday-practice-report-for-panthers-5,panthers-thursday-practice-report-for-panthers-5,2025-12-25T21:23:14.000Z,Practice Report
https://www.fantasyguru.com/buccaneers-thursday-practice-report-for-tampa-bay-3,buccaneers-thursday-practice-report-for-tampa-bay-3,2025-12-25T20:23:26.000Z,Practice Report
https://www.fantasyguru.com/bills-thursday-practice-report-for-buffalo-5,bills-thursday-practice-report-for-buffalo-5,2025-12-25T20:23:24.000Z,Practice Report
https://www.fantasyguru.com/giants-thursday-practice-report-for-new-york-giants-4,giants-thursday-practice-report-for-new-york-giants-4,2025-12-25T19:23:08.000Z,Practice Report
https://www.fantasyguru.com/2025-nfl-dfs-contest-selection-week-17,2025-nfl-dfs-contest-selection-week-17,2025-12-25T13:53:21.000Z,NFL DFS Breakdown
https://www.fantasyguru.com/saints-wednesday-practice-report-for-new-orleans,saints-wednesday-practice-report-for-new-orleans,2025-12-25T03:23:20.000Z,Practice Report
https://www.fantasyguru.com/chargers-wednesday-practice-report-for-chargers-19,chargers-wednesday-practice-report-for-chargers-19,2025-12-25T02:23:51.000Z,Practice Report
https://www.fantasyguru.com/raiders-wednesday-practice-report-for-raiders-15,raiders-wednesday-practice-report-for-raiders-15,2025-12-25T01:23:54.000Z,Practice Report
https://www.fantasyguru.com/49ers-wednesday-practice-report-for-49ers-20,49ers-wednesday-practice-report-for-49ers-20,2025-12-25T01:23:52.000Z,Practice Report
https://www.fantasyguru.com/texans-wednesday-practice-report-for-texans-13,texans-wednesday-practice-report-for-texans-13,2025-12-25T01:23:49.000Z,Practice Report
https://www.fantasyguru.com/packers-wednesday-practice-report-for-packers-14,packers-wednesday-practice-report-for-packers-14,2025-12-25T00:23:38.000Z,Practice Report
https://www.fantasyguru.com/panthers-wednesday-practice-report-for-panthers-16,panthers-wednesday-practice-report-for-panthers-16,2025-12-25T00:23:36.000Z,Practice Report
https://www.fantasyguru.com/seahawks-wednesday-practice-report-for-sea,seahawks-wednesday-practice-report-for-sea,2025-12-25T00:23:34.000Z,Practice Report
https://www.fantasyguru.com/jets-wednesday-practice-report-for-jets-15,jets-wednesday-practice-report-for-jets-15,2025-12-24T23:23:31.000Z,Practice Report
https://www.fantasyguru.com/eagles-wednesday-practice-report-for-philly-9,eagles-wednesday-practice-report-for-philly-9,2025-12-24T23:23:29.000Z,Practice Report
https://www.fantasyguru.com/ravens-wednesday-practice-report-for-ravens-16,ravens-wednesday-practice-report-for-ravens-16,2025-12-24T23:23:28.000Z,Practice Report
https://www.fantasyguru.com/cardinals-wednesday-practice-report-for-cardinals-14,cardinals-wednesday-practice-report-for-cardinals-14,2025-12-24T23:23:25.000Z,Practice Report
https://www.fantasyguru.com/jaguars-wednesday-practice-report-for-jaguars-19,jaguars-wednesday-practice-report-for-jaguars-19,2025-12-24T22:23:53.000Z,Practice Report
https://www.fantasyguru.com/patriots-wednesday-practice-report-for-patriots-26,patriots-wednesday-practice-report-for-patriots-26,2025-12-24T22:23:50.000Z,Practice Report
https://www.fantasyguru.com/browns-wednesday-practice-report-for-cleveland-3,browns-wednesday-practice-report-for-cleveland-3,2025-12-24T21:23:51.000Z,Practice Report
https://www.fantasyguru.com/giants-wednesday-practice-report-for-nyg-3,giants-wednesday-practice-report-for-nyg-3,2025-12-24T21:23:48.000Z,Practice Report
https://www.fantasyguru.com/dolphins-wednesday-practice-report-for-miami-5,dolphins-wednesday-practice-report-for-miami-5,2025-12-24T20:23:52.000Z,Practice Report
https://www.fantasyguru.com/bears-wednesday-practice-report-for-bears-12,bears-wednesday-practice-report-for-bears-12,2025-12-24T20:23:48.000Z,Practice Report
https://www.fantasyguru.com/bills-wednesday-practice-report-for-buffalo-4,bills-wednesday-practice-report-for-buffalo-4,2025-12-24T19:23:52.000Z,Practice Report
https://www.fantasyguru.com/snap-counts-usage-from-week-16-2025,snap-counts-usage-from-week-16-2025,2025-12-24T17:33:42.000Z,
https://www.fantasyguru.com/chiefs-tuesday-practice-report-for-kansas-city-3,chiefs-tuesday-practice-report-for-kansas-city-3,2025-12-24T08:23:52.000Z,Practice Report
https://www.fantasyguru.com/nfl-fsus-thomas-castellanos-declares-for-draft,nfl-fsus-thomas-castellanos-declares-for-draft,2025-12-24T07:23:10.000Z,
https://www.fantasyguru.com/nfl-washington-rb-jonah-coleman-heads-for-draft,nfl-washington-rb-jonah-coleman-heads-for-draft,2025-12-24T07:23:10.000Z,
https://www.fantasyguru.com/nfl-robert-spears-jennings-heads-for-2026-nfl-draft,nfl-robert-spears-jennings-heads-for-2026-nfl-draft,2025-12-24T07:23:10.000Z,
https://www.fantasyguru.com/nfl-several-more-sun-devils-headed-for-nfl,nfl-several-more-sun-devils-headed-for-nfl,2025-12-24T07:23:09.000Z,
https://www.fantasyguru.com/nfl-malik-muhammad-enters-2026-nfl-draft,nfl-malik-muhammad-enters-2026-nfl-draft,2025-12-24T07:23:09.000Z,
https://www.fantasyguru.com/nfl-syracuse-db-duce-chestnut-headed-for-draft,nfl-syracuse-db-duce-chestnut-headed-for-draft,2025-12-24T07:23:09.000Z,
https://www.fantasyguru.com/nfl-texas-am-wr-kc-concepcion-into-draft,nfl-texas-am-wr-kc-concepcion-into-draft,2025-12-24T07:23:08.000Z,
https://www.fantasyguru.com/nfl-texas-am-qb-marcel-reed-elects-to-stay-in-school,nfl-texas-am-qb-marcel-reed-elects-to-stay-in-school,2025-12-24T07:23:08.000Z,QB Analysis
https://www.fantasyguru.com/nfl-michigan-captain-derrick-moore-heads-to-nfl,nfl-michigan-captain-derrick-moore-heads-to-nfl,2025-12-24T07:23:07.000Z,
https://www.fantasyguru.com/nfl-lsus-aaron-anderson-harold-perkins-to-nfl,nfl-lsus-aaron-anderson-harold-perkins-to-nfl,2025-12-24T07:23:07.000Z,
https://www.fantasyguru.com/commanders-tuesday-practice-report-for-washington-2,commanders-tuesday-practice-report-for-washington-2,2025-12-24T06:23:09.000Z,Practice Report
https://www.fantasyguru.com/2025-red-zone-review-after-week-16,2025-red-zone-review-after-week-16,2025-12-24T02:31:23.000Z,
https://www.fantasyguru.com/packers-tuesday-practice-report-for-green-bay-4,packers-tuesday-practice-report-for-green-bay-4,2025-12-24T02:23:56.000Z,Practice Report
https://www.fantasyguru.com/cowboys-tuesday-practice-report-for-dallas-4,cowboys-tuesday-practice-report-for-dallas-4,2025-12-24T01:23:50.000Z,Practice Report
https://www.fantasyguru.com/texans-tuesday-practice-report-for-houston-6,texans-tuesday-practice-report-for-houston-6,2025-12-24T01:23:49.000Z,Practice Report
https://www.fantasyguru.com/chargers-tuesday-practice-report-for-the-chargers,chargers-tuesday-practice-report-for-the-chargers,2025-12-24T01:23:47.000Z,Practice Report
https://www.fantasyguru.com/ravens-tuesday-practice-report-for-baltimore-5,ravens-tuesday-practice-report-for-baltimore-5,2025-12-24T01:23:46.000Z,Practice Report
https://www.fantasyguru.com/targets-and-touches-week-16-5,targets-and-touches-week-16-5,2025-12-23T23:59:39.000Z,Targets & Touches
https://www.fantasyguru.com/vikings-tuesday-practice-report-for-minnesota-3,vikings-tuesday-practice-report-for-minnesota-3,2025-12-23T23:23:22.000Z,Practice Report
https://www.fantasyguru.com/broncos-tuesday-practice-report-for-denver-2,broncos-tuesday-practice-report-for-denver-2,2025-12-23T23:23:20.000Z,Practice Report
https://www.fantasyguru.com/lions-tuesday-practice-report-for-detroit-3,lions-tuesday-practice-report-for-detroit-3,2025-12-23T23:23:18.000Z,Practice Report
https://www.fantasyguru.com/2025-nfl-weekly-streamers-week-17,2025-nfl-weekly-streamers-week-17,2025-12-23T22:38:45.000Z,
https://www.fantasyguru.com/2025-qb-coach-week-17,2025-qb-coach-week-17,2025-12-23T21:33:37.000Z,QB Analysis
https://www.fantasyguru.com/packers-both-green-bay-quarterback-will-be-limited-on-tuesday,packers-both-green-bay-quarterback-will-be-limited-on-tuesday,2025-12-23T20:23:15.000Z,QB Analysis
https://www.fantasyguru.com/2025-nfl-fantasy-billboard-12-days-of-fantasy-football,2025-nfl-fantasy-billboard-12-days-of-fantasy-football,2025-12-23T17:13:45.000Z,
https://www.fantasyguru.com/2025-idp-leagues-week-16-performers-week-17-waiver-wire-targets,2025-idp-leagues-week-16-performers-week-17-waiver-wire-targets,2025-12-23T16:08:24.000Z,Waiver Wire
https://www.fantasyguru.com/chiefs-monday-practice-report-for-chiefs-4,chiefs-monday-practice-report-for-chiefs-4,2025-12-23T00:23:51.000Z,Practice Report
https://www.fantasyguru.com/broncos-monday-practice-report-for-broncos-3,broncos-monday-practice-report-for-broncos-3,2025-12-23T00:23:50.000Z,Practice Report
https://www.fantasyguru.com/cowboys-monday-practice-report-for-cowboys-6,cowboys-monday-practice-report-for-cowboys-6,2025-12-22T23:23:08.000Z,Practice Report
https://www.fantasyguru.com/vikings-monday-practice-report-for-vikings-3,vikings-monday-practice-report-for-vikings-3,2025-12-22T23:23:05.000Z,Practice Report
https://www.fantasyguru.com/nfl-dfs-cash-game-review-week-16-2025,nfl-dfs-cash-game-review-week-16-2025,2025-12-22T22:59:13.000Z,NFL DFS Breakdown
https://www.fantasyguru.com/lions-monday-practice-report-for-lions-4,lions-monday-practice-report-for-lions-4,2025-12-22T22:23:02.000Z,Practice Report
https://www.fantasyguru.com/commanders-monday-practice-report-for-was-2,commanders-monday-practice-report-for-was-2,2025-12-22T21:22:57.000Z,Practice Report
https://www.fantasyguru.com/nfl-dfs-cash-game-review-week-15-2025,nfl-dfs-cash-game-review-week-15-2025,2025-12-22T19:15:22.000Z,NFL DFS Breakdown
https://www.fantasyguru.com/bills-greg-rousseau-gets-to-qb-frequently,bills-greg-rousseau-gets-to-qb-frequently,2025-12-21T22:23:03.000Z,QB Analysis
https://www.fantasyguru.com/browns-myles-garrett-inches-closer-to-nfl-record,browns-myles-garrett-inches-closer-to-nfl-record,2025-12-21T22:23:03.000Z,
https://www.fantasyguru.com/nfl-gpp-breakdown-week-16-2025,nfl-gpp-breakdown-week-16-2025,2025-12-21T14:18:03.000Z,
https://www.fantasyguru.com/nfl-week-16-injury-report-2025,nfl-week-16-injury-report-2025,2025-12-21T12:25:25.000Z,
https://www.fantasyguru.com/nfl-dfs-betting-selections-week-16-2025,nfl-dfs-betting-selections-week-16-2025,2025-12-20T21:46:59.000Z,NFL DFS Breakdown
https://www.fantasyguru.com/2025-nfl-core-4-dfs-livestream-recap-dec-19,2025-nfl-core-4-dfs-livestream-recap-dec-19,2025-12-20T17:16:36.000Z,Podcast/Livestream
https://www.fantasyguru.com/nfl-darian-mensah-will-return-to-duke-for-2026-season,nfl-darian-mensah-will-return-to-duke-for-2026-season,2025-12-20T01:23:22.000Z,
https://www.fantasyguru.com/nfl-uscs-jayden-maiava-elects-to-stay-in-school,nfl-uscs-jayden-maiava-elects-to-stay-in-school,2025-12-20T01:23:21.000Z,
https://www.fantasyguru.com/nfl-boise-state-ol-kage-casey-ready-for-nfl-draft,nfl-boise-state-ol-kage-casey-ready-for-nfl-draft,2025-12-20T01:23:20.000Z,
https://www.fantasyguru.com/nfl-arkansas-db-kani-walker-enters-2026-nfl-draft,nfl-arkansas-db-kani-walker-enters-2026-nfl-draft,2025-12-20T01:23:19.000Z,
https://www.fantasyguru.com/49ers-friday-practice-report-for-49ers-3,49ers-friday-practice-report-for-49ers-3,2025-12-20T00:23:47.000Z,Practice Report
https://www.fantasyguru.com/nfl-pitts-kyle-louis-declares-for-2026-nfl-draft,nfl-pitts-kyle-louis-declares-for-2026-nfl-draft,2025-12-20T00:23:47.000Z,
https://www.fantasyguru.com/nfl-pitt-rb-desmond-reid-ready-for-2026-draft,nfl-pitt-rb-desmond-reid-ready-for-2026-draft,2025-12-20T00:23:46.000Z,
https://www.fantasyguru.com/nfl-utah-brothers-logan-fano-spencer-fano-enter-draft,nfl-utah-brothers-logan-fano-spencer-fano-enter-draft,2025-12-20T00:23:46.000Z,
https://www.fantasyguru.com/nfl-notre-dames-eli-raridon-enters-2026-draft,nfl-notre-dames-eli-raridon-enters-2026-draft,2025-12-20T00:23:45.000Z,
https://www.fantasyguru.com/nfl-lanorris-sellers-staying-at-south-carolina-for-2026,nfl-lanorris-sellers-staying-at-south-carolina-for-2026,2025-12-20T00:23:45.000Z,
https://www.fantasyguru.com/nfl-duke-ol-brian-parker-ii-enters-2026-nfl-draft,nfl-duke-ol-brian-parker-ii-enters-2026-nfl-draft,2025-12-20T00:23:44.000Z,
https://www.fantasyguru.com/2025-week-16-nfl-gameday-matchups,2025-week-16-nfl-gameday-matchups,2025-12-19T22:55:00.000Z,
https://www.fantasyguru.com/chargers-thursday-practice-report-for-bolts,chargers-thursday-practice-report-for-bolts,2025-12-19T02:23:53.000Z,Practice Report
https://www.fantasyguru.com/49ers-thursday-practice-report-for-49ers-36,49ers-thursday-practice-report-for-49ers-36,2025-12-19T02:23:50.000Z,Practice Report
https://www.fantasyguru.com/colts-indys-thursday-practice-report-4,colts-indys-thursday-practice-report-4,2025-12-19T01:23:02.000Z,Practice Report
https://www.fantasyguru.com/broncos-thursday-practice-report-for-denver-3,broncos-thursday-practice-report-for-denver-3,2025-12-19T01:23:01.000Z,Practice Report
https://www.fantasyguru.com/falcons-thursday-practice-report-for-falcons-7,falcons-thursday-practice-report-for-falcons-7,2025-12-19T01:22:59.000Z,Practice Report
https://www.fantasyguru.com/cardinals-thursday-practice-report-for-cardinals-12,cardinals-thursday-practice-report-for-cardinals-12,2025-12-19T00:24:01.000Z,Practice Report
https://www.fantasyguru.com/bengals-thursday-practice-report-for-bengals-13,bengals-thursday-practice-report-for-bengals-13,2025-12-19T00:23:56.000Z,Practice Report
https://www.fantasyguru.com/dolphins-thursday-practice-report-for-miami-4,dolphins-thursday-practice-report-for-miami-4,2025-12-18T23:23:40.000Z,Practice Report
https://www.fantasyguru.com/jets-thursday-practice-report-for-jets-19,jets-thursday-practice-report-for-jets-19,2025-12-18T23:23:38.000Z,Practice Report
https://www.fantasyguru.com/jaguars-thursday-practice-report-for-jaguars-14,jaguars-thursday-practice-report-for-jaguars-14,2025-12-18T23:23:37.000Z,Practice Report
https://www.fantasyguru.com/cowboys-thursday-practice-report-for-cowboys-16,cowboys-thursday-practice-report-for-cowboys-16,2025-12-18T22:23:01.000Z,Practice Report
https://www.fantasyguru.com/giants-thursday-practice-report-for-nyg-2,giants-thursday-practice-report-for-nyg-2,2025-12-18T22:23:00.000Z,Practice Report
https://www.fantasyguru.com/patriots-thursday-practice-report-for-patriots-15,patriots-thursday-practice-report-for-patriots-15,2025-12-18T22:22:58.000Z,Practice Report
https://www.fantasyguru.com/buccaneers-thursday-practice-report-for-tampa-bay-2,buccaneers-thursday-practice-report-for-tampa-bay-2,2025-12-18T21:23:50.000Z,Practice Report
https://www.fantasyguru.com/lions-thursday-practice-report-for-lions-8,lions-thursday-practice-report-for-lions-8,2025-12-18T21:23:44.000Z,Practice Report
https://www.fantasyguru.com/2025-red-zone-review-after-week-15,2025-red-zone-review-after-week-15,2025-12-18T20:40:25.000Z,
https://www.fantasyguru.com/2025-nfl-fantasy-billboard-fantasy-football-christmas-movies,2025-nfl-fantasy-billboard-fantasy-football-christmas-movies,2025-12-18T14:30:09.000Z,
https://www.fantasyguru.com/dynasty-ratings-update-12-17,dynasty-ratings-update-12-17,2025-12-18T06:08:44.000Z,Dynasty
https://www.fantasyguru.com/2025-nfl-fantasy-billboard-fantasy-football-christmas-wish-lists,2025-nfl-fantasy-billboard-fantasy-football-christmas-wish-lists,2025-12-18T04:22:25.000Z,
https://www.fantasyguru.com/nfl-makai-lemon-declares-for-2026-nfl-draft,nfl-makai-lemon-declares-for-2026-nfl-draft,2025-12-18T02:23:03.000Z,
https://www.fantasyguru.com/nfl-arizona-states-keith-abney-ii-headed-to-nfl,nfl-arizona-states-keith-abney-ii-headed-to-nfl,2025-12-18T02:23:02.000Z,
https://www.fantasyguru.com/nfl-raleek-brown-leaves-arizona-state-for-nfl-draft,nfl-raleek-brown-leaves-arizona-state-for-nfl-draft,2025-12-18T02:23:02.000Z,
https://www.fantasyguru.com/nfl-notre-dame-rb-jadarian-price-enters-draft,nfl-notre-dame-rb-jadarian-price-enters-draft,2025-12-18T02:23:02.000Z,
https://www.fantasyguru.com/nfl-kentuckys-jalen-farmer-heads-to-2026-nfl-draft,nfl-kentuckys-jalen-farmer-heads-to-2026-nfl-draft,2025-12-18T02:23:01.000Z,
https://www.fantasyguru.com/nfl-two-iowa-state-players-declare-for-2026-nfl-draft,nfl-two-iowa-state-players-declare-for-2026-nfl-draft,2025-12-18T02:23:00.000Z,
https://www.fantasyguru.com/nfl-kansas-qb-jalon-daniels-headed-for-the-nfl,nfl-kansas-qb-jalon-daniels-headed-for-the-nfl,2025-12-18T02:23:00.000Z,QB Analysis
https://www.fantasyguru.com/nfl-stanfords-collin-wright-declares-for-draft,nfl-stanfords-collin-wright-declares-for-draft,2025-12-18T02:23:00.000Z,
https://www.fantasyguru.com/chargers-wednesday-practice-report-for-chargers-15,chargers-wednesday-practice-report-for-chargers-15,2025-12-18T01:23:02.000Z,Practice Report
https://www.fantasyguru.com/dolphins-wednesday-practice-report-for-dolphins-19,dolphins-wednesday-practice-report-for-dolphins-19,2025-12-18T01:23:00.000Z,Practice Report
https://www.fantasyguru.com/buccaneers-wednesday-practice-report-for-tb-2,buccaneers-wednesday-practice-report-for-tb-2,2025-12-18T00:23:46.000Z,Practice Report
https://www.fantasyguru.com/texans-wednesday-practice-report-for-houston-2,texans-wednesday-practice-report-for-houston-2,2025-12-18T00:23:45.000Z,Practice Report
https://www.fantasyguru.com/eagles-wednesday-practice-report-for-eagles-10,eagles-wednesday-practice-report-for-eagles-10,2025-12-18T00:23:42.000Z,Practice Report
https://www.fantasyguru.com/commanders-wednesday-practice-report-for-commanders-15,commanders-wednesday-practice-report-for-commanders-15,2025-12-17T23:23:50.000Z,Practice Report
https://www.fantasyguru.com/ravens-baltimores-wednesday-practice-report-2,ravens-baltimores-wednesday-practice-report-2,2025-12-17T23:23:48.000Z,Practice Report
https://www.fantasyguru.com/cardinals-wednesday-practice-report-for-arizona-4,cardinals-wednesday-practice-report-for-arizona-4,2025-12-17T23:23:45.000Z,Practice Report
https://www.fantasyguru.com/browns-clevelands-wednesday-practice-report,browns-clevelands-wednesday-practice-report,2025-12-17T22:23:07.000Z,Practice Report
https://www.fantasyguru.com/cowboys-wednesday-practice-report-for-cowboys-17,cowboys-wednesday-practice-report-for-cowboys-17,2025-12-17T22:23:04.000Z,Practice Report
https://www.fantasyguru.com/2025-nfl-weekly-streamers-week-16,2025-nfl-weekly-streamers-week-16,2025-12-17T22:11:19.000Z,
https://www.fantasyguru.com/2025-nfl-dfs-contest-selection-week-16,2025-nfl-dfs-contest-selection-week-16,2025-12-17T21:34:57.000Z,NFL DFS Breakdown
https://www.fantasyguru.com/packers-wednesday-practice-report-for-green-bay-3,packers-wednesday-practice-report-for-green-bay-3,2025-12-17T21:23:33.000Z,Practice Report
https://www.fantasyguru.com/lions-wednesday-practice-report-for-lions-12,lions-wednesday-practice-report-for-lions-12,2025-12-17T21:23:29.000Z,Practice Report
https://www.fantasyguru.com/bills-wednesday-practice-report-for-buffalo-3,bills-wednesday-practice-report-for-buffalo-3,2025-12-17T20:23:27.000Z,Practice Report
https://www.fantasyguru.com/panthers-wednesday-practice-report-for-carolina-6,panthers-wednesday-practice-report-for-carolina-6,2025-12-17T20:23:26.000Z,Practice Report
https://www.fantasyguru.com/snap-counts-usage-from-week-15-2025,snap-counts-usage-from-week-15-2025,2025-12-17T20:01:18.000Z,
https://www.fantasyguru.com/targets-and-touches-week-15-5,targets-and-touches-week-15-5,2025-12-17T10:07:46.000Z,Targets & Touches
https://www.fantasyguru.com/rams-tuesday-practice-report-for-los-angeles,rams-tuesday-practice-report-for-los-angeles,2025-12-17T05:23:45.000Z,Practice Report
https://www.fantasyguru.com/nfl-heisman-finalist-jeremiyah-love-enters-draft,nfl-heisman-finalist-jeremiyah-love-enters-draft,2025-12-17T04:23:49.000Z,
https://www.fantasyguru.com/nfl-emmett-johnson-tosses-name-into-2026-draft,nfl-emmett-johnson-tosses-name-into-2026-draft,2025-12-17T04:23:49.000Z,
https://www.fantasyguru.com/nfl-texas-lb-trey-moore-declares-for-2026-nfl-draft,nfl-texas-lb-trey-moore-declares-for-2026-nfl-draft,2025-12-17T04:23:49.000Z,
https://www.fantasyguru.com/nfl-texas-lb-anthony-hill-jr-headed-for-the-nfl,nfl-texas-lb-anthony-hill-jr-headed-for-the-nfl,2025-12-17T04:23:49.000Z,
https://www.fantasyguru.com/nfl-jermod-mccoy-exits-tennessee-heads-for-draft,nfl-jermod-mccoy-exits-tennessee-heads-for-draft,2025-12-17T04:23:48.000Z,
https://www.fantasyguru.com/nfl-utah-ot-caleb-lomu-headed-for-the-draft,nfl-utah-ot-caleb-lomu-headed-for-the-draft,2025-12-17T04:23:48.000Z,
https://www.fantasyguru.com/nfl-auburns-keyron-crawford-enters-2026-nfl-draft,nfl-auburns-keyron-crawford-enters-2026-nfl-draft,2025-12-17T04:23:47.000Z,
https://www.fantasyguru.com/nfl-jamal-mull-headed-for-2026-nfl-draft,nfl-jamal-mull-headed-for-2026-nfl-draft,2025-12-17T04:23:47.000Z,
https://www.fantasyguru.com/nfl-boston-colleges-lewis-bond-enters-2026-nfl-draft,nfl-boston-colleges-lewis-bond-enters-2026-nfl-draft,2025-12-17T03:23:20.000Z,
https://www.fantasyguru.com/2025-qb-coach-week-16,2025-qb-coach-week-16,2025-12-17T01:05:39.000Z,QB Analysis
https://www.fantasyguru.com/bears-tuesday-practice-report-for-chicago,bears-tuesday-practice-report-for-chicago,2025-12-16T23:23:24.000Z,Practice Report
https://www.fantasyguru.com/dolphins-miami-keep-door-open-to-qb-change,dolphins-miami-keep-door-open-to-qb-change,2025-12-16T20:23:10.000Z,QB Analysis
https://www.fantasyguru.com/2025-week-15-nfl-gameday-matchups,2025-week-15-nfl-gameday-matchups,2025-12-16T18:39:33.000Z,
https://www.fantasyguru.com/2025-idp-leagues-week-15-performers-week-16-waiver-wire-targets,2025-idp-leagues-week-15-performers-week-16-waiver-wire-targets,2025-12-16T17:05:36.000Z,Waiver Wire
https://www.fantasyguru.com/nfl-arch-manning-staying-in-school,nfl-arch-manning-staying-in-school,2025-12-16T16:23:48.000Z,
https://www.fantasyguru.com/nfl-arkansas-wr-omega-blake-declares-for-draft,nfl-arkansas-wr-omega-blake-declares-for-draft,2025-12-16T04:23:03.000Z,
https://www.fantasyguru.com/nfl-keldric-faulk-leaving-auburn-for-the-nfl,nfl-keldric-faulk-leaving-auburn-for-the-nfl,2025-12-16T04:23:03.000Z,
https://www.fantasyguru.com/nfl-penn-states-vega-ioane-headed-for-nfl-draft,nfl-penn-states-vega-ioane-headed-for-nfl-draft,2025-12-16T04:23:02.000Z,
https://www.fantasyguru.com/nfl-tennessees-arion-carter-headed-for-the-nfl,nfl-tennessees-arion-carter-headed-for-the-nfl,2025-12-16T04:23:02.000Z,
https://www.fantasyguru.com/seahawks-monday-practice-report-for-seattle-3,seahawks-monday-practice-report-for-seattle-3,2025-12-16T04:23:01.000Z,Practice Report
https://www.fantasyguru.com/rams-monday-practice-report-for-los-angeles,rams-monday-practice-report-for-los-angeles,2025-12-16T04:23:00.000Z,Practice Report
https://www.fantasyguru.com/nfl-myles-rowser-declares-for-2026-nfl-draft,nfl-myles-rowser-declares-for-2026-nfl-draft,2025-12-16T03:23:32.000Z,
https://www.fantasyguru.com/nfl-uscs-kamari-ramsey-headed-for-draft,nfl-uscs-kamari-ramsey-headed-for-draft,2025-12-16T03:23:31.000Z,
https://www.fantasyguru.com/nfl-jakobi-lane-declares-for-2026-nfl-draft,nfl-jakobi-lane-declares-for-2026-nfl-draft,2025-12-16T03:23:31.000Z,
https://www.fantasyguru.com/nfl-texas-db-michael-taaffe-headed-for-nfl,nfl-texas-db-michael-taaffe-headed-for-nfl,2025-12-16T03:23:31.000Z,
https://www.fantasyguru.com/nfl-antonio-williams-leaves-clemson-for-nfl,nfl-antonio-williams-leaves-clemson-for-nfl,2025-12-16T03:23:30.000Z,
https://www.fantasyguru.com/nfl-smus-rj-maryland-heading-to-the-draft,nfl-smus-rj-maryland-heading-to-the-draft,2025-12-16T03:23:30.000Z,
https://www.fantasyguru.com/armando-marsals-nfl-recap-week-15-2025,armando-marsals-nfl-recap-week-15-2025,2025-12-15T06:38:17.000Z,
https://www.fantasyguru.com/nfl-week-15-injury-report-2025,nfl-week-15-injury-report-2025,2025-12-14T17:52:16.000Z,
https://www.fantasyguru.com/nfl-dfs-betting-selections-week-15-2025,nfl-dfs-betting-selections-week-15-2025,2025-12-13T21:09:47.000Z,NFL DFS Breakdown
https://www.fantasyguru.com/nfl-gpp-breakdown-week-15-2025,nfl-gpp-breakdown-week-15-2025,2025-12-13T18:20:04.000Z,
https://www.fantasyguru.com/2025-nfl-core-4-dfs-livestream-recap-dec-12,2025-nfl-core-4-dfs-livestream-recap-dec-12,2025-12-13T17:49:25.000Z,Podcast/Livestream
https://www.fantasyguru.com/nfl-dohnte-meyers-making-the-rounds,nfl-dohnte-meyers-making-the-rounds,2025-12-13T01:23:33.000Z,
https://www.fantasyguru.com/dolphins-friday-practice-report-for-dolphins,dolphins-friday-practice-report-for-dolphins,2025-12-12T23:24:01.000Z,Practice Report
https://www.fantasyguru.com/steelers-friday-practice-report-for-steelers,steelers-friday-practice-report-for-steelers,2025-12-12T23:23:56.000Z,Practice Report
https://www.fantasyguru.com/nfl-kenyon-sadiq-has-attention-of-nfl-teams,nfl-kenyon-sadiq-has-attention-of-nfl-teams,2025-12-12T05:24:06.000Z,
https://www.fantasyguru.com/rams-thursday-practice-report-for-rams-17,rams-thursday-practice-report-for-rams-17,2025-12-12T01:23:06.000Z,Practice Report
https://www.fantasyguru.com/49ers-thursday-practice-report-for-49ers-35,49ers-thursday-practice-report-for-49ers-35,2025-12-12T01:23:05.000Z,Practice Report
https://www.fantasyguru.com/seahawks-seattles-thursday-practice-report-5,seahawks-seattles-thursday-practice-report-5,2025-12-12T01:23:03.000Z,Practice Report
https://www.fantasyguru.com/broncos-thursday-practice-report-for-broncos-12,broncos-thursday-practice-report-for-broncos-12,2025-12-12T00:23:05.000Z,Practice Report
https://www.fantasyguru.com/steelers-pittsburghs-thursday-practice-report-2,steelers-pittsburghs-thursday-practice-report-2,2025-12-12T00:23:02.000Z,Practice Report
https://www.fantasyguru.com/packers-thursday-practice-report-for-packers-19,packers-thursday-practice-report-for-packers-19,2025-12-12T00:23:00.000Z,Practice Report
https://www.fantasyguru.com/jets-thursday-practice-report-for-jets-18,jets-thursday-practice-report-for-jets-18,2025-12-11T23:23:46.000Z,Practice Report
https://www.fantasyguru.com/commanders-thursday-practice-report-for-commanders-15,commanders-thursday-practice-report-for-commanders-15,2025-12-11T23:23:44.000Z,Practice Report
https://www.fantasyguru.com/ravens-thursday-practice-report-for-ravens-12,ravens-thursday-practice-report-for-ravens-12,2025-12-11T23:23:42.000Z,Practice Report
https://www.fantasyguru.com/bengals-thursday-practice-report-for-bengals-12,bengals-thursday-practice-report-for-bengals-12,2025-12-11T23:23:40.000Z,Practice Report
https://www.fantasyguru.com/patriots-thursday-practice-report-for-patriots-14,patriots-thursday-practice-report-for-patriots-14,2025-12-11T22:23:50.000Z,Practice Report
https://www.fantasyguru.com/cowboys-thursday-practice-report-for-cowboys-15,cowboys-thursday-practice-report-for-cowboys-15,2025-12-11T22:23:48.000Z,Practice Report
https://www.fantasyguru.com/dolphins-thursday-practice-report-for-dolphins-14,dolphins-thursday-practice-report-for-dolphins-14,2025-12-11T22:23:46.000Z,Practice Report
https://www.fantasyguru.com/colts-thursday-practice-report-for-indianapolis-3,colts-thursday-practice-report-for-indianapolis-3,2025-12-11T21:23:12.000Z,Practice Report
https://www.fantasyguru.com/vikings-thursday-practice-report-for-minnesota-3,vikings-thursday-practice-report-for-minnesota-3,2025-12-11T21:23:11.000Z,Practice Report
https://www.fantasyguru.com/giants-thursday-practice-report-for-giants-4,giants-thursday-practice-report-for-giants-4,2025-12-11T21:23:07.000Z,Practice Report
https://www.fantasyguru.com/2025-red-zone-review-after-week-14,2025-red-zone-review-after-week-14,2025-12-11T21:13:50.000Z,
https://www.fantasyguru.com/panthers-thursday-practice-report-for-panthers-4,panthers-thursday-practice-report-for-panthers-4,2025-12-11T20:23:51.000Z,Practice Report
https://www.fantasyguru.com/nfl-brandon-cisse-declares-for-nfl-draft,nfl-brandon-cisse-declares-for-nfl-draft,2025-12-11T17:23:23.000Z,
https://www.fantasyguru.com/2025-week-14-nfl-gameday-matchups,2025-week-14-nfl-gameday-matchups,2025-12-11T16:48:24.000Z,
https://www.fantasyguru.com/2025-nfl-dfs-contest-selection-week-15,2025-nfl-dfs-contest-selection-week-15,2025-12-11T12:15:46.000Z,NFL DFS Breakdown
https://www.fantasyguru.com/dynasty-ratings-update-12-10,dynasty-ratings-update-12-10,2025-12-11T05:48:20.000Z,Dynasty
https://www.fantasyguru.com/nfl-chris-bell-has-torn-acl,nfl-chris-bell-has-torn-acl,2025-12-11T03:22:57.000Z,
https://www.fantasyguru.com/rams-wednesday-practice-report-for-rams-20,rams-wednesday-practice-report-for-rams-20,2025-12-11T02:23:46.000Z,Practice Report
https://www.fantasyguru.com/chargers-wednesday-practice-report-for-chargers-14,chargers-wednesday-practice-report-for-chargers-14,2025-12-11T02:23:45.000Z,Practice Report
https://www.fantasyguru.com/nfl-zane-durant-declares-for-2026-nfl-draft,nfl-zane-durant-declares-for-2026-nfl-draft,2025-12-11T02:23:43.000Z,
https://www.fantasyguru.com/jaguars-wednesday-practice-report-for-jacksonville,jaguars-wednesday-practice-report-for-jacksonville,2025-12-11T01:23:07.000Z,Practice Report
https://www.fantasyguru.com/seahawks-wednesday-practice-report-for-seahawks-23,seahawks-wednesday-practice-report-for-seahawks-23,2025-12-11T01:23:05.000Z,Practice Report
https://www.fantasyguru.com/chiefs-wednesday-practice-report-for-kansas-city-2,chiefs-wednesday-practice-report-for-kansas-city-2,2025-12-11T01:23:04.000Z,Practice Report
https://www.fantasyguru.com/eagles-wednesday-practice-report-for-philly-7,eagles-wednesday-practice-report-for-philly-7,2025-12-11T00:23:53.000Z,Practice Report
https://www.fantasyguru.com/texans-wednesday-practice-report-for-houston,texans-wednesday-practice-report-for-houston,2025-12-11T00:23:52.000Z,Practice Report
https://www.fantasyguru.com/packers-wednesday-practice-report-for-green-bay-2,packers-wednesday-practice-report-for-green-bay-2,2025-12-11T00:23:49.000Z,Practice Report
https://www.fantasyguru.com/cowboys-wednesday-practice-report-for-cowboys-16,cowboys-wednesday-practice-report-for-cowboys-16,2025-12-10T23:23:43.000Z,Practice Report
https://www.fantasyguru.com/broncos-denvers-wednesday-practice-report-9,broncos-denvers-wednesday-practice-report-9,2025-12-10T23:23:42.000Z,Practice Report
https://www.fantasyguru.com/bengals-wednesday-practice-report-for-bengals-16,bengals-wednesday-practice-report-for-bengals-16,2025-12-10T23:23:41.000Z,Practice Report
https://www.fantasyguru.com/browns-wednesday-practice-report-for-cleveland-2,browns-wednesday-practice-report-for-cleveland-2,2025-12-10T23:23:39.000Z,Practice Report
https://www.fantasyguru.com/lions-detroits-wednesday-practice-report-10,lions-detroits-wednesday-practice-report-10,2025-12-10T22:23:24.000Z,Practice Report
https://www.fantasyguru.com/colts-wednesday-practice-report-for-colts-13,colts-wednesday-practice-report-for-colts-13,2025-12-10T22:23:22.000Z,Practice Report
https://www.fantasyguru.com/jets-wednesday-practice-report-for-jets-14,jets-wednesday-practice-report-for-jets-14,2025-12-10T22:23:18.000Z,Practice Report
https://www.fantasyguru.com/commanders-wednesday-practice-report-for-was-14,commanders-wednesday-practice-report-for-was-14,2025-12-10T21:22:58.000Z,Practice Report
https://www.fantasyguru.com/snap-counts-usage-from-week-14-2025,snap-counts-usage-from-week-14-2025,2025-12-10T21:20:14.000Z,
https://www.fantasyguru.com/bills-wednesday-practice-report-for-bills-9,bills-wednesday-practice-report-for-bills-9,2025-12-10T20:23:12.000Z,Practice Report
https://www.fantasyguru.com/panthers-wednesday-practice-report-for-carolina-5,panthers-wednesday-practice-report-for-carolina-5,2025-12-10T20:23:08.000Z,Practice Report
https://www.fantasyguru.com/jets-top-two-quarterbacks-miss-practice,jets-top-two-quarterbacks-miss-practice,2025-12-10T19:23:49.000Z,QB Analysis
https://www.fantasyguru.com/2025-nfl-weekly-streamers-week-15,2025-nfl-weekly-streamers-week-15,2025-12-10T19:07:46.000Z,
https://www.fantasyguru.com/targets-and-touches-week-14-5,targets-and-touches-week-14-5,2025-12-10T10:04:31.000Z,Targets & Touches
https://www.fantasyguru.com/2025-qb-coach-week-15,2025-qb-coach-week-15,2025-12-09T22:19:12.000Z,QB Analysis
https://www.fantasyguru.com/2025-idp-leagues-week-14-performers-week-15-waiver-wire-targets,2025-idp-leagues-week-14-performers-week-15-waiver-wire-targets,2025-12-09T20:05:46.000Z,Waiver Wire
https://www.fantasyguru.com/buccaneers-monday-practice-report-for-bucs-2,buccaneers-monday-practice-report-for-bucs-2,2025-12-08T23:23:08.000Z,Practice Report
https://www.fantasyguru.com/falcons-monday-practice-report-for-falcons-2,falcons-monday-practice-report-for-falcons-2,2025-12-08T22:23:02.000Z,Practice Report
https://www.fantasyguru.com/browns-shedeur-sanders-to-be-qb-for-rest-of-season,browns-shedeur-sanders-to-be-qb-for-rest-of-season,2025-12-08T21:23:19.000Z,QB Analysis
https://www.fantasyguru.com/nfl-dfs-cash-game-review-week-14-2025,nfl-dfs-cash-game-review-week-14-2025,2025-12-08T21:18:38.000Z,NFL DFS Breakdown
https://www.fantasyguru.com/armando-marsals-nfl-recap-week-14-2025,armando-marsals-nfl-recap-week-14-2025,2025-12-08T17:49:24.000Z,
https://www.fantasyguru.com/titans-jeffery-simmons-gets-to-quarterback,titans-jeffery-simmons-gets-to-quarterback,2025-12-07T23:23:01.000Z,QB Analysis
https://www.fantasyguru.com/vikings-min-could-bring-in-veteran-qb-for-2026-season,vikings-min-could-bring-in-veteran-qb-for-2026-season,2025-12-07T16:22:58.000Z,QB Analysis
https://www.fantasyguru.com/nfl-dfs-betting-selections-week-14-2025,nfl-dfs-betting-selections-week-14-2025,2025-12-07T13:23:35.000Z,NFL DFS Breakdown
https://www.fantasyguru.com/nfl-week-14-injury-report-2025,nfl-week-14-injury-report-2025,2025-12-07T12:21:29.000Z,
https://www.fantasyguru.com/nfl-gpp-breakdown-week-14-2025,nfl-gpp-breakdown-week-14-2025,2025-12-06T18:52:37.000Z,
https://www.fantasyguru.com/2025-nfl-core-4-dfs-livestream-recap-dec-5,2025-nfl-core-4-dfs-livestream-recap-dec-5,2025-12-06T18:33:18.000Z,Podcast/Livestream
https://www.fantasyguru.com/chargers-friday-practice-reports-for-la-chargers,chargers-friday-practice-reports-for-la-chargers,2025-12-05T23:23:04.000Z,Practice Report
https://www.fantasyguru.com/eagles-friday-practice-report-for-philadelphia,eagles-friday-practice-report-for-philadelphia,2025-12-05T23:23:01.000Z,Practice Report
https://www.fantasyguru.com/cowboys-brandon-aubrey-makes-nfl-history,cowboys-brandon-aubrey-makes-nfl-history,2025-12-05T06:23:15.000Z,
https://www.fantasyguru.com/chargers-thursday-practice-report-for-chargers-10,chargers-thursday-practice-report-for-chargers-10,2025-12-05T02:23:50.000Z,Practice Report
https://www.fantasyguru.com/seahawks-thursday-practice-report-for-seahawks-27,seahawks-thursday-practice-report-for-seahawks-27,2025-12-05T02:23:48.000Z,Practice Report
https://www.fantasyguru.com/chiefs-thursday-practice-report-for-kansas-city,chiefs-thursday-practice-report-for-kansas-city,2025-12-05T01:23:56.000Z,Practice Report
https://www.fantasyguru.com/buccaneers-thursday-practice-report-for-tb-4,buccaneers-thursday-practice-report-for-tb-4,2025-12-05T01:23:54.000Z,Practice Report
https://www.fantasyguru.com/rams-thursday-practice-report-for-rams-16,rams-thursday-practice-report-for-rams-16,2025-12-05T01:23:52.000Z,Practice Report
https://www.fantasyguru.com/vikings-thursday-practice-report-for-vikings-13,vikings-thursday-practice-report-for-vikings-13,2025-12-05T00:23:37.000Z,Practice Report
https://www.fantasyguru.com/saints-thursday-practice-report-for-saints-12,saints-thursday-practice-report-for-saints-12,2025-12-05T00:23:35.000Z,Practice Report
https://www.fantasyguru.com/broncos-thursday-practice-report-for-broncos-11,broncos-thursday-practice-report-for-broncos-11,2025-12-05T00:23:33.000Z,Practice Report
https://www.fantasyguru.com/raiders-thursday-practice-report-for-vegas-6,raiders-thursday-practice-report-for-vegas-6,2025-12-05T00:23:31.000Z,Practice Report
https://www.fantasyguru.com/texans-houstons-thursday-practice-report-3,texans-houstons-thursday-practice-report-3,2025-12-04T23:23:13.000Z,Practice Report
https://www.fantasyguru.com/browns-thursday-practice-report-for-browns-12,browns-thursday-practice-report-for-browns-12,2025-12-04T23:23:10.000Z,Practice Report
https://www.fantasyguru.com/eagles-thursday-practice-report-for-philly-4,eagles-thursday-practice-report-for-philly-4,2025-12-04T23:23:08.000Z,Practice Report
https://www.fantasyguru.com/bills-thursday-practice-report-for-buffalo-3,bills-thursday-practice-report-for-buffalo-3,2025-12-04T22:23:07.000Z,Practice Report
https://www.fantasyguru.com/dolphins-miamis-thursday-practice-report-3,dolphins-miamis-thursday-practice-report-3,2025-12-04T22:23:06.000Z,Practice Report
https://www.fantasyguru.com/jets-thursday-practice-report-for-jets-17,jets-thursday-practice-report-for-jets-17,2025-12-04T22:23:05.000Z,Practice Report
https://www.fantasyguru.com/commanders-thursday-practice-report-for-commanders-14,commanders-thursday-practice-report-for-commanders-14,2025-12-04T22:23:03.000Z,Practice Report
https://www.fantasyguru.com/packers-thursday-practice-report-for-green-bay-2,packers-thursday-practice-report-for-green-bay-2,2025-12-04T21:23:58.000Z,Practice Report
https://www.fantasyguru.com/jaguars-thursday-practice-report-for-jaguars-13,jaguars-thursday-practice-report-for-jaguars-13,2025-12-04T21:23:57.000Z,Practice Report
https://www.fantasyguru.com/bears-thursday-practice-report-for-bears-5,bears-thursday-practice-report-for-bears-5,2025-12-04T20:22:59.000Z,Practice Report
https://www.fantasyguru.com/2025-red-zone-review-after-week-13,2025-red-zone-review-after-week-13,2025-12-04T18:50:09.000Z,
https://www.fantasyguru.com/2025-week-13-nfl-gameday-matchups,2025-week-13-nfl-gameday-matchups,2025-12-04T15:23:29.000Z,
https://www.fantasyguru.com/2025-nfl-fantasy-billboard-fantasy-football-a-christmas-story,2025-nfl-fantasy-billboard-fantasy-football-a-christmas-story,2025-12-04T05:25:12.000Z,
https://www.fantasyguru.com/dynasty-ratings-update-12-3,dynasty-ratings-update-12-3,2025-12-04T04:03:54.000Z,Dynasty
https://www.fantasyguru.com/cardinals-wednesday-practice-report-for-arizona-3,cardinals-wednesday-practice-report-for-arizona-3,2025-12-04T01:23:49.000Z,Practice Report
https://www.fantasyguru.com/rams-wednesday-practice-report-for-la-rams,rams-wednesday-practice-report-for-la-rams,2025-12-04T01:23:48.000Z,Practice Report
https://www.fantasyguru.com/seahawks-wednesday-practice-report-for-seattle-3,seahawks-wednesday-practice-report-for-seattle-3,2025-12-04T01:23:46.000Z,Practice Report
https://www.fantasyguru.com/2025-nfl-dfs-contest-selection-week-14,2025-nfl-dfs-contest-selection-week-14,2025-12-04T01:07:32.000Z,NFL DFS Breakdown
https://www.fantasyguru.com/chiefs-wednesday-practice-report-for-kansas-city,chiefs-wednesday-practice-report-for-kansas-city,2025-12-04T00:24:00.000Z,Practice Report
https://www.fantasyguru.com/vikings-wednesday-practice-report-for-vikings-10,vikings-wednesday-practice-report-for-vikings-10,2025-12-04T00:23:58.000Z,Practice Report
https://www.fantasyguru.com/steelers-wednesday-practice-report-for-pittsburgh-3,steelers-wednesday-practice-report-for-pittsburgh-3,2025-12-04T00:23:57.000Z,Practice Report
https://www.fantasyguru.com/ravens-wednesday-practice-report-for-ravens-15,ravens-wednesday-practice-report-for-ravens-15,2025-12-03T23:23:40.000Z,Practice Report
https://www.fantasyguru.com/broncos-denvers-wednesday-practice-report-8,broncos-denvers-wednesday-practice-report-8,2025-12-03T23:23:39.000Z,Practice Report
https://www.fantasyguru.com/browns-wednesday-practice-report-for-cleveland,browns-wednesday-practice-report-for-cleveland,2025-12-03T23:23:37.000Z,Practice Report
https://www.fantasyguru.com/jets-nyjs-wednesday-practice-report,jets-nyjs-wednesday-practice-report,2025-12-03T22:23:08.000Z,Practice Report
https://www.fantasyguru.com/titans-wednesday-practice-report-for-titans-16,titans-wednesday-practice-report-for-titans-16,2025-12-03T22:23:06.000Z,Practice Report
https://www.fantasyguru.com/dolphins-wednesday-practice-report-for-dolphins-18,dolphins-wednesday-practice-report-for-dolphins-18,2025-12-03T22:23:05.000Z,Practice Report
https://www.fantasyguru.com/falcons-wednesday-practice-report-for-falcons-8,falcons-wednesday-practice-report-for-falcons-8,2025-12-03T22:23:04.000Z,Practice Report
https://www.fantasyguru.com/colts-wednesday-practice-report-for-indianapolis-7,colts-wednesday-practice-report-for-indianapolis-7,2025-12-03T21:23:56.000Z,Practice Report
https://www.fantasyguru.com/jaguars-wednesday-practice-report-for-jaguars-18,jaguars-wednesday-practice-report-for-jaguars-18,2025-12-03T21:23:53.000Z,Practice Report
https://www.fantasyguru.com/nfl-dfs-cash-game-review-week-13-2025,nfl-dfs-cash-game-review-week-13-2025,2025-12-03T20:56:30.000Z,NFL DFS Breakdown
https://www.fantasyguru.com/bills-wednesday-practice-report-for-bills-8,bills-wednesday-practice-report-for-bills-8,2025-12-03T20:23:56.000Z,Practice Report
https://www.fantasyguru.com/snap-counts-usage-from-week-13-2025,snap-counts-usage-from-week-13-2025,2025-12-03T20:08:11.000Z,
https://www.fantasyguru.com/2025-nfl-weekly-streamers-week-14,2025-nfl-weekly-streamers-week-14,2025-12-03T16:51:04.000Z,
https://www.fantasyguru.com/targets-and-touches-week-13-5,targets-and-touches-week-13-5,2025-12-03T10:02:27.000Z,Targets & Touches
https://www.fantasyguru.com/cardinals-arizona-waives-trio-of-running-backs,cardinals-arizona-waives-trio-of-running-backs,2025-12-02T22:22:57.000Z,
https://www.fantasyguru.com/2025-qb-coach-week-14,2025-qb-coach-week-14,2025-12-02T21:52:17.000Z,QB Analysis
https://www.fantasyguru.com/2025-idp-leagues-week-13-performers-week-14-waiver-wire-targets,2025-idp-leagues-week-13-performers-week-14-waiver-wire-targets,2025-12-02T19:03:25.000Z,Waiver Wire
https://www.fantasyguru.com/lions-monday-practice-report-for-lions-3,lions-monday-practice-report-for-lions-3,2025-12-01T22:23:02.000Z,Practice Report
https://www.fantasyguru.com/cowboys-monday-practice-report-for-cowboys-3,cowboys-monday-practice-report-for-cowboys-3,2025-12-01T22:22:58.000Z,Practice Report
https://www.fantasyguru.com/armando-marsals-nfl-recap-week-13-2025,armando-marsals-nfl-recap-week-13-2025,2025-12-01T17:17:28.000Z,
https://www.fantasyguru.com/raiders-maxx-crosby-gets-to-the-quarterback,raiders-maxx-crosby-gets-to-the-quarterback,2025-12-01T03:23:11.000Z,QB Analysis
https://www.fantasyguru.com/jets-will-mcdonald-iv-records-four-qb-hits,jets-will-mcdonald-iv-records-four-qb-hits,2025-12-01T01:23:08.000Z,QB Analysis
https://www.fantasyguru.com/saints-cameron-jordan-gets-to-quarterback-twice,saints-cameron-jordan-gets-to-quarterback-twice,2025-11-30T23:23:02.000Z,QB Analysis
https://www.fantasyguru.com/rams-braden-fiske-gets-to-quarterback,rams-braden-fiske-gets-to-quarterback,2025-11-30T22:23:08.000Z,QB Analysis
https://www.fantasyguru.com/nfl-week-13-injury-report-2025,nfl-week-13-injury-report-2025,2025-11-30T13:46:51.000Z,
https://www.fantasyguru.com/nfl-gpp-breakdown-week-13-2025,nfl-gpp-breakdown-week-13-2025,2025-11-30T03:33:01.000Z,
https://www.fantasyguru.com/nfl-dfs-betting-selections-week-13-2025,nfl-dfs-betting-selections-week-13-2025,2025-11-29T23:35:35.000Z,NFL DFS Breakdown
https://www.fantasyguru.com/2025-nfl-core-4-dfs-livestream-recap-nov-28,2025-nfl-core-4-dfs-livestream-recap-nov-28,2025-11-29T22:45:55.000Z,Podcast/Livestream
https://www.fantasyguru.com/rams-davante-adams-a-red-zone-force,rams-davante-adams-a-red-zone-force,2025-11-29T03:23:02.000Z,
https://www.fantasyguru.com/patriots-friday-practice-report-for-new-england,patriots-friday-practice-report-for-new-england,2025-11-28T22:23:29.000Z,Practice Report
https://www.fantasyguru.com/giants-friday-practice-report-for-new-york-giants,giants-friday-practice-report-for-new-york-giants,2025-11-28T21:22:59.000Z,Practice Report
https://www.fantasyguru.com/bengals-joseph-ossai-meets-at-the-quarterback,bengals-joseph-ossai-meets-at-the-quarterback,2025-11-28T06:23:05.000Z,QB Analysis
https://www.fantasyguru.com/49ers-thursday-practice-report-for-49ers-34,49ers-thursday-practice-report-for-49ers-34,2025-11-28T00:23:02.000Z,Practice Report
https://www.fantasyguru.com/seahawks-thursday-practice-report-for-sea-2,seahawks-thursday-practice-report-for-sea-2,2025-11-28T00:22:58.000Z,Practice Report
https://www.fantasyguru.com/commanders-thursday-practice-report-for-commanders-13,commanders-thursday-practice-report-for-commanders-13,2025-11-27T23:23:33.000Z,Practice Report
https://www.fantasyguru.com/vikings-thursday-practice-report-for-vikings-12,vikings-thursday-practice-report-for-vikings-12,2025-11-27T23:23:31.000Z,Practice Report
https://www.fantasyguru.com/broncos-denvers-thursday-practice-report-2,broncos-denvers-thursday-practice-report-2,2025-11-27T23:23:30.000Z,Practice Report
https://www.fantasyguru.com/texans-thursday-practice-report-for-texans-6,texans-thursday-practice-report-for-texans-6,2025-11-27T22:23:41.000Z,Practice Report
https://www.fantasyguru.com/saints-thursday-practice-report-for-saints-11,saints-thursday-practice-report-for-saints-11,2025-11-27T21:23:03.000Z,Practice Report
https://www.fantasyguru.com/dolphins-thursday-practice-report-for-dolphins-13,dolphins-thursday-practice-report-for-dolphins-13,2025-11-27T21:23:00.000Z,Practice Report
https://www.fantasyguru.com/chargers-thursday-practice-report-for-chargers-9,chargers-thursday-practice-report-for-chargers-9,2025-11-27T21:22:58.000Z,Practice Report
https://www.fantasyguru.com/jaguars-thursday-practice-report-for-jaguars-12,jaguars-thursday-practice-report-for-jaguars-12,2025-11-27T20:23:42.000Z,Practice Report
https://www.fantasyguru.com/falcons-thursday-practice-report-for-atlanta,falcons-thursday-practice-report-for-atlanta,2025-11-27T19:23:43.000Z,Practice Report
https://www.fantasyguru.com/colts-thursday-practice-report-for-indianapolis-2,colts-thursday-practice-report-for-indianapolis-2,2025-11-27T19:23:42.000Z,Practice Report
https://www.fantasyguru.com/2025-nfl-dfs-contest-selection-week-13,2025-nfl-dfs-contest-selection-week-13,2025-11-27T17:18:49.000Z,NFL DFS Breakdown
https://www.fantasyguru.com/dynasty-ratings-update-11-26,dynasty-ratings-update-11-26,2025-11-27T04:55:38.000Z,Dynasty
https://www.fantasyguru.com/2025-red-zone-review-after-week-12,2025-red-zone-review-after-week-12,2025-11-27T04:29:06.000Z,
https://www.fantasyguru.com/49ers-wednesday-practice-report-for-49ers-19,49ers-wednesday-practice-report-for-49ers-19,2025-11-27T01:23:01.000Z,Practice Report
https://www.fantasyguru.com/rams-wednesday-practice-report-for-rams-19,rams-wednesday-practice-report-for-rams-19,2025-11-27T01:23:00.000Z,Practice Report
https://www.fantasyguru.com/broncos-denvers-wednesday-practice-report-7,broncos-denvers-wednesday-practice-report-7,2025-11-27T00:23:17.000Z,Practice Report
https://www.fantasyguru.com/chargers-wednesday-practice-report-for-chargers-13,chargers-wednesday-practice-report-for-chargers-13,2025-11-27T00:23:16.000Z,Practice Report
https://www.fantasyguru.com/browns-wednesday-practice-report-for-browns-21,browns-wednesday-practice-report-for-browns-21,2025-11-27T00:23:14.000Z,Practice Report
https://www.fantasyguru.com/saints-wednesday-practice-report-for-saints-17,saints-wednesday-practice-report-for-saints-17,2025-11-26T23:23:51.000Z,Practice Report
https://www.fantasyguru.com/cardinals-wednesday-practice-report-for-arizona-2,cardinals-wednesday-practice-report-for-arizona-2,2025-11-26T23:23:49.000Z,Practice Report
https://www.fantasyguru.com/dolphins-wednesday-practice-report-for-dolphins-17,dolphins-wednesday-practice-report-for-dolphins-17,2025-11-26T23:23:47.000Z,Practice Report
https://www.fantasyguru.com/2025-week-12-nfl-gameday-matchups,2025-week-12-nfl-gameday-matchups,2025-11-26T23:09:36.000Z,
https://www.fantasyguru.com/falcons-wednesday-practice-report-for-atl-2,falcons-wednesday-practice-report-for-atl-2,2025-11-26T22:23:42.000Z,Practice Report
https://www.fantasyguru.com/jaguars-wednesday-practice-report-for-jaguars-17,jaguars-wednesday-practice-report-for-jaguars-17,2025-11-26T22:23:40.000Z,Practice Report
https://www.fantasyguru.com/texans-houstons-wednesday-practice-report-5,texans-houstons-wednesday-practice-report-5,2025-11-26T22:23:38.000Z,Practice Report
https://www.fantasyguru.com/snap-counts-usage-from-week-12-2025,snap-counts-usage-from-week-12-2025,2025-11-26T21:30:51.000Z,
https://www.fantasyguru.com/eagles-wednesday-practice-report-for-philly-6,eagles-wednesday-practice-report-for-philly-6,2025-11-26T21:23:03.000Z,Practice Report
https://www.fantasyguru.com/steelers-wednesday-practice-report-for-pittsburgh-2,steelers-wednesday-practice-report-for-pittsburgh-2,2025-11-26T21:23:02.000Z,Practice Report
https://www.fantasyguru.com/bears-wednesday-practice-report-for-bears-11,bears-wednesday-practice-report-for-bears-11,2025-11-26T20:23:32.000Z,Practice Report
https://www.fantasyguru.com/colts-wednesday-practice-report-for-indianapolis-6,colts-wednesday-practice-report-for-indianapolis-6,2025-11-26T20:23:32.000Z,Practice Report
https://www.fantasyguru.com/buccaneers-tampa-bays-quarterback-situation-remains-fluid,buccaneers-tampa-bays-quarterback-situation-remains-fluid,2025-11-26T19:23:04.000Z,QB Analysis
https://www.fantasyguru.com/2025-nfl-weekly-streamers-week-13,2025-nfl-weekly-streamers-week-13,2025-11-26T08:52:34.000Z,
https://www.fantasyguru.com/2025-nfl-fantasy-billboard-fantasy-football-midterm-grades-part-4,2025-nfl-fantasy-billboard-fantasy-football-midterm-grades-part-4,2025-11-26T07:51:18.000Z,
https://www.fantasyguru.com/ravens-tuesday-practice-report-for-baltimore-4,ravens-tuesday-practice-report-for-baltimore-4,2025-11-26T03:23:00.000Z,Practice Report
https://www.fantasyguru.com/bengals-tuesday-practice-report-for-cincinnati,bengals-tuesday-practice-report-for-cincinnati,2025-11-26T03:22:58.000Z,Practice Report
https://www.fantasyguru.com/eagles-tuesday-practice-report-for-philadelphia-2,eagles-tuesday-practice-report-for-philadelphia-2,2025-11-26T02:23:07.000Z,Practice Report
https://www.fantasyguru.com/targets-and-touches-week-12-5,targets-and-touches-week-12-5,2025-11-25T23:27:16.000Z,Targets & Touches
https://www.fantasyguru.com/lions-tuesday-practice-report-for-detroit-2,lions-tuesday-practice-report-for-detroit-2,2025-11-25T23:23:06.000Z,Practice Report
https://www.fantasyguru.com/2025-qb-coach-week-13,2025-qb-coach-week-13,2025-11-25T22:40:53.000Z,QB Analysis
https://www.fantasyguru.com/chiefs-tuesday-practice-report-for-kansas-city,chiefs-tuesday-practice-report-for-kansas-city,2025-11-25T22:23:02.000Z,Practice Report
https://www.fantasyguru.com/cowboys-tuesday-practice-report-for-dallas,cowboys-tuesday-practice-report-for-dallas,2025-11-25T22:23:01.000Z,Practice Report
https://www.fantasyguru.com/packers-tuesday-practice-report-for-green-bay-3,packers-tuesday-practice-report-for-green-bay-3,2025-11-25T22:22:58.000Z,Practice Report
https://www.fantasyguru.com/2025-idp-leagues-week-12-performers-week-13-waiver-wire-targets,2025-idp-leagues-week-12-performers-week-13-waiver-wire-targets,2025-11-25T19:42:26.000Z,Waiver Wire
https://www.fantasyguru.com/nfl-two-teams-maybe-three-in-on-bill-belichick,nfl-two-teams-maybe-three-in-on-bill-belichick,2025-11-25T16:23:09.000Z,
https://www.fantasyguru.com/chiefs-monday-practice-report-for-chiefs-3,chiefs-monday-practice-report-for-chiefs-3,2025-11-25T01:23:03.000Z,Practice Report
https://www.fantasyguru.com/bengals-monday-practice-report-for-bengals-3,bengals-monday-practice-report-for-bengals-3,2025-11-25T00:23:34.000Z,Practice Report
https://www.fantasyguru.com/cowboys-monday-practice-report-for-cowboys-2,cowboys-monday-practice-report-for-cowboys-2,2025-11-25T00:23:29.000Z,Practice Report
https://www.fantasyguru.com/packers-monday-practice-report-for-packers-4,packers-monday-practice-report-for-packers-4,2025-11-24T23:23:02.000Z,Practice Report
https://www.fantasyguru.com/lions-monday-practice-report-for-lions-2,lions-monday-practice-report-for-lions-2,2025-11-24T21:23:02.000Z,Practice Report
https://www.fantasyguru.com/nfl-dfs-cash-game-review-week-12-2025,nfl-dfs-cash-game-review-week-12-2025,2025-11-24T20:20:37.000Z,NFL DFS Breakdown
https://www.fantasyguru.com/browns-shedeur-sanders-to-keep-qb-job,browns-shedeur-sanders-to-keep-qb-job,2025-11-24T19:23:42.000Z,QB Analysis
https://www.fantasyguru.com/armando-marsals-nfl-recap-week-12-2025,armando-marsals-nfl-recap-week-12-2025,2025-11-24T05:16:37.000Z,
https://www.fantasyguru.com/falcons-david-sills-v-scores-first-nfl-touchdown,falcons-david-sills-v-scores-first-nfl-touchdown,2025-11-24T04:23:02.000Z,
https://www.fantasyguru.com/falcons-brandon-dorlus-gets-to-quarterback,falcons-brandon-dorlus-gets-to-quarterback,2025-11-24T04:23:01.000Z,QB Analysis
https://www.fantasyguru.com/seahawks-leonard-williams-meets-at-quarterback,seahawks-leonard-williams-meets-at-quarterback,2025-11-24T01:23:03.000Z,QB Analysis
https://www.fantasyguru.com/jeff-mans-dfs-nfl-cash-game-breakdown-week-12-2025,jeff-mans-dfs-nfl-cash-game-breakdown-week-12-2025,2025-11-23T17:18:26.000Z,NFL DFS Breakdown
https://www.fantasyguru.com/jets-nyj-to-re-evaluate-qb-position-after-baltimore-game,jets-nyj-to-re-evaluate-qb-position-after-baltimore-game,2025-11-23T16:23:22.000Z,QB Analysis
https://www.fantasyguru.com/nfl-week-12-injury-report-2025,nfl-week-12-injury-report-2025,2025-11-23T16:09:20.000Z,
https://www.fantasyguru.com/falcons-atl-will-make-alternative-qb-plans-for-2026,falcons-atl-will-make-alternative-qb-plans-for-2026,2025-11-23T15:22:57.000Z,QB Analysis
https://www.fantasyguru.com/jeff-mans-dfs-nfl-cash-game-breakdown-week-11-2025,jeff-mans-dfs-nfl-cash-game-breakdown-week-11-2025,2025-11-23T14:11:57.000Z,NFL DFS Breakdown
https://www.fantasyguru.com/2025-nfl-core-4-dfs-livestream-recap-nov-21,2025-nfl-core-4-dfs-livestream-recap-nov-21,2025-11-22T22:59:06.000Z,Podcast/Livestream
https://www.fantasyguru.com/nfl-dfs-betting-selections-week-12-2025,nfl-dfs-betting-selections-week-12-2025,2025-11-22T22:30:07.000Z,NFL DFS Breakdown
https://www.fantasyguru.com/2025-nfl-dfs-contest-selection-week-12,2025-nfl-dfs-contest-selection-week-12,2025-11-22T08:31:54.000Z,NFL DFS Breakdown
https://www.fantasyguru.com/nfl-gpp-breakdown-week-12-2025,nfl-gpp-breakdown-week-12-2025,2025-11-22T08:30:03.000Z,
https://www.fantasyguru.com/panthers-fridays-practice-report-for-carolina,panthers-fridays-practice-report-for-carolina,2025-11-22T00:23:40.000Z,Practice Report
https://www.fantasyguru.com/49ers-fridays-practice-report-for-san-francisco,49ers-fridays-practice-report-for-san-francisco,2025-11-22T00:23:37.000Z,Practice Report
https://www.fantasyguru.com/2025-week-10-nfl-gameday-matchups,2025-week-10-nfl-gameday-matchups,2025-11-21T16:26:10.000Z,
https://www.fantasyguru.com/49ers-thursday-practice-report-for-49ers-33,49ers-thursday-practice-report-for-49ers-33,2025-11-21T01:23:55.000Z,Practice Report
https://www.fantasyguru.com/seahawks-thursday-practice-report-for-seahawks-26,seahawks-thursday-practice-report-for-seahawks-26,2025-11-21T01:23:53.000Z,Practice Report
https://www.fantasyguru.com/rams-thursday-practice-report-for-rams-15,rams-thursday-practice-report-for-rams-15,2025-11-21T01:23:53.000Z,Practice Report
https://www.fantasyguru.com/packers-thursday-practice-report-for-packers-18,packers-thursday-practice-report-for-packers-18,2025-11-21T00:23:00.000Z,Practice Report
https://www.fantasyguru.com/panthers-thursday-practice-report-for-panthers-3,panthers-thursday-practice-report-for-panthers-3,2025-11-21T00:22:58.000Z,Practice Report
https://www.fantasyguru.com/ravens-thursday-practice-report-for-ravens-11,ravens-thursday-practice-report-for-ravens-11,2025-11-20T23:23:28.000Z,Practice Report
https://www.fantasyguru.com/cowboys-thursday-practice-report-for-cowboys-14,cowboys-thursday-practice-report-for-cowboys-14,2025-11-20T23:23:27.000Z,Practice Report
https://www.fantasyguru.com/bengals-cincinnatis-thursday-practice-report-3,bengals-cincinnatis-thursday-practice-report-3,2025-11-20T23:23:25.000Z,Practice Report
https://www.fantasyguru.com/raiders-vegas-thursday-practice-report-2,raiders-vegas-thursday-practice-report-2,2025-11-20T23:23:24.000Z,Practice Report
https://www.fantasyguru.com/lions-thursday-practice-report-for-lions-7,lions-thursday-practice-report-for-lions-7,2025-11-20T22:23:52.000Z,Practice Report
https://www.fantasyguru.com/falcons-thursday-practice-report-for-falcons-6,falcons-thursday-practice-report-for-falcons-6,2025-11-20T22:23:50.000Z,Practice Report
https://www.fantasyguru.com/bears-thursday-practice-report-for-chicago-4,bears-thursday-practice-report-for-chicago-4,2025-11-20T21:23:08.000Z,Practice Report
https://www.fantasyguru.com/steelers-thursday-practice-report-for-pittsburgh-2,steelers-thursday-practice-report-for-pittsburgh-2,2025-11-20T21:23:07.000Z,Practice Report
https://www.fantasyguru.com/chiefs-thursday-practice-report-for-chiefs-8,chiefs-thursday-practice-report-for-chiefs-8,2025-11-20T21:23:04.000Z,Practice Report
https://www.fantasyguru.com/jets-thursday-practice-report-for-jets-16,jets-thursday-practice-report-for-jets-16,2025-11-20T21:23:03.000Z,Practice Report
https://www.fantasyguru.com/2025-red-zone-review-after-week-11,2025-red-zone-review-after-week-11,2025-11-20T17:28:17.000Z,
https://www.fantasyguru.com/2025-nfl-fantasy-billboard-fantasy-football-midterm-grades-part-3,2025-nfl-fantasy-billboard-fantasy-football-midterm-grades-part-3,2025-11-20T13:31:08.000Z,
https://www.fantasyguru.com/dynasty-ratings-update-11-19,dynasty-ratings-update-11-19,2025-11-20T05:33:18.000Z,Dynasty
https://www.fantasyguru.com/browns-bailey-zappe-the-backup-qb-in-cleveland,browns-bailey-zappe-the-backup-qb-in-cleveland,2025-11-20T04:23:08.000Z,QB Analysis
https://www.fantasyguru.com/packers-wednesday-practice-report-for-packers-13,packers-wednesday-practice-report-for-packers-13,2025-11-20T01:23:09.000Z,Practice Report
https://www.fantasyguru.com/buccaneers-wednesday-practice-report-for-bucs-21,buccaneers-wednesday-practice-report-for-bucs-21,2025-11-20T01:23:06.000Z,Practice Report
https://www.fantasyguru.com/rams-lars-wednesday-practice-report,rams-lars-wednesday-practice-report,2025-11-20T01:23:05.000Z,Practice Report
https://www.fantasyguru.com/falcons-wednesday-practice-report-for-atlanta-3,falcons-wednesday-practice-report-for-atlanta-3,2025-11-20T00:23:51.000Z,Practice Report
https://www.fantasyguru.com/seahawks-wednesday-practice-report-for-seattle-2,seahawks-wednesday-practice-report-for-seattle-2,2025-11-20T00:23:48.000Z,Practice Report
https://www.fantasyguru.com/ravens-wednesday-practice-report-for-ravens-14,ravens-wednesday-practice-report-for-ravens-14,2025-11-19T23:23:04.000Z,Practice Report
https://www.fantasyguru.com/cardinals-wednesdays-practice-report-for-arizona,cardinals-wednesdays-practice-report-for-arizona,2025-11-19T23:23:02.000Z,Practice Report
https://www.fantasyguru.com/bengals-wednesday-practice-report-for-bengals-15,bengals-wednesday-practice-report-for-bengals-15,2025-11-19T23:23:00.000Z,Practice Report
https://www.fantasyguru.com/jets-wednesday-practice-report-for-jets-13,jets-wednesday-practice-report-for-jets-13,2025-11-19T22:23:50.000Z,Practice Report
https://www.fantasyguru.com/cowboys-wednesday-practice-report-for-cowboys-15,cowboys-wednesday-practice-report-for-cowboys-15,2025-11-19T22:23:49.000Z,Practice Report
https://www.fantasyguru.com/vikings-wednesday-practice-report-for-vikings-9,vikings-wednesday-practice-report-for-vikings-9,2025-11-19T22:23:48.000Z,Practice Report
https://www.fantasyguru.com/snap-counts-usage-from-week-11-2025,snap-counts-usage-from-week-11-2025,2025-11-19T21:40:47.000Z,
https://www.fantasyguru.com/bears-wednesday-practice-report-for-chicago-3,bears-wednesday-practice-report-for-chicago-3,2025-11-19T21:23:11.000Z,Practice Report
https://www.fantasyguru.com/giants-wednesday-practice-report-for-giants-10,giants-wednesday-practice-report-for-giants-10,2025-11-19T21:23:09.000Z,Practice Report
https://www.fantasyguru.com/lions-detroits-wednesday-practice-report-9,lions-detroits-wednesday-practice-report-9,2025-11-19T21:23:06.000Z,Practice Report
https://www.fantasyguru.com/2025-nfl-weekly-streamers-week-12,2025-nfl-weekly-streamers-week-12,2025-11-19T17:50:19.000Z,
https://www.fantasyguru.com/targets-and-touches-week-11-4,targets-and-touches-week-11-4,2025-11-19T11:19:38.000Z,Targets & Touches
https://www.fantasyguru.com/nfl-odell-beckham-reinstated-tuesday,nfl-odell-beckham-reinstated-tuesday,2025-11-19T04:23:50.000Z,
https://www.fantasyguru.com/2025-qb-coach-week-12,2025-qb-coach-week-12,2025-11-18T23:17:56.000Z,QB Analysis
https://www.fantasyguru.com/texans-tuesday-practice-report-for-houston-5,texans-tuesday-practice-report-for-houston-5,2025-11-18T22:23:29.000Z,Practice Report
https://www.fantasyguru.com/bills-tuesday-practice-report-for-buffalo,bills-tuesday-practice-report-for-buffalo,2025-11-18T21:23:56.000Z,Practice Report
https://www.fantasyguru.com/2025-idp-leagues-week-11-performers-week-12-waiver-wire-targets,2025-idp-leagues-week-11-performers-week-12-waiver-wire-targets,2025-11-18T18:54:15.000Z,Waiver Wire
https://www.fantasyguru.com/texans-monday-practice-report-for-texans-3,texans-monday-practice-report-for-texans-3,2025-11-18T00:23:21.000Z,Practice Report
https://www.fantasyguru.com/chargers-two-running-backs-back-on-practice-squad,chargers-two-running-backs-back-on-practice-squad,2025-11-18T00:23:18.000Z,
https://www.fantasyguru.com/bills-monday-practice-report-for-bills-3,bills-monday-practice-report-for-bills-3,2025-11-17T23:23:25.000Z,Practice Report
https://www.fantasyguru.com/nfl-dfs-cash-game-review-week-11-2025,nfl-dfs-cash-game-review-week-11-2025,2025-11-17T20:47:21.000Z,NFL DFS Breakdown
https://www.fantasyguru.com/armando-marsals-nfl-recap-week-11-2025,armando-marsals-nfl-recap-week-11-2025,2025-11-17T18:12:40.000Z,
https://www.fantasyguru.com/texans-danielle-hunter-gets-to-qb-frequently,texans-danielle-hunter-gets-to-qb-frequently,2025-11-17T01:23:14.000Z,QB Analysis
https://www.fantasyguru.com/titans-arden-key-records-three-qb-hits,titans-arden-key-records-three-qb-hits,2025-11-17T01:23:12.000Z,QB Analysis
https://www.fantasyguru.com/bills-josh-palmer-non-factor-in-bills-wide-receiver-shakeup,bills-josh-palmer-non-factor-in-bills-wide-receiver-shakeup,2025-11-16T23:23:26.000Z,
https://www.fantasyguru.com/nfl-dfs-betting-selections-week-11-2025,nfl-dfs-betting-selections-week-11-2025,2025-11-16T00:49:55.000Z,NFL DFS Breakdown
https://www.fantasyguru.com/nfl-gpp-breakdown-week-11-2025,nfl-gpp-breakdown-week-11-2025,2025-11-15T22:35:01.000Z,
https://www.fantasyguru.com/2025-nfl-core-4-dfs-livestream-recap-nov-14,2025-nfl-core-4-dfs-livestream-recap-nov-14,2025-11-15T19:11:01.000Z,Podcast/Livestream
https://www.fantasyguru.com/cowboys-shavon-revel-jr-likely-to-make-nfl-debut,cowboys-shavon-revel-jr-likely-to-make-nfl-debut,2025-11-15T16:23:23.000Z,
https://www.fantasyguru.com/jeff-mans-dfs-nfl-cash-game-breakdown-week-10-2025,jeff-mans-dfs-nfl-cash-game-breakdown-week-10-2025,2025-11-15T05:07:27.000Z,NFL DFS Breakdown
https://www.fantasyguru.com/nfl-week-11-injury-report-2025,nfl-week-11-injury-report-2025,2025-11-14T23:28:00.000Z,
https://www.fantasyguru.com/raiders-friday-practice-report-for-las-vegas,raiders-friday-practice-report-for-las-vegas,2025-11-14T23:22:59.000Z,Practice Report
https://www.fantasyguru.com/2025-week-11-nfl-gameday-matchups,2025-week-11-nfl-gameday-matchups,2025-11-14T22:51:10.000Z,
https://www.fantasyguru.com/cowboys-friday-practice-report-for-dal,cowboys-friday-practice-report-for-dal,2025-11-14T22:22:59.000Z,Practice Report
https://www.fantasyguru.com/rams-thursday-practice-report-for-rams-14,rams-thursday-practice-report-for-rams-14,2025-11-14T01:23:53.000Z,Practice Report
https://www.fantasyguru.com/cardinals-thursday-practice-report-for-cardinals-11,cardinals-thursday-practice-report-for-cardinals-11,2025-11-14T00:23:08.000Z,Practice Report
https://www.fantasyguru.com/49ers-thursday-practice-report-for-49ers-32,49ers-thursday-practice-report-for-49ers-32,2025-11-14T00:23:07.000Z,Practice Report
https://www.fantasyguru.com/seahawks-seattles-thursday-practice-report-4,seahawks-seattles-thursday-practice-report-4,2025-11-14T00:23:05.000Z,Practice Report
https://www.fantasyguru.com/browns-thursday-practice-report-for-browns-11,browns-thursday-practice-report-for-browns-11,2025-11-13T23:23:27.000Z,Practice Report
https://www.fantasyguru.com/titans-thursday-practice-report-for-titans-6,titans-thursday-practice-report-for-titans-6,2025-11-13T23:23:25.000Z,Practice Report
https://www.fantasyguru.com/texans-thursday-practice-report-for-hou,texans-thursday-practice-report-for-hou,2025-11-13T23:23:22.000Z,Practice Report
https://www.fantasyguru.com/packers-thursday-practice-report-for-packers-17,packers-thursday-practice-report-for-packers-17,2025-11-13T22:23:55.000Z,Practice Report
https://www.fantasyguru.com/bengals-cincinnatis-thursday-practice-report-2,bengals-cincinnatis-thursday-practice-report-2,2025-11-13T22:23:54.000Z,Practice Report
https://www.fantasyguru.com/giants-thursday-practice-report-for-giants-3,giants-thursday-practice-report-for-giants-3,2025-11-13T21:23:34.000Z,Practice Report
https://www.fantasyguru.com/lions-detroits-practice-report-for-thursday,lions-detroits-practice-report-for-thursday,2025-11-13T21:23:32.000Z,Practice Report
https://www.fantasyguru.com/2025-red-zone-review-after-week-10,2025-red-zone-review-after-week-10,2025-11-13T20:00:32.000Z,
https://www.fantasyguru.com/dolphins-thursday-practice-report-for-dolphins-12,dolphins-thursday-practice-report-for-dolphins-12,2025-11-13T19:23:10.000Z,Practice Report
https://www.fantasyguru.com/commanders-thursday-practice-report-for-commanders-12,commanders-thursday-practice-report-for-commanders-12,2025-11-13T18:23:05.000Z,Practice Report
https://www.fantasyguru.com/2025-nfl-weekly-streamers-week-11,2025-nfl-weekly-streamers-week-11,2025-11-13T16:35:37.000Z,
https://www.fantasyguru.com/dynasty-ratings-update-11-12,dynasty-ratings-update-11-12,2025-11-13T05:30:34.000Z,Dynasty
https://www.fantasyguru.com/2025-nfl-fantasy-billboard-fantasy-football-midterm-grades-part-2,2025-nfl-fantasy-billboard-fantasy-football-midterm-grades-part-2,2025-11-13T05:28:14.000Z,
https://www.fantasyguru.com/chargers-wednesday-practice-report-for-chargers-12,chargers-wednesday-practice-report-for-chargers-12,2025-11-13T01:23:05.000Z,Practice Report
https://www.fantasyguru.com/rams-wednesday-practice-report-for-lar,rams-wednesday-practice-report-for-lar,2025-11-13T01:23:04.000Z,Practice Report
https://www.fantasyguru.com/seahawks-wednesday-practice-report-for-seahawks-22,seahawks-wednesday-practice-report-for-seahawks-22,2025-11-13T01:23:02.000Z,Practice Report
https://www.fantasyguru.com/chiefs-wednesday-practice-report-for-chiefs-17,chiefs-wednesday-practice-report-for-chiefs-17,2025-11-13T00:23:11.000Z,Practice Report
https://www.fantasyguru.com/broncos-wednesday-practice-report-for-denver-2,broncos-wednesday-practice-report-for-denver-2,2025-11-13T00:23:10.000Z,Practice Report
https://www.fantasyguru.com/cardinals-arizonas-wednesday-practice-report-7,cardinals-arizonas-wednesday-practice-report-7,2025-11-13T00:23:07.000Z,Practice Report
https://www.fantasyguru.com/bengals-wednesday-practice-report-for-bengals-14,bengals-wednesday-practice-report-for-bengals-14,2025-11-12T23:23:58.000Z,Practice Report
https://www.fantasyguru.com/browns-wednesday-practice-report-for-browns-20,browns-wednesday-practice-report-for-browns-20,2025-11-12T23:23:55.000Z,Practice Report
https://www.fantasyguru.com/steelers-wednesday-practice-report-for-steelers-13,steelers-wednesday-practice-report-for-steelers-13,2025-11-12T23:23:53.000Z,Practice Report
https://www.fantasyguru.com/lions-wednesday-practice-report-for-lions-11,lions-wednesday-practice-report-for-lions-11,2025-11-12T22:23:31.000Z,Practice Report
https://www.fantasyguru.com/panthers-wednesday-practice-report-for-panthers-15,panthers-wednesday-practice-report-for-panthers-15,2025-11-12T22:23:30.000Z,Practice Report
https://www.fantasyguru.com/ravens-baltimores-wednesday-practice-report,ravens-baltimores-wednesday-practice-report,2025-11-12T22:23:29.000Z,Practice Report
https://www.fantasyguru.com/2025-nfl-dfs-contest-selection-week-11,2025-nfl-dfs-contest-selection-week-11,2025-11-12T21:51:23.000Z,NFL DFS Breakdown
https://www.fantasyguru.com/giants-wednesday-practice-report-for-new-york-giants-5,giants-wednesday-practice-report-for-new-york-giants-5,2025-11-12T21:23:55.000Z,Practice Report
https://www.fantasyguru.com/buccaneers-wednesday-practice-report-for-tampa-bay,buccaneers-wednesday-practice-report-for-tampa-bay,2025-11-12T21:23:54.000Z,Practice Report
https://www.fantasyguru.com/bears-wednesday-practice-report-for-chicago-2,bears-wednesday-practice-report-for-chicago-2,2025-11-12T21:23:52.000Z,Practice Report
https://www.fantasyguru.com/bills-wednesday-practice-report-for-buffalo-2,bills-wednesday-practice-report-for-buffalo-2,2025-11-12T20:22:58.000Z,Practice Report
https://www.fantasyguru.com/snap-counts-usage-from-week-10-2025,snap-counts-usage-from-week-10-2025,2025-11-12T19:50:39.000Z,
https://www.fantasyguru.com/nfl-ollie-gordon-limited-in-practice,nfl-ollie-gordon-limited-in-practice,2025-11-12T19:23:53.000Z,
https://www.fantasyguru.com/dolphins-wednesday-practice-report-for-miami-4,dolphins-wednesday-practice-report-for-miami-4,2025-11-12T19:23:50.000Z,Practice Report
https://www.fantasyguru.com/commanders-wednesday-practice-report-for-commanders-14,commanders-wednesday-practice-report-for-commanders-14,2025-11-12T19:23:48.000Z,Practice Report
https://www.fantasyguru.com/2025-nfl-weekly-streamers-week-10,2025-nfl-weekly-streamers-week-10,2025-11-12T15:42:42.000Z,
https://www.fantasyguru.com/targets-and-touches-week-10-4,targets-and-touches-week-10-4,2025-11-12T11:16:19.000Z,Targets & Touches
https://www.fantasyguru.com/patriots-tuesday-practice-report-for-new-england-2,patriots-tuesday-practice-report-for-new-england-2,2025-11-11T23:23:23.000Z,Practice Report
https://www.fantasyguru.com/jets-tuesday-practice-report-for-new-york-jets,jets-tuesday-practice-report-for-new-york-jets,2025-11-11T23:23:21.000Z,Practice Report
https://www.fantasyguru.com/2025-qb-coach-week-11,2025-qb-coach-week-11,2025-11-11T23:02:00.000Z,QB Analysis
https://www.fantasyguru.com/nfl-justin-tuckers-suspension-ends,nfl-justin-tuckers-suspension-ends,2025-11-11T22:23:28.000Z,
https://www.fantasyguru.com/2025-idp-leagues-week-10-performers-week-11-waiver-wire-targets,2025-idp-leagues-week-10-performers-week-11-waiver-wire-targets,2025-11-11T17:53:30.000Z,Waiver Wire
https://www.fantasyguru.com/patriots-monday-practice-report-for-patriots-2,patriots-monday-practice-report-for-patriots-2,2025-11-11T01:23:48.000Z,Practice Report
https://www.fantasyguru.com/chargers-two-running-backs-return-to-practice-squad,chargers-two-running-backs-return-to-practice-squad,2025-11-11T00:23:14.000Z,
https://www.fantasyguru.com/jets-monday-practice-report-for-jets-4,jets-monday-practice-report-for-jets-4,2025-11-11T00:23:09.000Z,Practice Report
https://www.fantasyguru.com/nfl-dfs-cash-game-review-week-10-2025,nfl-dfs-cash-game-review-week-10-2025,2025-11-10T21:06:53.000Z,NFL DFS Breakdown
https://www.fantasyguru.com/armando-marsals-nfl-recap-week-10-2025,armando-marsals-nfl-recap-week-10-2025,2025-11-10T05:23:06.000Z,
https://www.fantasyguru.com/bears-montez-sweat-gets-to-quarterback,bears-montez-sweat-gets-to-quarterback,2025-11-09T23:23:00.000Z,QB Analysis
https://www.fantasyguru.com/jets-will-mcdonald-gets-to-qb-often-in-week-10,jets-will-mcdonald-gets-to-qb-often-in-week-10,2025-11-09T22:23:00.000Z,QB Analysis
https://www.fantasyguru.com/saints-tyler-shough-earns-first-nfl-victory,saints-tyler-shough-earns-first-nfl-victory,2025-11-09T21:23:55.000Z,
https://www.fantasyguru.com/nfl-dfs-betting-selections-week-10-2025,nfl-dfs-betting-selections-week-10-2025,2025-11-09T01:43:05.000Z,NFL DFS Breakdown
https://www.fantasyguru.com/nfl-gpp-breakdown-week-10-2025,nfl-gpp-breakdown-week-10-2025,2025-11-09T01:35:23.000Z,
https://www.fantasyguru.com/cardinals-cody-simon-prepares-for-first-nfl-start,cardinals-cody-simon-prepares-for-first-nfl-start,2025-11-08T23:23:52.000Z,
https://www.fantasyguru.com/chargers-two-running-backs-elevated-2,chargers-two-running-backs-elevated-2,2025-11-08T22:23:54.000Z,
https://www.fantasyguru.com/2025-nfl-core-4-dfs-livestream-recap-nov-7,2025-nfl-core-4-dfs-livestream-recap-nov-7,2025-11-08T21:16:43.000Z,Podcast/Livestream
https://www.fantasyguru.com/nfl-week-10-injury-report-2025,nfl-week-10-injury-report-2025,2025-11-08T04:01:27.000Z,
https://www.fantasyguru.com/jeff-mans-dfs-nfl-cash-game-breakdown-week-9-2025,jeff-mans-dfs-nfl-cash-game-breakdown-week-9-2025,2025-11-08T03:28:29.000Z,NFL DFS Breakdown
https://www.fantasyguru.com/packers-friday-practice-report-for-packers,packers-friday-practice-report-for-packers,2025-11-08T00:23:12.000Z,Practice Report
https://www.fantasyguru.com/eagles-friday-practice-report-for-eagles-2,eagles-friday-practice-report-for-eagles-2,2025-11-07T23:23:00.000Z,Practice Report
https://www.fantasyguru.com/49ers-thursday-practice-report-for-49ers-31,49ers-thursday-practice-report-for-49ers-31,2025-11-07T01:24:00.000Z,Practice Report
https://www.fantasyguru.com/seahawks-seattles-thursday-practice-report-3,seahawks-seattles-thursday-practice-report-3,2025-11-07T01:23:59.000Z,Practice Report
https://www.fantasyguru.com/jaguars-thursday-practice-report-for-jaguars-11,jaguars-thursday-practice-report-for-jaguars-11,2025-11-07T00:23:46.000Z,Practice Report
https://www.fantasyguru.com/packers-thursday-practice-report-for-packers-16,packers-thursday-practice-report-for-packers-16,2025-11-07T00:23:44.000Z,Practice Report
https://www.fantasyguru.com/cardinals-arizonas-thursday-practice-report-7,cardinals-arizonas-thursday-practice-report-7,2025-11-07T00:23:43.000Z,Practice Report
https://www.fantasyguru.com/rams-thursday-practice-report-for-rams-13,rams-thursday-practice-report-for-rams-13,2025-11-07T00:23:42.000Z,Practice Report
https://www.fantasyguru.com/vikings-thursday-practice-report-for-vikings-8,vikings-thursday-practice-report-for-vikings-8,2025-11-06T23:23:19.000Z,Practice Report
https://www.fantasyguru.com/saints-thursday-practice-report-for-saints-10,saints-thursday-practice-report-for-saints-10,2025-11-06T23:23:17.000Z,Practice Report
https://www.fantasyguru.com/buccaneers-thursday-practice-report-for-tampa-3,buccaneers-thursday-practice-report-for-tampa-3,2025-11-06T23:23:16.000Z,Practice Report
https://www.fantasyguru.com/dolphins-thursday-practice-report-for-dolphins-11,dolphins-thursday-practice-report-for-dolphins-11,2025-11-06T22:23:09.000Z,Practice Report
https://www.fantasyguru.com/jets-thursday-practice-report-for-jets-15,jets-thursday-practice-report-for-jets-15,2025-11-06T22:23:06.000Z,Practice Report
https://www.fantasyguru.com/commanders-thursday-practice-report-for-commanders-11,commanders-thursday-practice-report-for-commanders-11,2025-11-06T22:23:04.000Z,Practice Report
https://www.fantasyguru.com/giants-thursday-practice-report-for-giants-2,giants-thursday-practice-report-for-giants-2,2025-11-06T21:23:03.000Z,Practice Report
https://www.fantasyguru.com/lions-thursday-practice-report-for-detroit-3,lions-thursday-practice-report-for-detroit-3,2025-11-06T21:23:01.000Z,Practice Report
https://www.fantasyguru.com/colts-thursday-practice-report-for-colts-7,colts-thursday-practice-report-for-colts-7,2025-11-06T21:23:00.000Z,Practice Report
https://www.fantasyguru.com/patriots-thursday-practice-report-for-ne,patriots-thursday-practice-report-for-ne,2025-11-06T21:22:58.000Z,Practice Report
https://www.fantasyguru.com/2025-red-zone-review-after-week-9,2025-red-zone-review-after-week-9,2025-11-06T21:04:09.000Z,
https://www.fantasyguru.com/dynasty-ratings-update-11-5,dynasty-ratings-update-11-5,2025-11-06T10:35:11.000Z,Dynasty
https://www.fantasyguru.com/2025-nfl-fantasy-billboard-fantasy-football-midterm-grades,2025-nfl-fantasy-billboard-fantasy-football-midterm-grades,2025-11-06T06:53:32.000Z,
https://www.fantasyguru.com/49ers-wednesday-practice-report-for-49ers-18,49ers-wednesday-practice-report-for-49ers-18,2025-11-06T01:23:01.000Z,Practice Report
https://www.fantasyguru.com/nfl-asante-samuel-set-to-meet-with-multiple-teams,nfl-asante-samuel-set-to-meet-with-multiple-teams,2025-11-06T01:23:00.000Z,
https://www.fantasyguru.com/rams-wednesday-practice-report-for-rams-18,rams-wednesday-practice-report-for-rams-18,2025-11-06T01:22:59.000Z,Practice Report
https://www.fantasyguru.com/jaguars-wednesday-practice-report-for-wednesday,jaguars-wednesday-practice-report-for-wednesday,2025-11-06T00:23:09.000Z,Practice Report
https://www.fantasyguru.com/chargers-wednesday-practice-report-for-chargers-11,chargers-wednesday-practice-report-for-chargers-11,2025-11-06T00:23:08.000Z,Practice Report
https://www.fantasyguru.com/cardinals-wednesday-practice-report-for-arizona,cardinals-wednesday-practice-report-for-arizona,2025-11-06T00:23:07.000Z,Practice Report
https://www.fantasyguru.com/seahawks-wednesday-practice-report-for-seattle,seahawks-wednesday-practice-report-for-seattle,2025-11-06T00:23:05.000Z,Practice Report
https://www.fantasyguru.com/vikings-wednesday-practice-report-for-min-4,vikings-wednesday-practice-report-for-min-4,2025-11-05T23:23:51.000Z,Practice Report
https://www.fantasyguru.com/buccaneers-wednesday-practice-report-for-bucs-20,buccaneers-wednesday-practice-report-for-bucs-20,2025-11-05T23:23:49.000Z,Practice Report
https://www.fantasyguru.com/commanders-wednesday-practice-report-for-washington,commanders-wednesday-practice-report-for-washington,2025-11-05T23:23:47.000Z,Practice Report
https://www.fantasyguru.com/falcons-atlantas-wednesday-practice-report-6,falcons-atlantas-wednesday-practice-report-6,2025-11-05T22:23:09.000Z,Practice Report
https://www.fantasyguru.com/patriots-wednesday-practice-report-for-patriots-25,patriots-wednesday-practice-report-for-patriots-25,2025-11-05T22:23:08.000Z,Practice Report
https://www.fantasyguru.com/jets-wednesday-practice-report-for-jets-12,jets-wednesday-practice-report-for-jets-12,2025-11-05T22:23:07.000Z,Practice Report
https://www.fantasyguru.com/2025-nfl-dfs-contest-selection-week-10,2025-nfl-dfs-contest-selection-week-10,2025-11-05T21:42:02.000Z,NFL DFS Breakdown
https://www.fantasyguru.com/snap-counts-usage-from-week-9-2025,snap-counts-usage-from-week-9-2025,2025-11-05T21:33:52.000Z,
https://www.fantasyguru.com/bears-wednesday-practice-report-for-chicago,bears-wednesday-practice-report-for-chicago,2025-11-05T21:23:10.000Z,Practice Report
https://www.fantasyguru.com/lions-wednesday-practice-report-for-lions-10,lions-wednesday-practice-report-for-lions-10,2025-11-05T21:23:04.000Z,Practice Report
https://www.fantasyguru.com/panthers-wednesday-practice-report-for-carolina-4,panthers-wednesday-practice-report-for-carolina-4,2025-11-05T20:23:52.000Z,Practice Report
https://www.fantasyguru.com/nfl-asanta-samuel-jr-visiting-carolina-panthers,nfl-asanta-samuel-jr-visiting-carolina-panthers,2025-11-05T19:23:04.000Z,
https://www.fantasyguru.com/targets-and-touches-week-9-5,targets-and-touches-week-9-5,2025-11-05T15:54:14.000Z,Targets & Touches
https://www.fantasyguru.com/2025-qb-coach-week-10,2025-qb-coach-week-10,2025-11-04T22:53:30.000Z,QB Analysis
https://www.fantasyguru.com/2025-idp-leagues-week-9-performers-week-10-waiver-wire-targets,2025-idp-leagues-week-9-performers-week-10-waiver-wire-targets,2025-11-04T15:39:09.000Z,Waiver Wire
https://www.fantasyguru.com/broncos-monday-practice-report-for-broncos-2,broncos-monday-practice-report-for-broncos-2,2025-11-04T03:23:29.000Z,Practice Report
https://www.fantasyguru.com/raiders-monday-practice-report-for-vegas,raiders-monday-practice-report-for-vegas,2025-11-04T03:23:28.000Z,Practice Report
https://www.fantasyguru.com/nfl-asante-samuel-may-meet-with-teams-soon,nfl-asante-samuel-may-meet-with-teams-soon,2025-11-04T00:23:14.000Z,
https://www.fantasyguru.com/nfl-dfs-cash-game-review-week-9-2025,nfl-dfs-cash-game-review-week-9-2025,2025-11-03T23:25:44.000Z,NFL DFS Breakdown
https://www.fantasyguru.com/chargers-two-running-back-return-to-practice-squad,chargers-two-running-back-return-to-practice-squad,2025-11-03T23:23:09.000Z,
https://www.fantasyguru.com/armando-marsals-nfl-recap-week-9-2025,armando-marsals-nfl-recap-week-9-2025,2025-11-03T05:24:17.000Z,
https://www.fantasyguru.com/saints-tyler-shough-so-so-in-first-nfl-start,saints-tyler-shough-so-so-in-first-nfl-start,2025-11-03T02:23:18.000Z,
https://www.fantasyguru.com/falcons-brandon-dorluss-gets-to-qb-twice,falcons-brandon-dorluss-gets-to-qb-twice,2025-11-02T23:23:17.000Z,QB Analysis
https://www.fantasyguru.com/chargers-odafe-oweh-gets-two-quarterback-twice,chargers-odafe-oweh-gets-two-quarterback-twice,2025-11-02T22:23:12.000Z,QB Analysis
https://www.fantasyguru.com/49ers-brock-purdy-could-be-third-qb-for-week-9,49ers-brock-purdy-could-be-third-qb-for-week-9,2025-11-02T16:23:58.000Z,QB Analysis
https://www.fantasyguru.com/nfl-week-9-injury-report-2025,nfl-week-9-injury-report-2025,2025-11-02T11:35:02.000Z,
https://www.fantasyguru.com/nfl-dfs-betting-selections-week-9-2025,nfl-dfs-betting-selections-week-9-2025,2025-11-02T01:03:36.000Z,NFL DFS Breakdown
https://www.fantasyguru.com/nfl-gpp-breakdown-week-9-2025,nfl-gpp-breakdown-week-9-2025,2025-11-02T00:59:31.000Z,
https://www.fantasyguru.com/2025-nfl-core-4-dfs-livestream-recap-oct-31,2025-nfl-core-4-dfs-livestream-recap-oct-31,2025-11-01T20:48:43.000Z,Podcast/Livestream
https://www.fantasyguru.com/2025-week-9-nfl-gameday-matchups,2025-week-9-nfl-gameday-matchups,2025-11-01T04:25:02.000Z,
https://www.fantasyguru.com/nfl-week-8-injury-report-2025,nfl-week-8-injury-report-2025,2025-10-31T22:30:42.000Z,
https://www.fantasyguru.com/49ers-thursday-practice-report-for-49ers-19,49ers-thursday-practice-report-for-49ers-19,2025-10-31T00:23:08.000Z,Practice Report
https://www.fantasyguru.com/seahawks-seattles-thursday-practice-report-2,seahawks-seattles-thursday-practice-report-2,2025-10-31T00:23:07.000Z,Practice Report
https://www.fantasyguru.com/raiders-thursday-practice-report-for-raiders-9,raiders-thursday-practice-report-for-raiders-9,2025-10-30T23:23:03.000Z,Practice Report
https://www.fantasyguru.com/cardinals-arizonas-thursday-practice-report-6,cardinals-arizonas-thursday-practice-report-6,2025-10-30T23:23:02.000Z,Practice Report
https://www.fantasyguru.com/commanders-thursday-practice-report-for-commanders-10,commanders-thursday-practice-report-for-commanders-10,2025-10-30T23:23:00.000Z,Practice Report
https://www.fantasyguru.com/chargers-thursday-practice-report-for-lac-5,chargers-thursday-practice-report-for-lac-5,2025-10-30T23:22:58.000Z,Practice Report
https://www.fantasyguru.com/titans-thursday-practice-report-for-titans-5,titans-thursday-practice-report-for-titans-5,2025-10-30T22:23:12.000Z,Practice Report
https://www.fantasyguru.com/broncos-thursday-practice-report-for-broncos-10,broncos-thursday-practice-report-for-broncos-10,2025-10-30T22:23:11.000Z,Practice Report
https://www.fantasyguru.com/falcons-atlantas-thursday-practice-report-2,falcons-atlantas-thursday-practice-report-2,2025-10-30T22:23:08.000Z,Practice Report
https://www.fantasyguru.com/steelers-thursday-practice-report-for-steelers-3,steelers-thursday-practice-report-for-steelers-3,2025-10-30T21:23:02.000Z,Practice Report
https://www.fantasyguru.com/packers-thursday-practice-report-for-packers-15,packers-thursday-practice-report-for-packers-15,2025-10-30T21:23:00.000Z,Practice Report
https://www.fantasyguru.com/cowboys-friday-practice-report-for-dallas,cowboys-friday-practice-report-for-dallas,2025-10-30T21:22:58.000Z,Practice Report
https://www.fantasyguru.com/bills-thursday-practice-report-for-bills-7,bills-thursday-practice-report-for-bills-7,2025-10-30T20:24:01.000Z,Practice Report
https://www.fantasyguru.com/lions-thursday-practice-report-for-detroit-2,lions-thursday-practice-report-for-detroit-2,2025-10-30T20:24:00.000Z,Practice Report
https://www.fantasyguru.com/vikings-thursday-practice-report-for-minnesota-2,vikings-thursday-practice-report-for-minnesota-2,2025-10-30T20:23:58.000Z,Practice Report
https://www.fantasyguru.com/colts-thursday-practice-report-for-indy,colts-thursday-practice-report-for-indy,2025-10-30T20:23:57.000Z,Practice Report
https://www.fantasyguru.com/2025-red-zone-review-after-week-8,2025-red-zone-review-after-week-8,2025-10-30T19:42:55.000Z,
https://www.fantasyguru.com/bears-thursday-practice-report-for-chicago-2,bears-thursday-practice-report-for-chicago-2,2025-10-30T19:22:58.000Z,Practice Report
https://www.fantasyguru.com/nfl-jody-fortson-medically-cleared,nfl-jody-fortson-medically-cleared,2025-10-30T18:23:04.000Z,
https://www.fantasyguru.com/2025-nfl-dfs-contest-selection-week-9,2025-nfl-dfs-contest-selection-week-9,2025-10-30T12:18:21.000Z,NFL DFS Breakdown
https://www.fantasyguru.com/dynasty-ratings-update-10-29,dynasty-ratings-update-10-29,2025-10-30T09:36:53.000Z,Dynasty
https://www.fantasyguru.com/2025-nfl-fantasy-billboard-fantasy-football-fright-fest,2025-nfl-fantasy-billboard-fantasy-football-fright-fest,2025-10-30T04:47:48.000Z,
https://www.fantasyguru.com/rams-wednesday-practice-report-for-rams-17,rams-wednesday-practice-report-for-rams-17,2025-10-30T00:23:44.000Z,Practice Report
https://www.fantasyguru.com/49ers-wednesday-practice-report-for-49ers-17,49ers-wednesday-practice-report-for-49ers-17,2025-10-30T00:23:40.000Z,Practice Report
https://www.fantasyguru.com/texans-wednesday-practice-report-for-texans-12,texans-wednesday-practice-report-for-texans-12,2025-10-29T23:23:02.000Z,Practice Report
https://www.fantasyguru.com/chargers-wednesday-practice-report-for-chargers-10,chargers-wednesday-practice-report-for-chargers-10,2025-10-29T23:23:00.000Z,Practice Report
https://www.fantasyguru.com/commanders-wednesday-practice-report-for-commanders-13,commanders-wednesday-practice-report-for-commanders-13,2025-10-29T23:22:59.000Z,Practice Report
https://www.fantasyguru.com/falcons-wednesday-practice-report-for-atlanta-2,falcons-wednesday-practice-report-for-atlanta-2,2025-10-29T22:23:02.000Z,Practice Report
https://www.fantasyguru.com/vikings-wednesday-practice-report-for-vikings-8,vikings-wednesday-practice-report-for-vikings-8,2025-10-29T22:23:01.000Z,Practice Report
https://www.fantasyguru.com/snap-counts-usage-from-week-8-2025,snap-counts-usage-from-week-8-2025,2025-10-29T21:26:45.000Z,
https://www.fantasyguru.com/bills-wednesday-practice-report-for-bills-7,bills-wednesday-practice-report-for-bills-7,2025-10-29T21:23:59.000Z,Practice Report
https://www.fantasyguru.com/lions-wednesday-practice-report-for-lions-9,lions-wednesday-practice-report-for-lions-9,2025-10-29T21:23:58.000Z,Practice Report
https://www.fantasyguru.com/patriots-wednesday-practice-report-for-ne-2,patriots-wednesday-practice-report-for-ne-2,2025-10-29T21:23:54.000Z,Practice Report
https://www.fantasyguru.com/giants-wednesday-practice-report-for-new-york-giants-4,giants-wednesday-practice-report-for-new-york-giants-4,2025-10-29T20:23:03.000Z,Practice Report
https://www.fantasyguru.com/colts-wednesday-practice-report-for-indianapolis-5,colts-wednesday-practice-report-for-indianapolis-5,2025-10-29T20:23:02.000Z,Practice Report
https://www.fantasyguru.com/2025-nfl-weekly-streamers-week-9,2025-nfl-weekly-streamers-week-9,2025-10-29T06:37:43.000Z,
https://www.fantasyguru.com/2025-qb-coach-week-9,2025-qb-coach-week-9,2025-10-28T21:38:49.000Z,QB Analysis
https://www.fantasyguru.com/2025-idp-leagues-week-8-performers-week-9-waiver-wire-targets,2025-idp-leagues-week-8-performers-week-9-waiver-wire-targets,2025-10-28T15:55:26.000Z,Waiver Wire
https://www.fantasyguru.com/ravens-monday-practice-report-for-ravens-3,ravens-monday-practice-report-for-ravens-3,2025-10-27T23:23:09.000Z,Practice Report
https://www.fantasyguru.com/dolphins-monday-practice-report-for-dolphins-3,dolphins-monday-practice-report-for-dolphins-3,2025-10-27T21:22:59.000Z,Practice Report
https://www.fantasyguru.com/nfl-dfs-cash-game-review-week-8-2025,nfl-dfs-cash-game-review-week-8-2025,2025-10-27T18:00:34.000Z,NFL DFS Breakdown
https://www.fantasyguru.com/jeff-mans-dfs-nfl-cash-game-breakdown-week-8-2025,jeff-mans-dfs-nfl-cash-game-breakdown-week-8-2025,2025-10-27T17:32:01.000Z,NFL DFS Breakdown
https://www.fantasyguru.com/armando-marsals-nfl-recap-week-8-2025,armando-marsals-nfl-recap-week-8-2025,2025-10-27T05:14:05.000Z,
https://www.fantasyguru.com/titans-dremont-jones-gets-to-quarterback,titans-dremont-jones-gets-to-quarterback,2025-10-27T03:23:00.000Z,QB Analysis
https://www.fantasyguru.com/browns-alex-wright-gets-to-quarterback,browns-alex-wright-gets-to-quarterback,2025-10-26T22:23:10.000Z,QB Analysis
https://www.fantasyguru.com/ravens-nfl-reviewing-lamar-jackson-injury-situation,ravens-nfl-reviewing-lamar-jackson-injury-situation,2025-10-26T17:22:59.000Z,
https://www.fantasyguru.com/nfl-dfs-betting-selections-week-8-2025,nfl-dfs-betting-selections-week-8-2025,2025-10-26T01:12:47.000Z,NFL DFS Breakdown
https://www.fantasyguru.com/nfl-gpp-breakdown-week-8-2025,nfl-gpp-breakdown-week-8-2025,2025-10-25T23:03:49.000Z,
https://www.fantasyguru.com/2025-nfl-core-4-dfs-livestream-recap-oct-24,2025-nfl-core-4-dfs-livestream-recap-oct-24,2025-10-25T16:46:36.000Z,Podcast/Livestream
https://www.fantasyguru.com/chargers-two-running-backs-return-to-ps,chargers-two-running-backs-return-to-ps,2025-10-25T00:23:00.000Z,
https://www.fantasyguru.com/jeff-mans-dfs-nfl-cash-game-breakdown-week-7-2025,jeff-mans-dfs-nfl-cash-game-breakdown-week-7-2025,2025-10-24T21:42:16.000Z,NFL DFS Breakdown
https://www.fantasyguru.com/commanders-friday-practice-report-for-was-2,commanders-friday-practice-report-for-was-2,2025-10-24T21:23:11.000Z,Practice Report
https://www.fantasyguru.com/2025-week-8-nfl-gameday-matchups,2025-week-8-nfl-gameday-matchups,2025-10-24T19:01:34.000Z,
https://www.fantasyguru.com/chargers-tre-harris-scores-his-first-nfl-td,chargers-tre-harris-scores-his-first-nfl-td,2025-10-24T06:23:05.000Z,
https://www.fantasyguru.com/buccaneers-thursday-practice-report-for-tampa-2,buccaneers-thursday-practice-report-for-tampa-2,2025-10-24T00:24:01.000Z,Practice Report
https://www.fantasyguru.com/49ers-thursday-practice-report-for-49ers-18,49ers-thursday-practice-report-for-49ers-18,2025-10-24T00:23:55.000Z,Practice Report
https://www.fantasyguru.com/packers-gbs-thursday-practice-report,packers-gbs-thursday-practice-report,2025-10-23T23:23:05.000Z,Practice Report
https://www.fantasyguru.com/falcons-thursday-practice-report-for-falcons-5,falcons-thursday-practice-report-for-falcons-5,2025-10-23T23:23:03.000Z,Practice Report
https://www.fantasyguru.com/commanders-thursday-practice-report-for-commanders-9,commanders-thursday-practice-report-for-commanders-9,2025-10-23T22:23:20.000Z,Practice Report
https://www.fantasyguru.com/ravens-thursday-practice-report-for-ravens-10,ravens-thursday-practice-report-for-ravens-10,2025-10-23T22:23:18.000Z,Practice Report
https://www.fantasyguru.com/eagles-thursday-practice-report-for-philly-3,eagles-thursday-practice-report-for-philly-3,2025-10-23T22:23:17.000Z,Practice Report
https://www.fantasyguru.com/patriots-thursday-practice-report-for-patriots-13,patriots-thursday-practice-report-for-patriots-13,2025-10-23T21:23:56.000Z,Practice Report
https://www.fantasyguru.com/jets-thursday-practice-report-for-jets-14,jets-thursday-practice-report-for-jets-14,2025-10-23T21:23:53.000Z,Practice Report
https://www.fantasyguru.com/bengals-thursday-practice-report-for-bengals-11,bengals-thursday-practice-report-for-bengals-11,2025-10-23T21:23:52.000Z,Practice Report
https://www.fantasyguru.com/bills-thursday-practice-report-for-bills-6,bills-thursday-practice-report-for-bills-6,2025-10-23T20:23:02.000Z,Practice Report
https://www.fantasyguru.com/giants-thursday-practice-report-for-nyg,giants-thursday-practice-report-for-nyg,2025-10-23T20:23:00.000Z,Practice Report
https://www.fantasyguru.com/colts-thursday-practice-report-for-colts-6,colts-thursday-practice-report-for-colts-6,2025-10-23T20:22:58.000Z,Practice Report
https://www.fantasyguru.com/chargers-two-running-backs-elevated,chargers-two-running-backs-elevated,2025-10-23T20:22:58.000Z,
https://www.fantasyguru.com/2025-red-zone-review-after-week-7,2025-red-zone-review-after-week-7,2025-10-23T17:22:47.000Z,
https://www.fantasyguru.com/2025-week-7-nfl-gameday-matchups,2025-week-7-nfl-gameday-matchups,2025-10-23T14:59:14.000Z,
https://www.fantasyguru.com/dynasty-ratings-update-10-22,dynasty-ratings-update-10-22,2025-10-23T11:41:04.000Z,Dynasty
https://www.fantasyguru.com/49ers-wednesday-practice-report-for-49ers-16,49ers-wednesday-practice-report-for-49ers-16,2025-10-23T00:23:08.000Z,Practice Report
https://www.fantasyguru.com/texans-houstons-wednesday-practice-report-4,texans-houstons-wednesday-practice-report-4,2025-10-23T00:23:08.000Z,Practice Report
https://www.fantasyguru.com/saints-wednesday-practice-report-for-no,saints-wednesday-practice-report-for-no,2025-10-22T23:23:15.000Z,Practice Report
https://www.fantasyguru.com/titans-tennessees-wednesday-practice-report-2,titans-tennessees-wednesday-practice-report-2,2025-10-22T23:23:14.000Z,Practice Report
https://www.fantasyguru.com/buccaneers-wednesday-practice-report-for-bucs-19,buccaneers-wednesday-practice-report-for-bucs-19,2025-10-22T23:23:11.000Z,Practice Report
https://www.fantasyguru.com/bengals-wednesday-practice-report-for-bengals-13,bengals-wednesday-practice-report-for-bengals-13,2025-10-22T22:23:13.000Z,Practice Report
https://www.fantasyguru.com/ravens-wednesday-practice-report-for-ravens-13,ravens-wednesday-practice-report-for-ravens-13,2025-10-22T22:23:12.000Z,Practice Report
https://www.fantasyguru.com/panthers-wednesday-practice-report-for-panthers-14,panthers-wednesday-practice-report-for-panthers-14,2025-10-22T22:23:11.000Z,Practice Report
https://www.fantasyguru.com/dolphins-wednesday-practice-report-for-dolphins-16,dolphins-wednesday-practice-report-for-dolphins-16,2025-10-22T22:23:09.000Z,Practice Report
https://www.fantasyguru.com/broncos-denvers-wednesday-practice-report-6,broncos-denvers-wednesday-practice-report-6,2025-10-22T22:23:08.000Z,Practice Report
https://www.fantasyguru.com/patriots-wednesday-practice-report-for-patriots-18,patriots-wednesday-practice-report-for-patriots-18,2025-10-22T21:23:06.000Z,Practice Report
https://www.fantasyguru.com/giants-wednesday-practice-report-for-new-york-giants-3,giants-wednesday-practice-report-for-new-york-giants-3,2025-10-22T20:23:54.000Z,Practice Report
https://www.fantasyguru.com/bears-wednesday-practice-report-for-bears-10,bears-wednesday-practice-report-for-bears-10,2025-10-22T20:23:53.000Z,Practice Report
https://www.fantasyguru.com/colts-wednesday-practice-report-for-indianapolis-4,colts-wednesday-practice-report-for-indianapolis-4,2025-10-22T20:23:52.000Z,Practice Report
https://www.fantasyguru.com/2025-nfl-fantasy-billboard-fantasy-football-horror-movies,2025-nfl-fantasy-billboard-fantasy-football-horror-movies,2025-10-22T18:53:07.000Z,
https://www.fantasyguru.com/snap-counts-usage-from-week-7-2025,snap-counts-usage-from-week-7-2025,2025-10-22T18:51:55.000Z,
https://www.fantasyguru.com/2025-nfl-dfs-contest-selection-week-8,2025-nfl-dfs-contest-selection-week-8,2025-10-22T18:33:37.000Z,NFL DFS Breakdown
https://www.fantasyguru.com/2025-nfl-weekly-streamers-week-8,2025-nfl-weekly-streamers-week-8,2025-10-22T16:21:02.000Z,
https://www.fantasyguru.com/targets-and-touches-week-7-6,targets-and-touches-week-7-6,2025-10-22T04:15:17.000Z,Targets & Touches
https://www.fantasyguru.com/2025-qb-coach-week-8,2025-qb-coach-week-8,2025-10-21T20:52:42.000Z,QB Analysis
https://www.fantasyguru.com/2025-idp-leagues-week-6-performers-week-7-waiver-wire-targets,2025-idp-leagues-week-6-performers-week-7-waiver-wire-targets,2025-10-21T16:05:07.000Z,Waiver Wire
https://www.fantasyguru.com/2025-idp-leagues-week-7-performers-week-8-waiver-wire-targets,2025-idp-leagues-week-7-performers-week-8-waiver-wire-targets,2025-10-21T16:02:36.000Z,Waiver Wire
https://www.fantasyguru.com/lions-jack-campbell-gets-to-quarterback-on-mnf,lions-jack-campbell-gets-to-quarterback-on-mnf,2025-10-21T03:23:11.000Z,QB Analysis
https://www.fantasyguru.com/vikings-monday-practice-report-for-vikings-2,vikings-monday-practice-report-for-vikings-2,2025-10-20T22:23:06.000Z,Practice Report
https://www.fantasyguru.com/chargers-lacs-monday-practice-report,chargers-lacs-monday-practice-report,2025-10-20T22:23:03.000Z,Practice Report
https://www.fantasyguru.com/nfl-dfs-cash-game-review-week-7-2025,nfl-dfs-cash-game-review-week-7-2025,2025-10-20T19:26:11.000Z,NFL DFS Breakdown
https://www.fantasyguru.com/nfl-dfs-monday-night-breakdown-week-7-2025,nfl-dfs-monday-night-breakdown-week-7-2025,2025-10-20T16:04:32.000Z,NFL DFS Breakdown
https://www.fantasyguru.com/armando-marsals-nfl-recap-week-7-2025,armando-marsals-nfl-recap-week-7-2025,2025-10-20T06:33:14.000Z,
https://www.fantasyguru.com/cardinals-trey-mcbride-blows-up-in-red-zone,cardinals-trey-mcbride-blows-up-in-red-zone,2025-10-20T02:23:56.000Z,
https://www.fantasyguru.com/panthers-derrick-brown-gets-to-quarterback-frequently,panthers-derrick-brown-gets-to-quarterback-frequently,2025-10-20T00:23:00.000Z,QB Analysis
https://www.fantasyguru.com/browns-dillon-gabriel-earns-first-nfl-victory,browns-dillon-gabriel-earns-first-nfl-victory,2025-10-19T22:23:10.000Z,
https://www.fantasyguru.com/nfl-gpp-breakdown-week-7-2025,nfl-gpp-breakdown-week-7-2025,2025-10-19T13:49:39.000Z,
https://www.fantasyguru.com/nfl-week-7-injury-report-2025,nfl-week-7-injury-report-2025,2025-10-19T11:55:17.000Z,
https://www.fantasyguru.com/nfl-dfs-betting-selections-week-7-2025,nfl-dfs-betting-selections-week-7-2025,2025-10-19T00:00:16.000Z,NFL DFS Breakdown
https://www.fantasyguru.com/2025-nfl-core-4-dfs-livestream-recap-oct-17,2025-nfl-core-4-dfs-livestream-recap-oct-17,2025-10-18T15:11:11.000Z,Podcast/Livestream
https://www.fantasyguru.com/texans-friday-practice-report-for-texans-2,texans-friday-practice-report-for-texans-2,2025-10-18T00:07:59.000Z,Practice Report
https://www.fantasyguru.com/seahawks-seattles-friday-practice-report,seahawks-seattles-friday-practice-report,2025-10-18T00:07:58.000Z,Practice Report
https://www.fantasyguru.com/chargers-thursday-practice-report-for-lac-3,chargers-thursday-practice-report-for-lac-3,2025-10-17T00:08:33.000Z,Practice Report
https://www.fantasyguru.com/49ers-thursday-practice-report-for-49ers-17,49ers-thursday-practice-report-for-49ers-17,2025-10-17T00:08:31.000Z,Practice Report
https://www.fantasyguru.com/falcons-thursday-practice-report-for-falcons-4,falcons-thursday-practice-report-for-falcons-4,2025-10-16T23:07:54.000Z,Practice Report
https://www.fantasyguru.com/seahawks-thursday-practice-report-for-seahawks-25,seahawks-thursday-practice-report-for-seahawks-25,2025-10-16T23:07:53.000Z,Practice Report
https://www.fantasyguru.com/texans-houstons-thursday-practice-report-2,texans-houstons-thursday-practice-report-2,2025-10-16T23:07:52.000Z,Practice Report
https://www.fantasyguru.com/patriots-thursday-practice-report-for-patriots-12,patriots-thursday-practice-report-for-patriots-12,2025-10-16T22:07:52.000Z,Practice Report
https://www.fantasyguru.com/eagles-thursday-practice-report-for-eagles-16,eagles-thursday-practice-report-for-eagles-16,2025-10-16T22:07:52.000Z,Practice Report
https://www.fantasyguru.com/browns-thursday-practice-report-for-browns-10,browns-thursday-practice-report-for-browns-10,2025-10-16T22:07:50.000Z,Practice Report
https://www.fantasyguru.com/bears-chicagos-thursday-practice-report-4,bears-chicagos-thursday-practice-report-4,2025-10-16T22:07:48.000Z,Practice Report
https://www.fantasyguru.com/jets-thursday-practice-report-for-jets-13,jets-thursday-practice-report-for-jets-13,2025-10-16T21:08:08.000Z,Practice Report
https://www.fantasyguru.com/commanders-thursday-practice-report-for-commanders-8,commanders-thursday-practice-report-for-commanders-8,2025-10-16T21:08:06.000Z,Practice Report
https://www.fantasyguru.com/dolphins-thursday-practice-report-for-miami-3,dolphins-thursday-practice-report-for-miami-3,2025-10-16T21:08:05.000Z,Practice Report
https://www.fantasyguru.com/giants-thursday-practice-report-for-new-york-giants-3,giants-thursday-practice-report-for-new-york-giants-3,2025-10-16T20:08:32.000Z,Practice Report
https://www.fantasyguru.com/colts-thursday-practice-report-for-indianapolis,colts-thursday-practice-report-for-indianapolis,2025-10-16T20:08:31.000Z,Practice Report
https://www.fantasyguru.com/lions-thursday-practice-report-for-detroit,lions-thursday-practice-report-for-detroit,2025-10-16T20:08:30.000Z,Practice Report
https://www.fantasyguru.com/2025-red-zone-review-after-week-6,2025-red-zone-review-after-week-6,2025-10-16T16:10:21.000Z,
https://www.fantasyguru.com/2025-nfl-fantasy-billboard-fantasy-football-week-7-observations,2025-nfl-fantasy-billboard-fantasy-football-week-7-observations,2025-10-16T13:11:08.000Z,
https://www.fantasyguru.com/2025-nfl-dfs-contest-selection-week-7,2025-nfl-dfs-contest-selection-week-7,2025-10-16T11:48:44.000Z,NFL DFS Breakdown
https://www.fantasyguru.com/dynasty-ratings-update-10-16,dynasty-ratings-update-10-16,2025-10-16T09:36:51.000Z,Dynasty
https://www.fantasyguru.com/chargers-wednesday-practice-report-for-chargers-9,chargers-wednesday-practice-report-for-chargers-9,2025-10-16T00:08:37.000Z,Practice Report
https://www.fantasyguru.com/raiders-wednesday-practice-report-for-raiders-14,raiders-wednesday-practice-report-for-raiders-14,2025-10-16T00:08:36.000Z,Practice Report
https://www.fantasyguru.com/bears-wednesday-practice-report-for-bears-9,bears-wednesday-practice-report-for-bears-9,2025-10-16T00:08:35.000Z,Practice Report
https://www.fantasyguru.com/packers-wednesday-practice-report-for-green-bay,packers-wednesday-practice-report-for-green-bay,2025-10-15T23:07:42.000Z,Practice Report
https://www.fantasyguru.com/broncos-denvers-wednesday-practice-report-5,broncos-denvers-wednesday-practice-report-5,2025-10-15T23:07:41.000Z,Practice Report
https://www.fantasyguru.com/eagles-wednesday-practice-report-for-eagles-9,eagles-wednesday-practice-report-for-eagles-9,2025-10-15T23:07:40.000Z,Practice Report
https://www.fantasyguru.com/jaguars-wednesday-practice-report-for-jaguars-16,jaguars-wednesday-practice-report-for-jaguars-16,2025-10-15T23:07:39.000Z,Practice Report
https://www.fantasyguru.com/rams-wednesday-practice-report-for-rams-16,rams-wednesday-practice-report-for-rams-16,2025-10-15T23:07:38.000Z,Practice Report
https://www.fantasyguru.com/titans-wednesday-practice-report-for-titans-15,titans-wednesday-practice-report-for-titans-15,2025-10-15T22:08:34.000Z,Practice Report
https://www.fantasyguru.com/dolphins-wednesday-practice-report-for-dolphins-10,dolphins-wednesday-practice-report-for-dolphins-10,2025-10-15T22:08:33.000Z,Practice Report
https://www.fantasyguru.com/cowboys-wednesday-practice-report-for-cowboys-14,cowboys-wednesday-practice-report-for-cowboys-14,2025-10-15T22:08:30.000Z,Practice Report
https://www.fantasyguru.com/snap-counts-usage-from-week-6-2025,snap-counts-usage-from-week-6-2025,2025-10-15T21:25:07.000Z,
https://www.fantasyguru.com/commanders-wednesday-practice-report-for-was-13,commanders-wednesday-practice-report-for-was-13,2025-10-15T21:07:39.000Z,Practice Report
https://www.fantasyguru.com/jets-wednesday-practice-report-for-jets-11,jets-wednesday-practice-report-for-jets-11,2025-10-15T21:07:38.000Z,Practice Report
https://www.fantasyguru.com/patriots-wednesday-practice-report-for-patriots-17,patriots-wednesday-practice-report-for-patriots-17,2025-10-15T21:07:36.000Z,Practice Report
https://www.fantasyguru.com/panthers-wednesday-practice-report-for-carolina-3,panthers-wednesday-practice-report-for-carolina-3,2025-10-15T20:08:32.000Z,Practice Report
https://www.fantasyguru.com/giants-wednesday-practice-report-for-new-york-giants-2,giants-wednesday-practice-report-for-new-york-giants-2,2025-10-15T20:08:29.000Z,Practice Report
https://www.fantasyguru.com/2025-nfl-weekly-streamers-week-7,2025-nfl-weekly-streamers-week-7,2025-10-15T17:49:15.000Z,
https://www.fantasyguru.com/targets-and-touches-week-6-4,targets-and-touches-week-6-4,2025-10-15T09:57:56.000Z,Targets & Touches
https://www.fantasyguru.com/2025-qb-coach-week-7,2025-qb-coach-week-7,2025-10-14T22:43:58.000Z,QB Analysis
https://www.fantasyguru.com/armando-marsals-nfl-recap-week-6-2025,armando-marsals-nfl-recap-week-6-2025,2025-10-13T19:01:10.000Z,
https://www.fantasyguru.com/nfl-dfs-cash-game-review-week-6-2025,nfl-dfs-cash-game-review-week-6-2025,2025-10-13T16:26:47.000Z,NFL DFS Breakdown
https://www.fantasyguru.com/nfl-dfs-monday-night-breakdown-week-6,nfl-dfs-monday-night-breakdown-week-6,2025-10-13T03:35:00.000Z,NFL DFS Breakdown
https://www.fantasyguru.com/nfl-week-6-injury-report-2025,nfl-week-6-injury-report-2025,2025-10-12T15:56:42.000Z,
https://www.fantasyguru.com/jeff-mans-dfs-nfl-cash-game-breakdown-week-6-2025,jeff-mans-dfs-nfl-cash-game-breakdown-week-6-2025,2025-10-12T13:58:51.000Z,NFL DFS Breakdown
https://www.fantasyguru.com/nfl-dfs-betting-selections-week-6-2025,nfl-dfs-betting-selections-week-6-2025,2025-10-11T21:35:27.000Z,NFL DFS Breakdown
https://www.fantasyguru.com/nfl-gpp-breakdown-week-6-2025,nfl-gpp-breakdown-week-6-2025,2025-10-11T19:16:54.000Z,
https://www.fantasyguru.com/2025-nfl-core-4-dfs-livestream-recap-oct-10,2025-nfl-core-4-dfs-livestream-recap-oct-10,2025-10-11T18:43:59.000Z,Podcast/Livestream
https://www.fantasyguru.com/2025-week-6-nfl-gameday-matchups,2025-week-6-nfl-gameday-matchups,2025-10-10T23:04:07.000Z,
https://www.fantasyguru.com/nfl-week-5-injury-report-2025,nfl-week-5-injury-report-2025,2025-10-10T21:46:30.000Z,
https://www.fantasyguru.com/bears-friday-practice-report-for-bears-3,bears-friday-practice-report-for-bears-3,2025-10-10T19:51:21.000Z,Practice Report
https://www.fantasyguru.com/buccaneers-thursday-practice-report-for-tampa-bay,buccaneers-thursday-practice-report-for-tampa-bay,2025-10-10T00:51:22.000Z,Practice Report
https://www.fantasyguru.com/raiders-thursday-practice-report-for-raiders-8,raiders-thursday-practice-report-for-raiders-8,2025-10-09T23:51:22.000Z,Practice Report
https://www.fantasyguru.com/seahawks-thursday-practice-report-for-seahawks-24,seahawks-thursday-practice-report-for-seahawks-24,2025-10-09T23:51:21.000Z,Practice Report
https://www.fantasyguru.com/49ers-thursday-practice-report-for-sf,49ers-thursday-practice-report-for-sf,2025-10-09T23:51:19.000Z,Practice Report
https://www.fantasyguru.com/bengals-thursday-practice-report-for-bengals-10,bengals-thursday-practice-report-for-bengals-10,2025-10-09T22:51:57.000Z,Practice Report
https://www.fantasyguru.com/packers-thursday-practice-report-for-packers-14,packers-thursday-practice-report-for-packers-14,2025-10-09T22:51:54.000Z,Practice Report
https://www.fantasyguru.com/dolphins-thursday-practice-report-for-dolphins-10,dolphins-thursday-practice-report-for-dolphins-10,2025-10-09T22:51:52.000Z,Practice Report
https://www.fantasyguru.com/cowboys-thursday-practice-report-for-cowboys-13,cowboys-thursday-practice-report-for-cowboys-13,2025-10-09T21:51:59.000Z,Practice Report
https://www.fantasyguru.com/bears-thursday-practice-report-for-bears-4,bears-thursday-practice-report-for-bears-4,2025-10-09T21:51:57.000Z,Practice Report
https://www.fantasyguru.com/saints-thursday-practice-report-for-saints-9,saints-thursday-practice-report-for-saints-9,2025-10-09T21:51:55.000Z,Practice Report
https://www.fantasyguru.com/dynasty-ratings-update-10-8,dynasty-ratings-update-10-8,2025-10-09T21:38:30.000Z,Dynasty
https://www.fantasyguru.com/commanders-thursday-practice-report-for-was-6,commanders-thursday-practice-report-for-was-6,2025-10-09T20:51:45.000Z,Practice Report
https://www.fantasyguru.com/cardinals-thursday-practice-report-for-cardinals-10,cardinals-thursday-practice-report-for-cardinals-10,2025-10-09T20:51:43.000Z,Practice Report
https://www.fantasyguru.com/patriots-thursday-practice-report-for-patriots-11,patriots-thursday-practice-report-for-patriots-11,2025-10-09T20:51:42.000Z,Practice Report
https://www.fantasyguru.com/bills-thursday-practice-report-for-buffalo-2,bills-thursday-practice-report-for-buffalo-2,2025-10-09T19:51:33.000Z,Practice Report
https://www.fantasyguru.com/panthers-thursday-practice-report-for-carolina-6,panthers-thursday-practice-report-for-carolina-6,2025-10-09T19:51:31.000Z,Practice Report
https://www.fantasyguru.com/2025-red-zone-review-after-week-5,2025-red-zone-review-after-week-5,2025-10-09T19:21:10.000Z,
https://www.fantasyguru.com/broncos-thursday-practice-report-for-denver-2,broncos-thursday-practice-report-for-denver-2,2025-10-09T17:52:01.000Z,Practice Report
https://www.fantasyguru.com/jets-thursday-practice-report-for-new-york-jets-2,jets-thursday-practice-report-for-new-york-jets-2,2025-10-09T17:52:00.000Z,Practice Report
https://www.fantasyguru.com/2025-nfl-fantasy-billboard-fantasy-football-week-6-observations,2025-nfl-fantasy-billboard-fantasy-football-week-6-observations,2025-10-09T15:14:29.000Z,
https://www.fantasyguru.com/2025-nfl-fantasy-billboard-fantasy-football-week-5-observations,2025-nfl-fantasy-billboard-fantasy-football-week-5-observations,2025-10-09T13:36:41.000Z,
https://www.fantasyguru.com/rams-wednesday-practice-report-for-rams-15,rams-wednesday-practice-report-for-rams-15,2025-10-09T00:51:46.000Z,Practice Report
https://www.fantasyguru.com/2025-nfl-dfs-contest-selection-week-6,2025-nfl-dfs-contest-selection-week-6,2025-10-09T00:44:08.000Z,NFL DFS Breakdown
https://www.fantasyguru.com/jaguars-wednesday-practice-report-for-jaguars-15,jaguars-wednesday-practice-report-for-jaguars-15,2025-10-08T23:51:43.000Z,Practice Report
https://www.fantasyguru.com/buccaneers-wednesday-practice-report-for-bucs-18,buccaneers-wednesday-practice-report-for-bucs-18,2025-10-08T23:51:41.000Z,Practice Report
https://www.fantasyguru.com/raiders-wednesday-practice-report-for-raiders-11,raiders-wednesday-practice-report-for-raiders-11,2025-10-08T23:51:40.000Z,Practice Report
https://www.fantasyguru.com/saints-wednesday-practice-report-for-saints-16,saints-wednesday-practice-report-for-saints-16,2025-10-08T22:51:52.000Z,Practice Report
https://www.fantasyguru.com/titans-wednesday-practice-report-for-tennessee,titans-wednesday-practice-report-for-tennessee,2025-10-08T22:51:50.000Z,Practice Report
https://www.fantasyguru.com/chargers-wednesday-practice-report-for-chargers-8,chargers-wednesday-practice-report-for-chargers-8,2025-10-08T22:51:47.000Z,Practice Report
https://www.fantasyguru.com/cowboys-wednesday-practice-report-for-cowboys-13,cowboys-wednesday-practice-report-for-cowboys-13,2025-10-08T21:52:06.000Z,Practice Report
https://www.fantasyguru.com/browns-wednesday-practice-report-for-browns-19,browns-wednesday-practice-report-for-browns-19,2025-10-08T21:52:04.000Z,Practice Report
https://www.fantasyguru.com/cardinals-wednesday-practice-report-for-cardinals-13,cardinals-wednesday-practice-report-for-cardinals-13,2025-10-08T21:52:03.000Z,Practice Report
https://www.fantasyguru.com/colts-wednesday-practice-report-for-indianapolis-3,colts-wednesday-practice-report-for-indianapolis-3,2025-10-08T20:52:04.000Z,Practice Report
https://www.fantasyguru.com/lions-wednesday-practice-report-for-lions-8,lions-wednesday-practice-report-for-lions-8,2025-10-08T20:52:02.000Z,Practice Report
https://www.fantasyguru.com/chiefs-wednesday-practice-report-for-chiefs-16,chiefs-wednesday-practice-report-for-chiefs-16,2025-10-08T20:51:59.000Z,Practice Report
https://www.fantasyguru.com/panthers-wednesday-practice-report-for-carolina-2,panthers-wednesday-practice-report-for-carolina-2,2025-10-08T19:51:21.000Z,Practice Report
https://www.fantasyguru.com/steelers-wednesday-practice-report-for-pittsburgh,steelers-wednesday-practice-report-for-pittsburgh,2025-10-08T19:51:19.000Z,Practice Report
https://www.fantasyguru.com/snap-counts-usage-from-week-5-2025,snap-counts-usage-from-week-5-2025,2025-10-08T19:50:31.000Z,
https://www.fantasyguru.com/2025-nfl-weekly-streamers-week-6,2025-nfl-weekly-streamers-week-6,2025-10-08T19:33:49.000Z,
https://www.fantasyguru.com/jets-wednesday-practice-report-for-new-york-jets,jets-wednesday-practice-report-for-new-york-jets,2025-10-08T18:51:48.000Z,Practice Report
https://www.fantasyguru.com/broncos-wednesday-practice-report-for-denver,broncos-wednesday-practice-report-for-denver,2025-10-08T17:51:19.000Z,Practice Report
https://www.fantasyguru.com/targets-and-touches-week-5-5,targets-and-touches-week-5-5,2025-10-08T06:07:10.000Z,Targets & Touches
https://www.fantasyguru.com/2025-26-nba-bestball-strategy,2025-26-nba-bestball-strategy,2025-10-08T02:06:58.000Z,Best Ball
https://www.fantasyguru.com/2025-qb-coach-week-6,2025-qb-coach-week-6,2025-10-07T20:27:58.000Z,QB Analysis
https://www.fantasyguru.com/nfl-six-game-suspension-for-odell-beckham-jr,nfl-six-game-suspension-for-odell-beckham-jr,2025-10-07T19:52:04.000Z,
https://www.fantasyguru.com/giants-tuesday-practice-report-for-new-york-giants,giants-tuesday-practice-report-for-new-york-giants,2025-10-07T19:52:03.000Z,Practice Report
https://www.fantasyguru.com/2025-idp-leagues-week-5-performers-week-6-waiver-wire-targets,2025-idp-leagues-week-5-performers-week-6-waiver-wire-targets,2025-10-07T18:10:10.000Z,Waiver Wire
https://www.fantasyguru.com/eagles-monday-practice-report-for-eagles-3,eagles-monday-practice-report-for-eagles-3,2025-10-06T21:52:03.000Z,Practice Report
https://www.fantasyguru.com/giants-monday-practice-report-for-giants-2,giants-monday-practice-report-for-giants-2,2025-10-06T19:52:04.000Z,Practice Report
https://www.fantasyguru.com/nfl-treylon-burks-medically-cleared,nfl-treylon-burks-medically-cleared,2025-10-06T19:52:03.000Z,
https://www.fantasyguru.com/nfl-dfs-cash-game-review-week-5-2025,nfl-dfs-cash-game-review-week-5-2025,2025-10-06T17:55:51.000Z,NFL DFS Breakdown
https://www.fantasyguru.com/bengals-cin-open-to-qb-change,bengals-cin-open-to-qb-change,2025-10-06T15:51:18.000Z,QB Analysis
https://www.fantasyguru.com/armando-marsals-nfl-recap-week-5-2025,armando-marsals-nfl-recap-week-5-2025,2025-10-06T14:09:03.000Z,
https://www.fantasyguru.com/broncos-nik-bonitto-meets-at-quarterback-2,broncos-nik-bonitto-meets-at-quarterback-2,2025-10-05T23:51:22.000Z,QB Analysis
https://www.fantasyguru.com/titans-cam-ward-records-first-nfl-victory,titans-cam-ward-records-first-nfl-victory,2025-10-05T23:51:18.000Z,
https://www.fantasyguru.com/jeff-mans-dfs-nfl-cash-game-breakdown-week-5-2025,jeff-mans-dfs-nfl-cash-game-breakdown-week-5-2025,2025-10-05T08:10:58.000Z,NFL DFS Breakdown
https://www.fantasyguru.com/nfl-gpp-breakdown-week-5-2025,nfl-gpp-breakdown-week-5-2025,2025-10-04T22:45:43.000Z,
https://www.fantasyguru.com/nfl-dfs-betting-selections-week-5-2025,nfl-dfs-betting-selections-week-5-2025,2025-10-04T20:25:30.000Z,NFL DFS Breakdown
https://www.fantasyguru.com/2025-nfl-core-4-dfs-livestream-recap-oct-3,2025-nfl-core-4-dfs-livestream-recap-oct-3,2025-10-04T17:26:34.000Z,Podcast/Livestream
https://www.fantasyguru.com/nfl-multiple-teams-interested-in-justin-tucker,nfl-multiple-teams-interested-in-justin-tucker,2025-10-04T15:51:50.000Z,
https://www.fantasyguru.com/chiefs-friday-practice-report-for-chiefs-2,chiefs-friday-practice-report-for-chiefs-2,2025-10-03T23:51:38.000Z,Practice Report
https://www.fantasyguru.com/jaguars-friday-practice-report-for-jaguars,jaguars-friday-practice-report-for-jaguars,2025-10-03T23:51:36.000Z,Practice Report
https://www.fantasyguru.com/2025-week-5-nfl-gameday-matchups,2025-week-5-nfl-gameday-matchups,2025-10-03T23:48:34.000Z,
https://www.fantasyguru.com/cardinals-three-running-backs-to-see-time,cardinals-three-running-backs-to-see-time,2025-10-03T17:51:20.000Z,
https://www.fantasyguru.com/buccaneers-thursday-practice-report-for-bucs-6,buccaneers-thursday-practice-report-for-bucs-6,2025-10-03T00:52:03.000Z,Practice Report
https://www.fantasyguru.com/chargers-thursday-practice-report-for-chargers-8,chargers-thursday-practice-report-for-chargers-8,2025-10-02T23:52:12.000Z,Practice Report
https://www.fantasyguru.com/raiders-thursday-practice-report-for-raiders-7,raiders-thursday-practice-report-for-raiders-7,2025-10-02T23:52:11.000Z,Practice Report
https://www.fantasyguru.com/chiefs-thursday-practice-report-for-chiefs-7,chiefs-thursday-practice-report-for-chiefs-7,2025-10-02T23:52:09.000Z,Practice Report
https://www.fantasyguru.com/seahawks-seattles-thursday-practice-report,seahawks-seattles-thursday-practice-report,2025-10-02T23:52:08.000Z,Practice Report
https://www.fantasyguru.com/ravens-thursday-practice-report-for-ravens-9,ravens-thursday-practice-report-for-ravens-9,2025-10-02T22:52:21.000Z,Practice Report
https://www.fantasyguru.com/texans-thursday-practice-report-for-texans-5,texans-thursday-practice-report-for-texans-5,2025-10-02T22:52:20.000Z,Practice Report
https://www.fantasyguru.com/dolphins-thursday-practice-report-for-dolphins-9,dolphins-thursday-practice-report-for-dolphins-9,2025-10-02T22:52:19.000Z,Practice Report
https://www.fantasyguru.com/cardinals-thursday-practice-report-for-cardinals-9,cardinals-thursday-practice-report-for-cardinals-9,2025-10-02T22:52:18.000Z,Practice Report
https://www.fantasyguru.com/broncos-thursday-practice-report-for-broncos-9,broncos-thursday-practice-report-for-broncos-9,2025-10-02T22:52:16.000Z,Practice Report
https://www.fantasyguru.com/jaguars-thursday-practice-report-for-jaguars-10,jaguars-thursday-practice-report-for-jaguars-10,2025-10-02T21:51:28.000Z,Practice Report
https://www.fantasyguru.com/commanders-thursday-practice-report-for-was-5,commanders-thursday-practice-report-for-was-5,2025-10-02T21:51:26.000Z,Practice Report
https://www.fantasyguru.com/cowboys-thursday-practice-report-for-cowboys-12,cowboys-thursday-practice-report-for-cowboys-12,2025-10-02T21:51:24.000Z,Practice Report
https://www.fantasyguru.com/colts-thursday-practice-report-for-colts-5,colts-thursday-practice-report-for-colts-5,2025-10-02T20:52:04.000Z,Practice Report
https://www.fantasyguru.com/patriots-thursday-practice-report-for-patriots-10,patriots-thursday-practice-report-for-patriots-10,2025-10-02T20:52:03.000Z,Practice Report
https://www.fantasyguru.com/jets-thursday-practice-report-for-jets-8,jets-thursday-practice-report-for-jets-8,2025-10-02T20:52:02.000Z,Practice Report
https://www.fantasyguru.com/saints-thursday-practice-report-for-saints-8,saints-thursday-practice-report-for-saints-8,2025-10-02T20:52:00.000Z,Practice Report
https://www.fantasyguru.com/2025-red-zone-review-after-week-4,2025-red-zone-review-after-week-4,2025-10-02T20:33:49.000Z,
https://www.fantasyguru.com/2025-red-zone-review-after-week-3,2025-red-zone-review-after-week-3,2025-10-02T20:04:07.000Z,
https://www.fantasyguru.com/bills-thursday-practice-report-for-buffalo,bills-thursday-practice-report-for-buffalo,2025-10-02T19:52:05.000Z,Practice Report
https://www.fantasyguru.com/panthers-thursday-practice-report-for-carolina-5,panthers-thursday-practice-report-for-carolina-5,2025-10-02T19:52:03.000Z,Practice Report
https://www.fantasyguru.com/giants-thursday-practice-report-for-new-york-giants-2,giants-thursday-practice-report-for-new-york-giants-2,2025-10-02T19:52:01.000Z,Practice Report
https://www.fantasyguru.com/browns-thursday-practice-report-for-browns-9,browns-thursday-practice-report-for-browns-9,2025-10-02T18:52:09.000Z,Practice Report
https://www.fantasyguru.com/vikings-thursday-practice-report-for-minnesota,vikings-thursday-practice-report-for-minnesota,2025-10-02T17:52:03.000Z,Practice Report
https://www.fantasyguru.com/dynasty-ratings-update-10-1,dynasty-ratings-update-10-1,2025-10-02T10:33:59.000Z,Dynasty
https://www.fantasyguru.com/titans-wednesday-practice-report-for-titans-14,titans-wednesday-practice-report-for-titans-14,2025-10-02T00:52:07.000Z,Practice Report
https://www.fantasyguru.com/buccaneers-wednesday-practice-report-for-bucs-17,buccaneers-wednesday-practice-report-for-bucs-17,2025-10-02T00:52:06.000Z,Practice Report
https://www.fantasyguru.com/seahawks-wednesday-practice-report-for-seahawks-21,seahawks-wednesday-practice-report-for-seahawks-21,2025-10-01T23:51:23.000Z,Practice Report
https://www.fantasyguru.com/cardinals-arizonas-wednesday-practice-report-6,cardinals-arizonas-wednesday-practice-report-6,2025-10-01T23:51:22.000Z,Practice Report
https://www.fantasyguru.com/chargers-wednesday-practice-report-for-lac-7,chargers-wednesday-practice-report-for-lac-7,2025-10-01T23:51:21.000Z,Practice Report
https://www.fantasyguru.com/raiders-wednesday-practice-report-for-raiders-10,raiders-wednesday-practice-report-for-raiders-10,2025-10-01T23:51:20.000Z,Practice Report
https://www.fantasyguru.com/ravens-wednesday-practice-report-for-ravens-12,ravens-wednesday-practice-report-for-ravens-12,2025-10-01T22:52:06.000Z,Practice Report
https://www.fantasyguru.com/bengals-wednesday-practice-report-for-bengals-12,bengals-wednesday-practice-report-for-bengals-12,2025-10-01T22:52:05.000Z,Practice Report
https://www.fantasyguru.com/commanders-wednesday-practice-report-for-commanders-12,commanders-wednesday-practice-report-for-commanders-12,2025-10-01T22:52:03.000Z,Practice Report
https://www.fantasyguru.com/texans-wednesday-practice-report-for-texans-11,texans-wednesday-practice-report-for-texans-11,2025-10-01T22:52:01.000Z,Practice Report
https://www.fantasyguru.com/cowboys-wednesday-practice-report-for-cowboys-12,cowboys-wednesday-practice-report-for-cowboys-12,2025-10-01T21:52:00.000Z,Practice Report
https://www.fantasyguru.com/dolphins-wednesday-practice-report-for-miami-3,dolphins-wednesday-practice-report-for-miami-3,2025-10-01T21:51:59.000Z,Practice Report
https://www.fantasyguru.com/snap-counts-usage-from-week-4-2025,snap-counts-usage-from-week-4-2025,2025-10-01T20:52:14.000Z,
https://www.fantasyguru.com/colts-wednesday-practice-report-for-indianapolis-2,colts-wednesday-practice-report-for-indianapolis-2,2025-10-01T20:51:22.000Z,Practice Report
https://www.fantasyguru.com/lions-wednesday-practice-report-for-detroit,lions-wednesday-practice-report-for-detroit,2025-10-01T20:51:21.000Z,Practice Report
https://www.fantasyguru.com/browns-wednesday-practice-report-for-browns-18,browns-wednesday-practice-report-for-browns-18,2025-10-01T20:51:19.000Z,Practice Report
https://www.fantasyguru.com/patriots-wednesday-practice-report-for-patriots-16,patriots-wednesday-practice-report-for-patriots-16,2025-10-01T20:51:18.000Z,Practice Report
https://www.fantasyguru.com/2025-nfl-dfs-contest-selection-week-5,2025-nfl-dfs-contest-selection-week-5,2025-10-01T20:50:18.000Z,NFL DFS Breakdown
https://www.fantasyguru.com/bills-wednesday-practice-report-for-buffalo,bills-wednesday-practice-report-for-buffalo,2025-10-01T19:52:06.000Z,Practice Report
https://www.fantasyguru.com/panthers-wednesday-practice-report-for-carolina,panthers-wednesday-practice-report-for-carolina,2025-10-01T19:52:04.000Z,Practice Report
https://www.fantasyguru.com/vikings-wednesday-practice-report-for-minnesota,vikings-wednesday-practice-report-for-minnesota,2025-10-01T17:52:03.000Z,Practice Report
https://www.fantasyguru.com/2025-nfl-weekly-streamers-week-5,2025-nfl-weekly-streamers-week-5,2025-10-01T16:43:06.000Z,
https://www.fantasyguru.com/targets-and-touches-week-4-5,targets-and-touches-week-4-5,2025-10-01T04:24:19.000Z,Targets & Touches
https://www.fantasyguru.com/2025-qb-coach-week-5,2025-qb-coach-week-5,2025-09-30T20:26:40.000Z,QB Analysis
https://www.fantasyguru.com/2025-idp-leagues-week-4-performers-week-5-waiver-wire-targets,2025-idp-leagues-week-4-performers-week-5-waiver-wire-targets,2025-09-30T16:50:45.000Z,Waiver Wire
https://www.fantasyguru.com/broncos-rj-harvey-scores-first-nfl-td,broncos-rj-harvey-scores-first-nfl-td,2025-09-30T05:51:19.000Z,
https://www.fantasyguru.com/49ers-monday-practice-report-for-sf,49ers-monday-practice-report-for-sf,2025-09-29T23:51:19.000Z,Practice Report
https://www.fantasyguru.com/raiders-two-tight-ends-back-on-practice-squad,raiders-two-tight-ends-back-on-practice-squad,2025-09-29T22:51:21.000Z,
https://www.fantasyguru.com/rams-monday-practice-report-for-rams-4,rams-monday-practice-report-for-rams-4,2025-09-29T22:51:19.000Z,Practice Report
https://www.fantasyguru.com/nfl-dfs-monday-night-breakdown-week-4-2,nfl-dfs-monday-night-breakdown-week-4-2,2025-09-29T22:23:38.000Z,NFL DFS Breakdown
https://www.fantasyguru.com/nfl-dfs-cash-game-review-week-4-2025,nfl-dfs-cash-game-review-week-4-2025,2025-09-29T16:52:18.000Z,NFL DFS Breakdown
https://www.fantasyguru.com/chiefs-george-karlaftis-meets-at-quarterback,chiefs-george-karlaftis-meets-at-quarterback,2025-09-29T03:51:20.000Z,QB Analysis
https://www.fantasyguru.com/nfl-week-4-injury-report-2025,nfl-week-4-injury-report-2025,2025-09-28T12:26:24.000Z,
https://www.fantasyguru.com/jeff-mans-dfs-nfl-cash-game-breakdown-week-4-2025,jeff-mans-dfs-nfl-cash-game-breakdown-week-4-2025,2025-09-28T07:30:56.000Z,NFL DFS Breakdown
https://www.fantasyguru.com/49ers-jauan-jennings-to-be-on-snap-count,49ers-jauan-jennings-to-be-on-snap-count,2025-09-28T04:52:07.000Z,
https://www.fantasyguru.com/nfl-dfs-betting-selections-week-4-2025,nfl-dfs-betting-selections-week-4-2025,2025-09-28T00:04:24.000Z,NFL DFS Breakdown
https://www.fantasyguru.com/raiders-two-tight-ends-called-up-for-week-4,raiders-two-tight-ends-called-up-for-week-4,2025-09-27T20:51:20.000Z,
https://www.fantasyguru.com/nfl-gpp-breakdown-week-4-2025,nfl-gpp-breakdown-week-4-2025,2025-09-27T19:53:40.000Z,
https://www.fantasyguru.com/2025-nfl-core-4-dfs-livestream-recap-sept-26,2025-nfl-core-4-dfs-livestream-recap-sept-26,2025-09-27T18:46:15.000Z,Podcast/Livestream
https://www.fantasyguru.com/broncos-friday-practice-report-for-broncos-2,broncos-friday-practice-report-for-broncos-2,2025-09-26T22:51:39.000Z,Practice Report
https://www.fantasyguru.com/dolphins-friday-practice-report-for-mia,dolphins-friday-practice-report-for-mia,2025-09-26T21:51:50.000Z,Practice Report
https://www.fantasyguru.com/bengals-friday-practice-report-for-cincinnati,bengals-friday-practice-report-for-cincinnati,2025-09-26T20:51:49.000Z,Practice Report
https://www.fantasyguru.com/jets-friday-practice-report-for-jets-3,jets-friday-practice-report-for-jets-3,2025-09-26T20:51:45.000Z,Practice Report
https://www.fantasyguru.com/chiefs-thursday-practice-report-for-chiefs-6,chiefs-thursday-practice-report-for-chiefs-6,2025-09-26T00:51:24.000Z,Practice Report
https://www.fantasyguru.com/49ers-thursday-practice-report-for-san-francisco-2,49ers-thursday-practice-report-for-san-francisco-2,2025-09-26T00:51:22.000Z,Practice Report
https://www.fantasyguru.com/rams-thursday-practice-report-for-the-rams,rams-thursday-practice-report-for-the-rams,2025-09-26T00:51:20.000Z,Practice Report
https://www.fantasyguru.com/packers-thursday-practice-report-for-packers-13,packers-thursday-practice-report-for-packers-13,2025-09-25T23:51:54.000Z,Practice Report
https://www.fantasyguru.com/broncos-thursday-practice-report-for-broncos-8,broncos-thursday-practice-report-for-broncos-8,2025-09-25T23:51:54.000Z,Practice Report
https://www.fantasyguru.com/raiders-thursday-practice-report-for-vegas-5,raiders-thursday-practice-report-for-vegas-5,2025-09-25T23:51:53.000Z,Practice Report
https://www.fantasyguru.com/buccaneers-thursday-practice-report-for-buccaneers-2,buccaneers-thursday-practice-report-for-buccaneers-2,2025-09-25T23:51:51.000Z,Practice Report
https://www.fantasyguru.com/jaguars-thursday-practice-report-for-jaguars-9,jaguars-thursday-practice-report-for-jaguars-9,2025-09-25T23:51:50.000Z,Practice Report
https://www.fantasyguru.com/falcons-thursday-practice-report-for-falcons-3,falcons-thursday-practice-report-for-falcons-3,2025-09-25T22:52:02.000Z,Practice Report
https://www.fantasyguru.com/browns-thursday-practice-report-for-browns-8,browns-thursday-practice-report-for-browns-8,2025-09-25T22:52:01.000Z,Practice Report
https://www.fantasyguru.com/steelers-thursday-practice-report-for-steelers-2,steelers-thursday-practice-report-for-steelers-2,2025-09-25T22:51:58.000Z,Practice Report
https://www.fantasyguru.com/lions-thursday-practice-report-for-lions-6,lions-thursday-practice-report-for-lions-6,2025-09-25T21:51:23.000Z,Practice Report
https://www.fantasyguru.com/bengals-thursday-practice-report-for-bengals-9,bengals-thursday-practice-report-for-bengals-9,2025-09-25T21:51:22.000Z,Practice Report
https://www.fantasyguru.com/eagles-thursday-practice-report-for-eagles-15,eagles-thursday-practice-report-for-eagles-15,2025-09-25T21:51:21.000Z,Practice Report
https://www.fantasyguru.com/saints-thursday-practice-report-for-saints-7,saints-thursday-practice-report-for-saints-7,2025-09-25T21:51:20.000Z,Practice Report
https://www.fantasyguru.com/bears-thursday-practice-report-for-bears-3,bears-thursday-practice-report-for-bears-3,2025-09-25T21:51:18.000Z,Practice Report
https://www.fantasyguru.com/colts-thursday-practice-report-for-colts-4,colts-thursday-practice-report-for-colts-4,2025-09-25T20:52:18.000Z,Practice Report
https://www.fantasyguru.com/commanders-thursday-practice-report-for-commanders-7,commanders-thursday-practice-report-for-commanders-7,2025-09-25T20:52:16.000Z,Practice Report
https://www.fantasyguru.com/jets-thursday-practice-report-for-jets-7,jets-thursday-practice-report-for-jets-7,2025-09-25T20:52:15.000Z,Practice Report
https://www.fantasyguru.com/dolphins-miamis-thursday-practice-report-2,dolphins-miamis-thursday-practice-report-2,2025-09-25T20:52:13.000Z,Practice Report
https://www.fantasyguru.com/panthers-thursday-practice-report-for-carolina-4,panthers-thursday-practice-report-for-carolina-4,2025-09-25T19:51:45.000Z,Practice Report
https://www.fantasyguru.com/dynasty-ratings-update-9-24,dynasty-ratings-update-9-24,2025-09-25T18:52:42.000Z,Dynasty
https://www.fantasyguru.com/patriots-gee-scott-added-to-practice-report-2,patriots-gee-scott-added-to-practice-report-2,2025-09-25T18:51:48.000Z,Practice Report
https://www.fantasyguru.com/patriots-gee-scott-added-to-practice-report,patriots-gee-scott-added-to-practice-report,2025-09-25T18:51:48.000Z,Practice Report
https://www.fantasyguru.com/2025-week-4-nfl-gameday-matchups,2025-week-4-nfl-gameday-matchups,2025-09-25T18:31:00.000Z,
https://www.fantasyguru.com/2025-red-zone-review-after-week-2,2025-red-zone-review-after-week-2,2025-09-25T18:28:18.000Z,
https://www.fantasyguru.com/2025-nfl-dfs-contest-selection-week-4,2025-nfl-dfs-contest-selection-week-4,2025-09-25T11:48:27.000Z,NFL DFS Breakdown
https://www.fantasyguru.com/2025-nfl-fantasy-billboard-fantasy-football-first-round-qb-dart-daboll,2025-nfl-fantasy-billboard-fantasy-football-first-round-qb-dart-daboll,2025-09-25T03:57:00.000Z,QB Analysis
https://www.fantasyguru.com/49ers-wednesday-practice-report-for-49ers-15,49ers-wednesday-practice-report-for-49ers-15,2025-09-25T00:52:01.000Z,Practice Report
https://www.fantasyguru.com/rams-wednesday-practice-report-for-the-rams-2,rams-wednesday-practice-report-for-the-rams-2,2025-09-25T00:51:59.000Z,Practice Report
https://www.fantasyguru.com/raiders-wednesday-practice-report-for-raiders-9,raiders-wednesday-practice-report-for-raiders-9,2025-09-24T23:52:20.000Z,Practice Report
https://www.fantasyguru.com/chiefs-wednesday-practice-report-for-chiefs-15,chiefs-wednesday-practice-report-for-chiefs-15,2025-09-24T23:52:18.000Z,Practice Report
https://www.fantasyguru.com/jaguars-wednesday-practice-report-for-jaguars-14,jaguars-wednesday-practice-report-for-jaguars-14,2025-09-24T23:52:16.000Z,Practice Report
https://www.fantasyguru.com/vikings-wednesday-practice-report-for-min-3,vikings-wednesday-practice-report-for-min-3,2025-09-24T22:51:38.000Z,Practice Report
https://www.fantasyguru.com/packers-wednesday-practice-report-for-packers-12,packers-wednesday-practice-report-for-packers-12,2025-09-24T22:51:36.000Z,Practice Report
https://www.fantasyguru.com/chargers-wednesday-practice-report-for-lac-6,chargers-wednesday-practice-report-for-lac-6,2025-09-24T22:51:35.000Z,Practice Report
https://www.fantasyguru.com/commanders-wednesday-practice-report-for-commanders-11,commanders-wednesday-practice-report-for-commanders-11,2025-09-24T21:51:27.000Z,Practice Report
https://www.fantasyguru.com/cowboys-wednesday-practice-report-for-cowboys-9,cowboys-wednesday-practice-report-for-cowboys-9,2025-09-24T21:51:27.000Z,Practice Report
https://www.fantasyguru.com/saints-wednesday-practice-report-for-saints-15,saints-wednesday-practice-report-for-saints-15,2025-09-24T21:51:26.000Z,Practice Report
https://www.fantasyguru.com/patriots-wednesday-practice-report-for-patriots-15,patriots-wednesday-practice-report-for-patriots-15,2025-09-24T21:51:25.000Z,Practice Report
https://www.fantasyguru.com/browns-wednesday-practice-report-for-browns-17,browns-wednesday-practice-report-for-browns-17,2025-09-24T21:51:23.000Z,Practice Report
https://www.fantasyguru.com/bears-wednesday-practice-report-for-bears-8,bears-wednesday-practice-report-for-bears-8,2025-09-24T20:52:21.000Z,Practice Report
https://www.fantasyguru.com/lions-wednesday-practice-report-for-lions-7,lions-wednesday-practice-report-for-lions-7,2025-09-24T20:52:20.000Z,Practice Report
https://www.fantasyguru.com/steelers-wednesday-practice-report-for-steelers-12,steelers-wednesday-practice-report-for-steelers-12,2025-09-24T20:52:19.000Z,Practice Report
https://www.fantasyguru.com/falcons-atlantas-wednesday-practice-report-5,falcons-atlantas-wednesday-practice-report-5,2025-09-24T20:52:18.000Z,Practice Report
https://www.fantasyguru.com/titans-wednesday-practice-report-for-titans-13,titans-wednesday-practice-report-for-titans-13,2025-09-24T20:52:16.000Z,Practice Report
https://www.fantasyguru.com/colts-wednesday-practice-report-for-indianapolis,colts-wednesday-practice-report-for-indianapolis,2025-09-24T19:51:45.000Z,Practice Report
https://www.fantasyguru.com/snap-counts-usage-from-week-3-2025,snap-counts-usage-from-week-3-2025,2025-09-24T19:38:30.000Z,
https://www.fantasyguru.com/2025-nfl-weekly-streamers-week-4,2025-nfl-weekly-streamers-week-4,2025-09-24T14:42:15.000Z,
https://www.fantasyguru.com/targets-and-touches-week-3-5,targets-and-touches-week-3-5,2025-09-24T01:09:43.000Z,Targets & Touches
https://www.fantasyguru.com/2025-qb-coach-week-4,2025-qb-coach-week-4,2025-09-23T22:10:12.000Z,QB Analysis
https://www.fantasyguru.com/2025-idp-leagues-week-3-performers-week-4-waiver-wire-targets,2025-idp-leagues-week-3-performers-week-4-waiver-wire-targets,2025-09-23T17:10:38.000Z,Waiver Wire
https://www.fantasyguru.com/seahawks-monday-practice-report-for-seattle-2,seahawks-monday-practice-report-for-seattle-2,2025-09-23T00:52:04.000Z,Practice Report
https://www.fantasyguru.com/cardinals-monday-practice-report-for-cardinals,cardinals-monday-practice-report-for-cardinals,2025-09-22T23:51:19.000Z,Practice Report
https://www.fantasyguru.com/seahawks-two-running-backs-worked-out,seahawks-two-running-backs-worked-out,2025-09-22T22:52:17.000Z,
https://www.fantasyguru.com/giants-coach-not-naming-starting-qb-for-week-4,giants-coach-not-naming-starting-qb-for-week-4,2025-09-22T18:51:19.000Z,QB Analysis
https://www.fantasyguru.com/armando-marsals-nfl-recap-week-3-2025,armando-marsals-nfl-recap-week-3-2025,2025-09-22T15:03:09.000Z,
https://www.fantasyguru.com/nfl-dfs-cash-game-review-week-3-2025,nfl-dfs-cash-game-review-week-3-2025,2025-09-22T14:13:12.000Z,NFL DFS Breakdown
https://www.fantasyguru.com/jaguars-josh-hines-allen-totals-three-qb-hits,jaguars-josh-hines-allen-totals-three-qb-hits,2025-09-22T00:51:18.000Z,QB Analysis
https://www.fantasyguru.com/packers-john-fitzpatrick-records-first-nfl-td,packers-john-fitzpatrick-records-first-nfl-td,2025-09-21T22:52:03.000Z,
https://www.fantasyguru.com/nfl-week-3-injury-report-2025,nfl-week-3-injury-report-2025,2025-09-21T15:50:04.000Z,
https://www.fantasyguru.com/jeff-mans-dfs-nfl-cash-game-breakdown-week-3-2025,jeff-mans-dfs-nfl-cash-game-breakdown-week-3-2025,2025-09-21T07:13:30.000Z,NFL DFS Breakdown
https://www.fantasyguru.com/nfl-dfs-betting-selections-week-3-2025,nfl-dfs-betting-selections-week-3-2025,2025-09-20T22:02:22.000Z,NFL DFS Breakdown
https://www.fantasyguru.com/2025-nfl-core-4-dfs-livestream-recap-sept-19,2025-nfl-core-4-dfs-livestream-recap-sept-19,2025-09-20T20:14:28.000Z,Podcast/Livestream
https://www.fantasyguru.com/nfl-gpp-breakdown-week-3-2025,nfl-gpp-breakdown-week-3-2025,2025-09-20T19:47:03.000Z,
https://www.fantasyguru.com/jeff-mans-dfs-nfl-cash-game-breakdown-week-2-2025,jeff-mans-dfs-nfl-cash-game-breakdown-week-2-2025,2025-09-20T03:14:07.000Z,NFL DFS Breakdown
https://www.fantasyguru.com/lions-friday-practice-report-for-lions,lions-friday-practice-report-for-lions,2025-09-19T21:52:02.000Z,Practice Report
https://www.fantasyguru.com/ravens-baltimores-friday-practice-report,ravens-baltimores-friday-practice-report,2025-09-19T21:52:01.000Z,Practice Report
https://www.fantasyguru.com/2025-quarterback-target-shares,2025-quarterback-target-shares,2025-09-19T20:12:30.000Z,QB Analysis
https://www.fantasyguru.com/2025-rookie-expectations-running-back,2025-rookie-expectations-running-back,2025-09-19T07:36:01.000Z,Rookie Expectation/Profile
https://www.fantasyguru.com/49ers-thursday-practice-report-for-49ers-16,49ers-thursday-practice-report-for-49ers-16,2025-09-19T00:51:23.000Z,Practice Report
https://www.fantasyguru.com/seahawks-thursday-practice-report-for-seattle-2,seahawks-thursday-practice-report-for-seattle-2,2025-09-19T00:51:22.000Z,Practice Report
https://www.fantasyguru.com/cardinals-thursday-practice-report-for-cardinals-8,cardinals-thursday-practice-report-for-cardinals-8,2025-09-18T23:51:56.000Z,Practice Report
https://www.fantasyguru.com/chiefs-thursday-practice-report-for-chiefs-5,chiefs-thursday-practice-report-for-chiefs-5,2025-09-18T23:51:55.000Z,Practice Report
https://www.fantasyguru.com/raiders-thursday-practice-report-for-vegas-4,raiders-thursday-practice-report-for-vegas-4,2025-09-18T23:51:54.000Z,Practice Report
https://www.fantasyguru.com/chargers-thursday-practice-report-for-chargers-7,chargers-thursday-practice-report-for-chargers-7,2025-09-18T23:51:53.000Z,Practice Report
https://www.fantasyguru.com/jaguars-thursday-practice-report-for-jaguars-8,jaguars-thursday-practice-report-for-jaguars-8,2025-09-18T22:51:49.000Z,Practice Report
https://www.fantasyguru.com/falcons-thursday-practice-report-for-falcons-2,falcons-thursday-practice-report-for-falcons-2,2025-09-18T22:51:47.000Z,Practice Report
https://www.fantasyguru.com/2025-week-3-nfl-gameday-matchups,2025-week-3-nfl-gameday-matchups,2025-09-18T22:32:38.000Z,
https://www.fantasyguru.com/cowboys-thursday-practice-report-for-cowboys-11,cowboys-thursday-practice-report-for-cowboys-11,2025-09-18T21:51:50.000Z,Practice Report
https://www.fantasyguru.com/bengals-cincinnatis-thursday-practice-report,bengals-cincinnatis-thursday-practice-report,2025-09-18T21:51:49.000Z,Practice Report
https://www.fantasyguru.com/lions-thursday-practice-report-for-lions-5,lions-thursday-practice-report-for-lions-5,2025-09-18T21:51:49.000Z,Practice Report
https://www.fantasyguru.com/browns-thursday-practice-report-for-browns-7,browns-thursday-practice-report-for-browns-7,2025-09-18T21:51:48.000Z,Practice Report
https://www.fantasyguru.com/packers-thursday-practice-report-for-packers-12,packers-thursday-practice-report-for-packers-12,2025-09-18T21:51:45.000Z,Practice Report
https://www.fantasyguru.com/steelers-thursday-practice-report-for-pittsburgh,steelers-thursday-practice-report-for-pittsburgh,2025-09-18T20:51:23.000Z,Practice Report
https://www.fantasyguru.com/commanders-thursday-practice-report-for-commanders-6,commanders-thursday-practice-report-for-commanders-6,2025-09-18T20:51:22.000Z,Practice Report
https://www.fantasyguru.com/colts-thursday-practice-report-for-colts-3,colts-thursday-practice-report-for-colts-3,2025-09-18T20:51:20.000Z,Practice Report
https://www.fantasyguru.com/patriots-thursday-practice-report-for-pats-2,patriots-thursday-practice-report-for-pats-2,2025-09-18T20:51:19.000Z,Practice Report
https://www.fantasyguru.com/bears-thursday-practice-report-for-chicago,bears-thursday-practice-report-for-chicago,2025-09-18T19:52:01.000Z,Practice Report
https://www.fantasyguru.com/panthers-thursday-practice-report-for-carolina-3,panthers-thursday-practice-report-for-carolina-3,2025-09-18T19:52:00.000Z,Practice Report
https://www.fantasyguru.com/giants-thursday-practice-report-for-new-york-giants,giants-thursday-practice-report-for-new-york-giants,2025-09-18T19:51:58.000Z,Practice Report
https://www.fantasyguru.com/snap-counts-usage-from-week-2-2025,snap-counts-usage-from-week-2-2025,2025-09-18T15:15:31.000Z,
https://www.fantasyguru.com/dynasty-ratings-update-9-17,dynasty-ratings-update-9-17,2025-09-18T05:24:56.000Z,Dynasty
https://www.fantasyguru.com/2025-nfl-fantasy-billboard-fantasy-football-bengals-forked,2025-nfl-fantasy-billboard-fantasy-football-bengals-forked,2025-09-18T03:33:51.000Z,
https://www.fantasyguru.com/2025-nfl-fantasy-billboard-fantasy-football-yogisms,2025-nfl-fantasy-billboard-fantasy-football-yogisms,2025-09-18T03:02:52.000Z,
https://www.fantasyguru.com/49ers-wednesday-practice-report-for-49ers-14,49ers-wednesday-practice-report-for-49ers-14,2025-09-18T00:51:54.000Z,Practice Report
https://www.fantasyguru.com/rams-wednesday-practice-report-for-the-rams,rams-wednesday-practice-report-for-the-rams,2025-09-18T00:51:54.000Z,Practice Report
https://www.fantasyguru.com/chargers-wednesday-practice-report-for-lac-5,chargers-wednesday-practice-report-for-lac-5,2025-09-17T23:52:02.000Z,Practice Report
https://www.fantasyguru.com/cardinals-wednesday-practice-report-for-cardinals-12,cardinals-wednesday-practice-report-for-cardinals-12,2025-09-17T23:52:01.000Z,Practice Report
https://www.fantasyguru.com/chiefs-wednesday-practice-report-for-chiefs-14,chiefs-wednesday-practice-report-for-chiefs-14,2025-09-17T23:51:59.000Z,Practice Report
https://www.fantasyguru.com/seahawks-wednesday-practice-report-for-seahawks-20,seahawks-wednesday-practice-report-for-seahawks-20,2025-09-17T23:51:58.000Z,Practice Report
https://www.fantasyguru.com/vikings-wednesday-practice-report-for-vikings-7,vikings-wednesday-practice-report-for-vikings-7,2025-09-17T22:51:53.000Z,Practice Report
https://www.fantasyguru.com/falcons-wednesday-practice-report-for-falcons-7,falcons-wednesday-practice-report-for-falcons-7,2025-09-17T22:51:51.000Z,Practice Report
https://www.fantasyguru.com/colts-wednesday-practice-report-for-colts-12,colts-wednesday-practice-report-for-colts-12,2025-09-17T22:51:50.000Z,Practice Report
https://www.fantasyguru.com/buccaneers-wednesday-practice-report-for-bucs-16,buccaneers-wednesday-practice-report-for-bucs-16,2025-09-17T22:51:48.000Z,Practice Report
https://www.fantasyguru.com/2025-nfl-dfs-contest-selection-week-3,2025-nfl-dfs-contest-selection-week-3,2025-09-17T22:38:09.000Z,NFL DFS Breakdown
https://www.fantasyguru.com/commanders-wednesday-practice-report-for-was-12,commanders-wednesday-practice-report-for-was-12,2025-09-17T21:51:23.000Z,Practice Report
https://www.fantasyguru.com/bengals-wednesday-practice-report-for-bengals-11,bengals-wednesday-practice-report-for-bengals-11,2025-09-17T21:51:22.000Z,Practice Report
https://www.fantasyguru.com/browns-wednesday-practice-report-for-browns-16,browns-wednesday-practice-report-for-browns-16,2025-09-17T21:51:22.000Z,Practice Report
https://www.fantasyguru.com/packers-wednesday-practice-report-for-packers-11,packers-wednesday-practice-report-for-packers-11,2025-09-17T21:51:20.000Z,Practice Report
https://www.fantasyguru.com/texans-wednesday-practice-report-for-texans-10,texans-wednesday-practice-report-for-texans-10,2025-09-17T21:51:19.000Z,Practice Report
https://www.fantasyguru.com/bears-wednesday-practice-report-for-bears-7,bears-wednesday-practice-report-for-bears-7,2025-09-17T20:51:26.000Z,Practice Report
https://www.fantasyguru.com/cowboys-wednesday-practice-report-for-cowboys-8,cowboys-wednesday-practice-report-for-cowboys-8,2025-09-17T20:51:25.000Z,Practice Report
https://www.fantasyguru.com/jets-wednesday-practice-report-for-jets-10,jets-wednesday-practice-report-for-jets-10,2025-09-17T20:51:24.000Z,Practice Report
https://www.fantasyguru.com/patriots-wednesday-practice-report-for-patriots-14,patriots-wednesday-practice-report-for-patriots-14,2025-09-17T20:51:22.000Z,Practice Report
https://www.fantasyguru.com/giants-wednesday-practice-report-for-new-york-giants,giants-wednesday-practice-report-for-new-york-giants,2025-09-17T19:52:00.000Z,Practice Report
https://www.fantasyguru.com/panthers-wednesday-practice-report-for-panthers-13,panthers-wednesday-practice-report-for-panthers-13,2025-09-17T19:51:58.000Z,Practice Report
https://www.fantasyguru.com/2025-nfl-weekly-streamers-week-3,2025-nfl-weekly-streamers-week-3,2025-09-17T15:32:13.000Z,
https://www.fantasyguru.com/bills-buffalos-tuesday-practice-report,bills-buffalos-tuesday-practice-report,2025-09-17T01:51:42.000Z,Practice Report
https://www.fantasyguru.com/targets-and-touches-week-2-5,targets-and-touches-week-2-5,2025-09-17T01:02:53.000Z,Targets & Touches
https://www.fantasyguru.com/dolphins-tuesdays-practice-report-for-miami,dolphins-tuesdays-practice-report-for-miami,2025-09-17T00:52:17.000Z,Practice Report
https://www.fantasyguru.com/2025-qb-coach-week-3,2025-qb-coach-week-3,2025-09-16T21:17:26.000Z,QB Analysis
https://www.fantasyguru.com/2025-idp-leagues-week-2-performers-week-3-waiver-wire-targets,2025-idp-leagues-week-2-performers-week-3-waiver-wire-targets,2025-09-16T16:17:16.000Z,Waiver Wire
https://www.fantasyguru.com/dolphins-monday-practice-report-for-dolphins-2,dolphins-monday-practice-report-for-dolphins-2,2025-09-15T22:51:46.000Z,Practice Report
https://www.fantasyguru.com/bills-monday-practice-report-for-bills-2,bills-monday-practice-report-for-bills-2,2025-09-15T21:51:22.000Z,Practice Report
https://www.fantasyguru.com/nfl-dfs-monday-night-breakdown-week-2-3,nfl-dfs-monday-night-breakdown-week-2-3,2025-09-15T18:46:33.000Z,NFL DFS Breakdown
https://www.fantasyguru.com/nfl-dfs-cash-game-review-week-2-2025,nfl-dfs-cash-game-review-week-2-2025,2025-09-15T16:26:15.000Z,NFL DFS Breakdown
https://www.fantasyguru.com/armando-marsals-nfl-recap-week-2-2025,armando-marsals-nfl-recap-week-2-2025,2025-09-15T04:57:25.000Z,
https://www.fantasyguru.com/titans-elic-ayomanor-records-first-nfl-score,titans-elic-ayomanor-records-first-nfl-score,2025-09-15T00:51:41.000Z,
https://www.fantasyguru.com/rams-blake-corum-scores-first-nfl-touchdown,rams-blake-corum-scores-first-nfl-touchdown,2025-09-14T23:51:20.000Z,
https://www.fantasyguru.com/jaguars-bhayshul-tuten-scores-first-nfl-touchdown,jaguars-bhayshul-tuten-scores-first-nfl-touchdown,2025-09-14T22:51:56.000Z,
https://www.fantasyguru.com/jaguars-pair-of-jags-post-three-quarterback-hits-each,jaguars-pair-of-jags-post-three-quarterback-hits-each,2025-09-14T22:51:53.000Z,QB Analysis
https://www.fantasyguru.com/seahawks-tory-horton-records-first-nfl-td,seahawks-tory-horton-records-first-nfl-td,2025-09-14T20:51:24.000Z,
https://www.fantasyguru.com/steelers-jack-sawyer-gets-to-quarterback,steelers-jack-sawyer-gets-to-quarterback,2025-09-14T20:51:23.000Z,QB Analysis
https://www.fantasyguru.com/nfl-dfs-betting-selections-week-2-2025,nfl-dfs-betting-selections-week-2-2025,2025-09-14T12:45:29.000Z,NFL DFS Breakdown
https://www.fantasyguru.com/nfl-week-2-injury-report-2025,nfl-week-2-injury-report-2025,2025-09-14T11:41:04.000Z,
https://www.fantasyguru.com/nfl-gpp-breakdown-week-2-2025,nfl-gpp-breakdown-week-2-2025,2025-09-13T23:36:36.000Z,
https://www.fantasyguru.com/2025-nfl-core-4-dfs-livestream-recap-sept-12,2025-nfl-core-4-dfs-livestream-recap-sept-12,2025-09-13T16:28:33.000Z,Podcast/Livestream
https://www.fantasyguru.com/raiders-friday-practice-report-for-raiders,raiders-friday-practice-report-for-raiders,2025-09-12T23:52:04.000Z,Practice Report
https://www.fantasyguru.com/texans-friday-practice-report-for-texans,texans-friday-practice-report-for-texans,2025-09-12T21:52:00.000Z,Practice Report
https://www.fantasyguru.com/chargers-lacs-friday-practice-report,chargers-lacs-friday-practice-report,2025-09-12T21:51:59.000Z,Practice Report
https://www.fantasyguru.com/buccaneers-friday-practice-report-for-tampa-bay,buccaneers-friday-practice-report-for-tampa-bay,2025-09-12T20:51:57.000Z,Practice Report
https://www.fantasyguru.com/nfl-qwuantrezz-knight-suspended,nfl-qwuantrezz-knight-suspended,2025-09-12T01:51:57.000Z,
https://www.fantasyguru.com/49ers-thursday-practice-report-for-49ers-15,49ers-thursday-practice-report-for-49ers-15,2025-09-12T00:51:57.000Z,Practice Report
https://www.fantasyguru.com/chargers-lacs-thursday-practice-report,chargers-lacs-thursday-practice-report,2025-09-11T23:51:24.000Z,Practice Report
https://www.fantasyguru.com/seahawks-thursday-practice-report-for-seahawks-23,seahawks-thursday-practice-report-for-seahawks-23,2025-09-11T23:51:24.000Z,Practice Report
https://www.fantasyguru.com/raiders-thursday-practice-report-for-vegas-2,raiders-thursday-practice-report-for-vegas-2,2025-09-11T23:51:23.000Z,Practice Report
https://www.fantasyguru.com/rams-thursday-practice-report-for-rams-12,rams-thursday-practice-report-for-rams-12,2025-09-11T23:51:22.000Z,Practice Report
https://www.fantasyguru.com/chiefs-thursday-practice-report-for-chiefs-4,chiefs-thursday-practice-report-for-chiefs-4,2025-09-11T23:51:20.000Z,Practice Report
https://www.fantasyguru.com/vikings-thursday-practice-report-for-vikings-7,vikings-thursday-practice-report-for-vikings-7,2025-09-11T22:51:57.000Z,Practice Report
https://www.fantasyguru.com/texans-houstons-thursday-practice-report,texans-houstons-thursday-practice-report,2025-09-11T22:51:56.000Z,Practice Report
https://www.fantasyguru.com/saints-thursday-practice-report-for-saints-6,saints-thursday-practice-report-for-saints-6,2025-09-11T22:51:55.000Z,Practice Report
https://www.fantasyguru.com/buccaneers-tampas-thursday-practice-report,buccaneers-tampas-thursday-practice-report,2025-09-11T22:51:54.000Z,Practice Report
https://www.fantasyguru.com/cardinals-thursday-practice-report-for-cards,cardinals-thursday-practice-report-for-cards,2025-09-11T22:51:53.000Z,Practice Report
https://www.fantasyguru.com/patriots-thursday-practice-report-for-patriots-9,patriots-thursday-practice-report-for-patriots-9,2025-09-11T21:51:29.000Z,Practice Report
https://www.fantasyguru.com/cowboys-thursday-practice-report-for-cowboys-10,cowboys-thursday-practice-report-for-cowboys-10,2025-09-11T21:51:29.000Z,Practice Report
https://www.fantasyguru.com/panthers-thursday-practice-report-for-carolina-2,panthers-thursday-practice-report-for-carolina-2,2025-09-11T21:51:28.000Z,Practice Report
https://www.fantasyguru.com/falcons-atlantas-thursday-practice-report,falcons-atlantas-thursday-practice-report,2025-09-11T21:51:27.000Z,Practice Report
https://www.fantasyguru.com/eagles-thursday-practice-report-for-eagles-14,eagles-thursday-practice-report-for-eagles-14,2025-09-11T21:51:26.000Z,Practice Report
https://www.fantasyguru.com/jets-thursday-practice-report-for-new-york-jets,jets-thursday-practice-report-for-new-york-jets,2025-09-11T20:52:20.000Z,Practice Report
https://www.fantasyguru.com/lions-thursday-practice-report-for-lions-3,lions-thursday-practice-report-for-lions-3,2025-09-11T20:52:19.000Z,Practice Report
https://www.fantasyguru.com/jaguars-thursday-practice-report-for-jaguars-7,jaguars-thursday-practice-report-for-jaguars-7,2025-09-11T20:52:18.000Z,Practice Report
https://www.fantasyguru.com/bears-chicagos-thursday-practice-report-3,bears-chicagos-thursday-practice-report-3,2025-09-11T20:52:17.000Z,Practice Report
https://www.fantasyguru.com/browns-thursday-practice-report-for-browns-6,browns-thursday-practice-report-for-browns-6,2025-09-11T20:52:16.000Z,Practice Report
https://www.fantasyguru.com/ravens-thursday-practice-report-for-ravens-5,ravens-thursday-practice-report-for-ravens-5,2025-09-11T20:52:15.000Z,Practice Report
https://www.fantasyguru.com/2025-week-2-nfl-gameday-matchups,2025-week-2-nfl-gameday-matchups,2025-09-11T20:38:45.000Z,
https://www.fantasyguru.com/2025-red-zone-review-after-week-1,2025-red-zone-review-after-week-1,2025-09-11T19:23:46.000Z,
https://www.fantasyguru.com/dynasty-ratings-update-9-10,dynasty-ratings-update-9-10,2025-09-11T06:59:46.000Z,Dynasty
https://www.fantasyguru.com/bears-chicagos-wednesday-practice-report,bears-chicagos-wednesday-practice-report,2025-09-11T00:51:54.000Z,Practice Report
https://www.fantasyguru.com/rams-wednesday-practice-report-for-los-angeles,rams-wednesday-practice-report-for-los-angeles,2025-09-11T00:51:53.000Z,Practice Report
https://www.fantasyguru.com/vikings-wednesday-practice-report-for-vikings-6,vikings-wednesday-practice-report-for-vikings-6,2025-09-10T23:51:55.000Z,Practice Report
https://www.fantasyguru.com/49ers-wednesday-practice-report-for-49ers-13,49ers-wednesday-practice-report-for-49ers-13,2025-09-10T23:51:53.000Z,Practice Report
https://www.fantasyguru.com/titans-wednesday-practice-report-for-titans-12,titans-wednesday-practice-report-for-titans-12,2025-09-10T23:51:52.000Z,Practice Report
https://www.fantasyguru.com/falcons-wednesday-practice-report-for-atl,falcons-wednesday-practice-report-for-atl,2025-09-10T22:52:20.000Z,Practice Report
https://www.fantasyguru.com/eagles-wednesday-practice-report-for-philly-5,eagles-wednesday-practice-report-for-philly-5,2025-09-10T22:52:19.000Z,Practice Report
https://www.fantasyguru.com/saints-wednesday-practice-report-for-saints-14,saints-wednesday-practice-report-for-saints-14,2025-09-10T22:52:18.000Z,Practice Report
https://www.fantasyguru.com/cardinals-arizonas-wednesday-practice-report-5,cardinals-arizonas-wednesday-practice-report-5,2025-09-10T22:52:17.000Z,Practice Report
https://www.fantasyguru.com/broncos-wednesday-practice-report-for-broncos-9,broncos-wednesday-practice-report-for-broncos-9,2025-09-10T22:52:17.000Z,Practice Report
https://www.fantasyguru.com/seahawks-wednesday-practice-report-for-seahawks-19,seahawks-wednesday-practice-report-for-seahawks-19,2025-09-10T22:52:15.000Z,Practice Report
https://www.fantasyguru.com/jets-wednesday-practice-report-for-jets-9,jets-wednesday-practice-report-for-jets-9,2025-09-10T21:51:24.000Z,Practice Report
https://www.fantasyguru.com/ravens-wednesday-practice-report-for-ravens-11,ravens-wednesday-practice-report-for-ravens-11,2025-09-10T21:51:23.000Z,Practice Report
https://www.fantasyguru.com/cowboys-dallas-wednesday-practice-report,cowboys-dallas-wednesday-practice-report,2025-09-10T21:51:23.000Z,Practice Report
https://www.fantasyguru.com/browns-wednesday-practice-report-for-browns-15,browns-wednesday-practice-report-for-browns-15,2025-09-10T21:51:22.000Z,Practice Report
https://www.fantasyguru.com/dolphins-wednesday-practice-report-for-dolphins-9,dolphins-wednesday-practice-report-for-dolphins-9,2025-09-10T21:51:20.000Z,Practice Report
https://www.fantasyguru.com/steelers-wednesday-practice-report-for-steelers-11,steelers-wednesday-practice-report-for-steelers-11,2025-09-10T21:51:18.000Z,Practice Report
https://www.fantasyguru.com/2025-nfl-fantasy-billboard-fantasy-football-celebrities,2025-nfl-fantasy-billboard-fantasy-football-celebrities,2025-09-10T21:49:29.000Z,
https://www.fantasyguru.com/lions-wednesday-practice-report-for-lions-6,lions-wednesday-practice-report-for-lions-6,2025-09-10T20:51:58.000Z,Practice Report
https://www.fantasyguru.com/jaguars-wednesday-practice-report-for-jaguars-13,jaguars-wednesday-practice-report-for-jaguars-13,2025-09-10T20:51:57.000Z,Practice Report
https://www.fantasyguru.com/colts-indys-wednesday-practice-report,colts-indys-wednesday-practice-report,2025-09-10T20:51:56.000Z,Practice Report
https://www.fantasyguru.com/giants-wednesday-practice-report-for-giants-9,giants-wednesday-practice-report-for-giants-9,2025-09-10T20:51:55.000Z,Practice Report
https://www.fantasyguru.com/bengals-wednesday-practice-report-for-bengals-10,bengals-wednesday-practice-report-for-bengals-10,2025-09-10T20:51:54.000Z,Practice Report
https://www.fantasyguru.com/patriots-wednesday-practice-report-for-ne,patriots-wednesday-practice-report-for-ne,2025-09-10T20:51:52.000Z,Practice Report
https://www.fantasyguru.com/snap-counts-usage-from-week-1-2025,snap-counts-usage-from-week-1-2025,2025-09-10T19:23:57.000Z,
https://www.fantasyguru.com/2025-nfl-weekly-streamers-week-2,2025-nfl-weekly-streamers-week-2,2025-09-10T18:10:07.000Z,
https://www.fantasyguru.com/2025-nfl-dfs-contest-selection-week-2,2025-nfl-dfs-contest-selection-week-2,2025-09-10T12:14:15.000Z,NFL DFS Breakdown
https://www.fantasyguru.com/2025-qb-coach-week-2,2025-qb-coach-week-2,2025-09-09T23:26:54.000Z,QB Analysis
https://www.fantasyguru.com/targets-and-touches-week-1-5,targets-and-touches-week-1-5,2025-09-09T22:42:57.000Z,Targets & Touches
https://www.fantasyguru.com/packers-tuesday-practice-report-for-green-bay,packers-tuesday-practice-report-for-green-bay,2025-09-09T20:52:07.000Z,Practice Report
https://www.fantasyguru.com/2025-idp-leagues-week-1-performers-week-2-waiver-wire-targets,2025-idp-leagues-week-1-performers-week-2-waiver-wire-targets,2025-09-09T17:15:32.000Z,Waiver Wire
https://www.fantasyguru.com/packers-monday-practice-report-for-packers-3,packers-monday-practice-report-for-packers-3,2025-09-08T22:51:23.000Z,Practice Report
https://www.fantasyguru.com/colts-indy-works-out-two-running-backs-2,colts-indy-works-out-two-running-backs-2,2025-09-08T22:51:22.000Z,
https://www.fantasyguru.com/eagles-two-wide-receivers-worked-out,eagles-two-wide-receivers-worked-out,2025-09-08T22:51:22.000Z,
https://www.fantasyguru.com/commanders-monday-practice-report-for-washington,commanders-monday-practice-report-for-washington,2025-09-08T21:51:47.000Z,Practice Report
https://www.fantasyguru.com/armando-marsals-nfl-recap-week-1-2025,armando-marsals-nfl-recap-week-1-2025,2025-09-08T17:17:00.000Z,
https://www.fantasyguru.com/nfl-dfs-cash-game-review-week-1-2025,nfl-dfs-cash-game-review-week-1-2025,2025-09-08T14:01:39.000Z,NFL DFS Breakdown
https://www.fantasyguru.com/bengals-demetrius-knight-jr-stands-out-in-nfl-debut,bengals-demetrius-knight-jr-stands-out-in-nfl-debut,2025-09-08T05:51:19.000Z,
https://www.fantasyguru.com/titans-cam-ward-erratic-in-nfl-debut,titans-cam-ward-erratic-in-nfl-debut,2025-09-08T00:51:24.000Z,
https://www.fantasyguru.com/broncos-nik-bonitto-meets-at-quarterback,broncos-nik-bonitto-meets-at-quarterback,2025-09-08T00:51:20.000Z,QB Analysis
https://www.fantasyguru.com/giants-brian-burns-finds-his-way-to-the-qb-in-week-1,giants-brian-burns-finds-his-way-to-the-qb-in-week-1,2025-09-07T23:51:48.000Z,QB Analysis
https://www.fantasyguru.com/patriots-harold-landry-gets-to-qb-frequently,patriots-harold-landry-gets-to-qb-frequently,2025-09-07T21:51:24.000Z,QB Analysis
https://www.fantasyguru.com/nfl-dfs-betting-week-1-picks-2025,nfl-dfs-betting-week-1-picks-2025,2025-09-07T13:58:15.000Z,NFL DFS Breakdown
https://www.fantasyguru.com/nfl-week-1-injury-report-2025,nfl-week-1-injury-report-2025,2025-09-07T11:41:36.000Z,
https://www.fantasyguru.com/jeff-mans-dfs-nfl-cash-game-breakdown-week-1-2025,jeff-mans-dfs-nfl-cash-game-breakdown-week-1-2025,2025-09-07T08:29:27.000Z,NFL DFS Breakdown
https://www.fantasyguru.com/nfl-gpp-breakdown-week-1-2025,nfl-gpp-breakdown-week-1-2025,2025-09-06T18:39:53.000Z,
https://www.fantasyguru.com/cowboys-dak-prescott-unlikely-to-face-nfl-discipline,cowboys-dak-prescott-unlikely-to-face-nfl-discipline,2025-09-06T14:52:06.000Z,
https://www.fantasyguru.com/2025-week-1-nfl-gameday-matchups,2025-week-1-nfl-gameday-matchups,2025-09-06T13:53:26.000Z,
https://www.fantasyguru.com/patriots-three-tight-ends-work-out,patriots-three-tight-ends-work-out,2025-09-05T23:51:53.000Z,
https://www.fantasyguru.com/vikings-friday-practice-report-for-minnesota,vikings-friday-practice-report-for-minnesota,2025-09-05T20:51:20.000Z,Practice Report
https://www.fantasyguru.com/bears-friday-practice-report-for-bears-2,bears-friday-practice-report-for-bears-2,2025-09-05T19:51:20.000Z,Practice Report
https://www.fantasyguru.com/49ers-thursday-practice-report-for-san-francisco,49ers-thursday-practice-report-for-san-francisco,2025-09-05T01:52:07.000Z,Practice Report
https://www.fantasyguru.com/dynasty-ratings-update-9-3,dynasty-ratings-update-9-3,2025-09-05T01:09:01.000Z,Dynasty
https://www.fantasyguru.com/seahawks-thursday-practice-report-for-seahawks-14,seahawks-thursday-practice-report-for-seahawks-14,2025-09-05T00:51:38.000Z,Practice Report
https://www.fantasyguru.com/buccaneers-thursday-practice-report-for-tb-3,buccaneers-thursday-practice-report-for-tb-3,2025-09-04T23:52:08.000Z,Practice Report
https://www.fantasyguru.com/patriots-thursday-practice-report-for-patriots-8,patriots-thursday-practice-report-for-patriots-8,2025-09-04T23:52:07.000Z,Practice Report
https://www.fantasyguru.com/raiders-vegas-thursday-practice-report,raiders-vegas-thursday-practice-report,2025-09-04T23:52:07.000Z,Practice Report
https://www.fantasyguru.com/broncos-thursday-practice-report-for-broncos-7,broncos-thursday-practice-report-for-broncos-7,2025-09-04T23:52:04.000Z,Practice Report
https://www.fantasyguru.com/vikings-minnesotas-thursday-practice-report-2,vikings-minnesotas-thursday-practice-report-2,2025-09-04T22:51:55.000Z,Practice Report
https://www.fantasyguru.com/falcons-thursday-practice-report-for-atl,falcons-thursday-practice-report-for-atl,2025-09-04T22:51:54.000Z,Practice Report
https://www.fantasyguru.com/titans-thursday-practice-report-for-titans-4,titans-thursday-practice-report-for-titans-4,2025-09-04T22:51:54.000Z,Practice Report
https://www.fantasyguru.com/dolphins-thursday-practice-report-for-miami-2,dolphins-thursday-practice-report-for-miami-2,2025-09-04T22:51:52.000Z,Practice Report
https://www.fantasyguru.com/texans-thursday-practice-report-for-texans-4,texans-thursday-practice-report-for-texans-4,2025-09-04T22:51:51.000Z,Practice Report
https://www.fantasyguru.com/rams-lars-thursday-practice-report-2,rams-lars-thursday-practice-report-2,2025-09-04T22:51:51.000Z,Practice Report
https://www.fantasyguru.com/browns-thursday-practice-report-for-browns-5,browns-thursday-practice-report-for-browns-5,2025-09-04T21:51:24.000Z,Practice Report
https://www.fantasyguru.com/cardinals-arizonas-thursday-practice-report-5,cardinals-arizonas-thursday-practice-report-5,2025-09-04T21:51:24.000Z,Practice Report
https://www.fantasyguru.com/saints-thursday-practice-report-for-saints-5,saints-thursday-practice-report-for-saints-5,2025-09-04T21:51:23.000Z,Practice Report
https://www.fantasyguru.com/bears-thursday-practice-report-for-bears-2,bears-thursday-practice-report-for-bears-2,2025-09-04T21:51:22.000Z,Practice Report
https://www.fantasyguru.com/packers-thursday-practice-report-for-packers-6,packers-thursday-practice-report-for-packers-6,2025-09-04T21:51:20.000Z,Practice Report
https://www.fantasyguru.com/lions-thursday-practice-report-for-lions-2,lions-thursday-practice-report-for-lions-2,2025-09-04T20:51:49.000Z,Practice Report
https://www.fantasyguru.com/jets-thursday-practice-report-for-nyj-3,jets-thursday-practice-report-for-nyj-3,2025-09-04T20:51:49.000Z,Practice Report
https://www.fantasyguru.com/jaguars-thursday-practice-report-for-jaguars-5,jaguars-thursday-practice-report-for-jaguars-5,2025-09-04T20:51:48.000Z,Practice Report
https://www.fantasyguru.com/ravens-bals-thursday-practice-report,ravens-bals-thursday-practice-report,2025-09-04T20:51:47.000Z,Practice Report
https://www.fantasyguru.com/commanders-thursday-practice-report-for-washington,commanders-thursday-practice-report-for-washington,2025-09-04T20:51:46.000Z,Practice Report
https://www.fantasyguru.com/steelers-thursday-practice-report-for-steelers,steelers-thursday-practice-report-for-steelers,2025-09-04T19:51:51.000Z,Practice Report
https://www.fantasyguru.com/panthers-thursday-practice-report-for-panthers-2,panthers-thursday-practice-report-for-panthers-2,2025-09-04T19:51:51.000Z,Practice Report
https://www.fantasyguru.com/bills-buffalos-thursday-practice-report-7,bills-buffalos-thursday-practice-report-7,2025-09-04T19:51:49.000Z,Practice Report
https://www.fantasyguru.com/2025-nfl-fantasy-billboard-fantasy-football-what-ifs,2025-nfl-fantasy-billboard-fantasy-football-what-ifs,2025-09-04T13:47:42.000Z,
https://www.fantasyguru.com/chiefs-kcs-wednesday-practice-report,chiefs-kcs-wednesday-practice-report,2025-09-03T23:52:02.000Z,Practice Report
https://www.fantasyguru.com/seahawks-wednesday-practice-report-for-seahawks-18,seahawks-wednesday-practice-report-for-seahawks-18,2025-09-03T23:52:02.000Z,Practice Report
https://www.fantasyguru.com/raiders-wednesday-practice-report-for-vegas-3,raiders-wednesday-practice-report-for-vegas-3,2025-09-03T23:52:02.000Z,Practice Report
https://www.fantasyguru.com/patriots-wednesday-practice-report-for-patriots-13,patriots-wednesday-practice-report-for-patriots-13,2025-09-03T23:52:01.000Z,Practice Report
https://www.fantasyguru.com/49ers-wednesday-practice-report-for-49ers-12,49ers-wednesday-practice-report-for-49ers-12,2025-09-03T23:51:59.000Z,Practice Report
https://www.fantasyguru.com/texans-houstons-wednesday-practice-report-3,texans-houstons-wednesday-practice-report-3,2025-09-03T23:51:58.000Z,Practice Report
https://www.fantasyguru.com/packers-wednesday-practice-report-for-packers-10,packers-wednesday-practice-report-for-packers-10,2025-09-03T22:52:08.000Z,Practice Report
https://www.fantasyguru.com/titans-wednesday-practice-report-for-ten-2,titans-wednesday-practice-report-for-ten-2,2025-09-03T22:52:07.000Z,Practice Report
https://www.fantasyguru.com/falcons-atlantas-wednesday-practice-report-4,falcons-atlantas-wednesday-practice-report-4,2025-09-03T22:52:07.000Z,Practice Report
https://www.fantasyguru.com/broncos-wednesday-practice-report-for-broncos-8,broncos-wednesday-practice-report-for-broncos-8,2025-09-03T22:52:06.000Z,Practice Report
https://www.fantasyguru.com/buccaneers-wednesday-practice-report-for-bucs-15,buccaneers-wednesday-practice-report-for-bucs-15,2025-09-03T22:52:04.000Z,Practice Report
https://www.fantasyguru.com/saints-wednesday-practice-report-for-saints-13,saints-wednesday-practice-report-for-saints-13,2025-09-03T21:51:54.000Z,Practice Report
https://www.fantasyguru.com/dolphins-wednesday-practice-report-for-miami-2,dolphins-wednesday-practice-report-for-miami-2,2025-09-03T21:51:52.000Z,Practice Report
https://www.fantasyguru.com/ravens-wednesday-practice-report-for-ravens-10,ravens-wednesday-practice-report-for-ravens-10,2025-09-03T21:51:52.000Z,Practice Report
https://www.fantasyguru.com/browns-wednesday-practice-report-for-browns-14,browns-wednesday-practice-report-for-browns-14,2025-09-03T21:51:50.000Z,Practice Report
https://www.fantasyguru.com/commanders-wednesday-practice-report-for-commanders-10,commanders-wednesday-practice-report-for-commanders-10,2025-09-03T20:51:50.000Z,Practice Report
https://www.fantasyguru.com/steelers-wednesday-practice-report-for-steelers-10,steelers-wednesday-practice-report-for-steelers-10,2025-09-03T20:51:50.000Z,Practice Report
https://www.fantasyguru.com/lions-detroits-wednesday-practice-report-8,lions-detroits-wednesday-practice-report-8,2025-09-03T20:51:48.000Z,Practice Report
https://www.fantasyguru.com/nfl-kendrick-bourne-will-wait-to-make-decision,nfl-kendrick-bourne-will-wait-to-make-decision,2025-09-03T20:51:48.000Z,
https://www.fantasyguru.com/jets-wednesday-practice-report-for-nyj-3,jets-wednesday-practice-report-for-nyj-3,2025-09-03T20:51:48.000Z,Practice Report
https://www.fantasyguru.com/jaguars-wednesday-practice-report-for-jaguars-12,jaguars-wednesday-practice-report-for-jaguars-12,2025-09-03T20:51:47.000Z,Practice Report
https://www.fantasyguru.com/bills-wednesday-practice-report-for-bills-6,bills-wednesday-practice-report-for-bills-6,2025-09-03T20:51:45.000Z,Practice Report
https://www.fantasyguru.com/panthers-wednesday-practice-report-for-panthers-12,panthers-wednesday-practice-report-for-panthers-12,2025-09-03T19:51:20.000Z,Practice Report
https://www.fantasyguru.com/giants-wednesday-practice-report-for-giants-8,giants-wednesday-practice-report-for-giants-8,2025-09-03T19:51:19.000Z,Practice Report
https://www.fantasyguru.com/2025-nfl-weekly-streamers-week-1,2025-nfl-weekly-streamers-week-1,2025-09-03T19:29:23.000Z,
https://www.fantasyguru.com/2025-nfl-dfs-contest-selection-week-1,2025-nfl-dfs-contest-selection-week-1,2025-09-03T13:38:27.000Z,NFL DFS Breakdown
https://www.fantasyguru.com/2025-qb-coach-week-1,2025-qb-coach-week-1,2025-09-03T11:46:27.000Z,QB Analysis
https://www.fantasyguru.com/chargers-tuesday-practice-report-for-los-angeles-chargers,chargers-tuesday-practice-report-for-los-angeles-chargers,2025-09-02T21:52:05.000Z,Practice Report
https://www.fantasyguru.com/eagles-tuesday-practice-report-for-philadelphia,eagles-tuesday-practice-report-for-philadelphia,2025-09-02T20:51:19.000Z,Practice Report
https://www.fantasyguru.com/eagles-monday-practice-report-for-eagles-2,eagles-monday-practice-report-for-eagles-2,2025-09-01T21:52:01.000Z,Practice Report
https://www.fantasyguru.com/cowboys-dallas-monday-practice-report,cowboys-dallas-monday-practice-report,2025-09-01T21:51:59.000Z,Practice Report
https://www.fantasyguru.com/panthers-tetairoa-mcmillan-atop-depth-chart,panthers-tetairoa-mcmillan-atop-depth-chart,2025-08-31T17:51:19.000Z,
https://www.fantasyguru.com/browns-quinshon-judkins-still-subject-to-nfl-discipline,browns-quinshon-judkins-still-subject-to-nfl-discipline,2025-08-31T15:52:00.000Z,
https://www.fantasyguru.com/browns-isaiah-bond-still-subject-to-nfl-discipline,browns-isaiah-bond-still-subject-to-nfl-discipline,2025-08-31T15:52:00.000Z,
https://www.fantasyguru.com/nfl-shilo-sanders-fined,nfl-shilo-sanders-fined,2025-08-31T13:51:19.000Z,
https://www.fantasyguru.com/nfl-multiple-teams-interested-in-zadarius-smith,nfl-multiple-teams-interested-in-zadarius-smith,2025-08-30T15:51:59.000Z,
https://www.fantasyguru.com/nfl-isaiah-buggs-suspended,nfl-isaiah-buggs-suspended,2025-08-30T14:51:59.000Z,
https://www.fantasyguru.com/nfl-tyler-manoa-suspended,nfl-tyler-manoa-suspended,2025-08-30T14:51:59.000Z,
https://www.fantasyguru.com/training-camp-report-8-29,training-camp-report-8-29,2025-08-30T03:53:52.000Z,Training Camp Report
https://www.fantasyguru.com/chargers-four-running-backs-worked-out,chargers-four-running-backs-worked-out,2025-08-29T22:52:04.000Z,
https://www.fantasyguru.com/nfl-two-meetings-for-kendrick-bourne,nfl-two-meetings-for-kendrick-bourne,2025-08-28T22:52:00.000Z,
https://www.fantasyguru.com/dolphins-more-on-running-back-additions,dolphins-more-on-running-back-additions,2025-08-28T20:51:20.000Z,
https://www.fantasyguru.com/nfl-teams-interested-in-hunter-renfrow,nfl-teams-interested-in-hunter-renfrow,2025-08-28T17:51:19.000Z,
https://www.fantasyguru.com/late-round-tight-ends,late-round-tight-ends,2025-08-28T11:55:40.000Z,
https://www.fantasyguru.com/dynasty-ratings-update-8-27,dynasty-ratings-update-8-27,2025-08-28T10:52:55.000Z,Dynasty
https://www.fantasyguru.com/chiefs-nfl-trying-to-hand-rashee-rice-six-games,chiefs-nfl-trying-to-hand-rashee-rice-six-games,2025-08-27T15:52:01.000Z,
https://www.fantasyguru.com/2025-drafters-tournament-bestball-rankings,2025-drafters-tournament-bestball-rankings,2025-08-27T12:52:46.000Z,Best Ball
https://www.fantasyguru.com/buechers-players-to-target-at-current-adp-2025-edition,buechers-players-to-target-at-current-adp-2025-edition,2025-08-26T22:03:13.000Z,
https://www.fantasyguru.com/saints-no-starter-at-qb-for-saints-yet,saints-no-starter-at-qb-for-saints-yet,2025-08-25T16:52:09.000Z,QB Analysis
https://www.fantasyguru.com/browns-two-tight-ends-jettisoned,browns-two-tight-ends-jettisoned,2025-08-24T20:51:59.000Z,
https://www.fantasyguru.com/saints-no-expected-to-name-starting-qb-soon,saints-no-expected-to-name-starting-qb-soon,2025-08-24T13:52:00.000Z,QB Analysis
https://www.fantasyguru.com/nfl-preseason-dfs-breakdown-week-3-saturday-slate-2025,nfl-preseason-dfs-breakdown-week-3-saturday-slate-2025,2025-08-23T15:39:44.000Z,NFL DFS Breakdown
https://www.fantasyguru.com/training-camp-report-8-22-2,training-camp-report-8-22-2,2025-08-23T10:35:39.000Z,Training Camp Report
https://www.fantasyguru.com/2025-nfl-fantasy-billboard-fantasy-football-peter-king-homage,2025-nfl-fantasy-billboard-fantasy-football-peter-king-homage,2025-08-23T03:16:18.000Z,
https://www.fantasyguru.com/jets-mason-taylor-viewed-as-two-way-tight-end,jets-mason-taylor-viewed-as-two-way-tight-end,2025-08-22T18:51:19.000Z,
https://www.fantasyguru.com/nfl-preseason-dfs-breakdown-week-3-friday-slate,nfl-preseason-dfs-breakdown-week-3-friday-slate,2025-08-22T18:42:08.000Z,NFL DFS Breakdown
https://www.fantasyguru.com/nfl-jadeveon-clowney-receiving-interest,nfl-jadeveon-clowney-receiving-interest,2025-08-21T19:51:37.000Z,
https://www.fantasyguru.com/2025-nfl-draftkings-tournament-bestball-rankings,2025-nfl-draftkings-tournament-bestball-rankings,2025-08-21T13:01:09.000Z,Best Ball
https://www.fantasyguru.com/dynasty-ratings-update-8-20,dynasty-ratings-update-8-20,2025-08-21T09:33:28.000Z,Dynasty
https://www.fantasyguru.com/colts-jason-bean-riley-leonard-to-split-qb-reps,colts-jason-bean-riley-leonard-to-split-qb-reps,2025-08-19T23:52:10.000Z,QB Analysis
https://www.fantasyguru.com/2025-rookie-expectations-wide-receiver,2025-rookie-expectations-wide-receiver,2025-08-18T23:14:56.000Z,Rookie Expectation/Profile
https://www.fantasyguru.com/giants-russell-wilson-remains-atop-depth-chart,giants-russell-wilson-remains-atop-depth-chart,2025-08-17T22:52:06.000Z,
https://www.fantasyguru.com/nfl-preseason-dfs-breakdown-week-2-sunday-slate-2025,nfl-preseason-dfs-breakdown-week-2-sunday-slate-2025,2025-08-17T14:41:51.000Z,NFL DFS Breakdown
https://www.fantasyguru.com/nfl-preseason-dfs-breakdown-week-2-saturday-late-slate,nfl-preseason-dfs-breakdown-week-2-saturday-late-slate,2025-08-16T19:32:36.000Z,NFL DFS Breakdown
https://www.fantasyguru.com/2025-nfl-fantasy-billboard-women-fantasy-football-league,2025-nfl-fantasy-billboard-women-fantasy-football-league,2025-08-16T19:15:28.000Z,
https://www.fantasyguru.com/nfl-preseason-dfs-breakdown-week-2-saturday-early-slate,nfl-preseason-dfs-breakdown-week-2-saturday-early-slate,2025-08-16T14:16:40.000Z,NFL DFS Breakdown
https://www.fantasyguru.com/nfl-preseason-dfs-breakdown-week-2-friday-evening-slate,nfl-preseason-dfs-breakdown-week-2-friday-evening-slate,2025-08-15T20:36:32.000Z,NFL DFS Breakdown
https://www.fantasyguru.com/training-camp-report-8-15-25,training-camp-report-8-15-25,2025-08-15T19:36:51.000Z,Training Camp Report
https://www.fantasyguru.com/nfl-brandon-scherff-retiring,nfl-brandon-scherff-retiring,2025-08-14T21:51:56.000Z,
https://www.fantasyguru.com/roster-construction-underdog-best-ball-mania-vi,roster-construction-underdog-best-ball-mania-vi,2025-08-14T21:51:55.000Z,Best Ball
https://www.fantasyguru.com/exploiting-adp-values-in-home-leagues-2025,exploiting-adp-values-in-home-leagues-2025,2025-08-14T13:40:10.000Z,
https://www.fantasyguru.com/dynasty-ratings-update-8-14,dynasty-ratings-update-8-14,2025-08-14T07:51:09.000Z,Dynasty
https://www.fantasyguru.com/2025-fantasy-football-wide-receiver-outlooks,2025-fantasy-football-wide-receiver-outlooks,2025-08-14T00:55:51.000Z,
https://www.fantasyguru.com/nfl-draft-player-profile-dylan-sampson,nfl-draft-player-profile-dylan-sampson,2025-08-13T23:14:23.000Z,Player Profile (NFL)
https://www.fantasyguru.com/nfl-draft-player-profile-luther-burden,nfl-draft-player-profile-luther-burden,2025-08-13T23:14:23.000Z,Player Profile (NFL)
https://www.fantasyguru.com/nfl-draft-player-profile-ashton-jeanty,nfl-draft-player-profile-ashton-jeanty,2025-08-13T23:14:22.000Z,Player Profile (NFL)
https://www.fantasyguru.com/nfl-draft-player-profile-jayden-higgins,nfl-draft-player-profile-jayden-higgins,2025-08-13T23:14:22.000Z,Player Profile (NFL)
https://www.fantasyguru.com/nfl-draft-player-profile-matthew-golden,nfl-draft-player-profile-matthew-golden,2025-08-13T23:12:47.000Z,Player Profile (NFL)
https://www.fantasyguru.com/nfl-draft-player-profile-elic-ayomanor,nfl-draft-player-profile-elic-ayomanor,2025-08-13T23:12:47.000Z,Player Profile (NFL)
https://www.fantasyguru.com/nfl-draft-player-profile-omarion-hampton,nfl-draft-player-profile-omarion-hampton,2025-08-13T23:12:46.000Z,Player Profile (NFL)
https://www.fantasyguru.com/ravens-top-qb-rb-to-sit-out-saturday,ravens-top-qb-rb-to-sit-out-saturday,2025-08-13T20:52:18.000Z,QB Analysis
https://www.fantasyguru.com/nfl-odell-beckham-receiving-interest,nfl-odell-beckham-receiving-interest,2025-08-13T18:51:46.000Z,
https://www.fantasyguru.com/2025-nfl-underdog-tournament-bestball-rankings,2025-nfl-underdog-tournament-bestball-rankings,2025-08-12T20:53:05.000Z,Best Ball
https://www.fantasyguru.com/packers-two-running-backs-worked-out,packers-two-running-backs-worked-out,2025-08-11T22:52:07.000Z,
https://www.fantasyguru.com/steelers-pittsburgh-makes-change-at-tight-end,steelers-pittsburgh-makes-change-at-tight-end,2025-08-11T18:52:01.000Z,
https://www.fantasyguru.com/ravens-two-running-backs-sidelined,ravens-two-running-backs-sidelined,2025-08-11T18:52:01.000Z,
https://www.fantasyguru.com/2025-offseason-slot-wide-receiver-grid,2025-offseason-slot-wide-receiver-grid,2025-08-11T18:47:21.000Z,
https://www.fantasyguru.com/ravens-three-running-backs-work-out,ravens-three-running-backs-work-out,2025-08-09T22:51:56.000Z,
https://www.fantasyguru.com/bears-chicago-works-out-running-backs,bears-chicago-works-out-running-backs,2025-08-09T22:51:55.000Z,
https://www.fantasyguru.com/nfl-preseason-dfs-breakdown-week-1-saturday-evening-slate,nfl-preseason-dfs-breakdown-week-1-saturday-evening-slate,2025-08-09T21:10:55.000Z,NFL DFS Breakdown
https://www.fantasyguru.com/training-camp-report-8-8,training-camp-report-8-8,2025-08-08T23:22:09.000Z,Training Camp Report
https://www.fantasyguru.com/colts-indy-works-out-two-running-backs,colts-indy-works-out-two-running-backs,2025-08-08T21:51:19.000Z,
https://www.fantasyguru.com/2025-nfl-fantasy-billboard-fantasy-football-drafts,2025-nfl-fantasy-billboard-fantasy-football-drafts,2025-08-08T20:23:18.000Z,
https://www.fantasyguru.com/nfl-preseason-dfs-breakdown-week-1-friday-slate-2025,nfl-preseason-dfs-breakdown-week-1-friday-slate-2025,2025-08-08T12:08:36.000Z,NFL DFS Breakdown
https://www.fantasyguru.com/nfl-preseason-dfs-breakdown-week-1-thursday-slate-2025,nfl-preseason-dfs-breakdown-week-1-thursday-slate-2025,2025-08-08T10:32:43.000Z,NFL DFS Breakdown
https://www.fantasyguru.com/dynasty-ratings-update-8-6,dynasty-ratings-update-8-6,2025-08-07T10:33:20.000Z,Dynasty
https://www.fantasyguru.com/chiefs-tyquan-thornton-moving-up-depth-chart,chiefs-tyquan-thornton-moving-up-depth-chart,2025-08-07T03:51:19.000Z,
https://www.fantasyguru.com/ravens-mark-andrews-flashes-in-red-zone,ravens-mark-andrews-flashes-in-red-zone,2025-08-07T02:51:21.000Z,
https://www.fantasyguru.com/giants-tyrone-tracy-jr-tops-initial-depth-chart,giants-tyrone-tracy-jr-tops-initial-depth-chart,2025-08-07T01:51:20.000Z,
https://www.fantasyguru.com/giants-no-surprises-atop-wr-depth-chart,giants-no-surprises-atop-wr-depth-chart,2025-08-07T01:51:20.000Z,
https://www.fantasyguru.com/giants-jalin-hyatt-listed-as-backup-on-depth-chart,giants-jalin-hyatt-listed-as-backup-on-depth-chart,2025-08-07T01:51:20.000Z,
https://www.fantasyguru.com/coaching-breakdown-dallas-cowboys-2025,coaching-breakdown-dallas-cowboys-2025,2025-08-06T19:53:57.000Z,Coach Breakdown
https://www.fantasyguru.com/broncos-rj-harvey-low-on-first-depth-chart,broncos-rj-harvey-low-on-first-depth-chart,2025-08-06T18:51:20.000Z,
https://www.fantasyguru.com/patriots-first-unit-offensive-line-work-together-2,patriots-first-unit-offensive-line-work-together-2,2025-08-06T01:51:27.000Z,Offensive Line Breakdown
https://www.fantasyguru.com/patriots-first-unit-offensive-line-work-together,patriots-first-unit-offensive-line-work-together,2025-08-06T01:51:26.000Z,Offensive Line Breakdown
https://www.fantasyguru.com/giants-jaxson-dart-listed-third-on-depth-chart,giants-jaxson-dart-listed-third-on-depth-chart,2025-08-06T00:52:02.000Z,
https://www.fantasyguru.com/2025-rookie-expectations-tight-end,2025-rookie-expectations-tight-end,2025-08-05T01:02:10.000Z,Rookie Expectation/Profile
https://www.fantasyguru.com/browns-joe-flacco-top-qb-for-now,browns-joe-flacco-top-qb-for-now,2025-08-04T23:51:19.000Z,QB Analysis
https://www.fantasyguru.com/dolphins-four-tight-ends-worked-out,dolphins-four-tight-ends-worked-out,2025-08-04T22:51:19.000Z,
https://www.fantasyguru.com/packers-green-bay-looking-to-utilize-two-tight-ends-again,packers-green-bay-looking-to-utilize-two-tight-ends-again,2025-08-04T19:51:59.000Z,
https://www.fantasyguru.com/how-to-bet-nfl-teasers-2025,how-to-bet-nfl-teasers-2025,2025-08-04T13:38:55.000Z,
https://www.fantasyguru.com/betting-nfl-futures-2025,betting-nfl-futures-2025,2025-08-03T13:16:30.000Z,Betting/Props
https://www.fantasyguru.com/nfl-louis-rees-zammit-to-stop-playing-football,nfl-louis-rees-zammit-to-stop-playing-football,2025-08-01T18:51:44.000Z,
https://www.fantasyguru.com/introduction-to-wagering-nfl-spreads-and-totals-2025,introduction-to-wagering-nfl-spreads-and-totals-2025,2025-08-01T13:24:32.000Z,
https://www.fantasyguru.com/betting-wide-receiver-and-tight-end-props-2025,betting-wide-receiver-and-tight-end-props-2025,2025-08-01T13:22:41.000Z,Betting/Props
https://www.fantasyguru.com/nfl-latavius-murray-announces-retirement,nfl-latavius-murray-announces-retirement,2025-08-01T06:51:57.000Z,
https://www.fantasyguru.com/bengals-tahj-brooks-scoots-up-depth-chart,bengals-tahj-brooks-scoots-up-depth-chart,2025-08-01T05:51:20.000Z,
https://www.fantasyguru.com/2025-nfl-fantasy-billboard-fantasy-football-accidents-will-happen,2025-nfl-fantasy-billboard-fantasy-football-accidents-will-happen,2025-07-31T21:34:50.000Z,
https://www.fantasyguru.com/betting-running-back-props-2025,betting-running-back-props-2025,2025-07-31T20:48:53.000Z,Betting/Props
https://www.fantasyguru.com/betting-quarterback-props-2025,betting-quarterback-props-2025,2025-07-31T16:49:06.000Z,QB Analysis
https://www.fantasyguru.com/the-impact-of-scoring-systems-on-qb-types,the-impact-of-scoring-systems-on-qb-types,2025-07-31T11:32:58.000Z,QB Analysis
https://www.fantasyguru.com/a-graphic-depiction-of-the-predicted-qb-types-for-2025,a-graphic-depiction-of-the-predicted-qb-types-for-2025,2025-07-31T11:22:16.000Z,QB Analysis
https://www.fantasyguru.com/dynasty-ratings-update-7-30,dynasty-ratings-update-7-30,2025-07-31T05:10:55.000Z,Dynasty
https://www.fantasyguru.com/bears-dj-moore-working-as-a-running-back,bears-dj-moore-working-as-a-running-back,2025-07-31T02:51:20.000Z,
https://www.fantasyguru.com/patriots-two-tight-ends-worked-out,patriots-two-tight-ends-worked-out,2025-07-30T21:51:24.000Z,
https://www.fantasyguru.com/jets-nyj-takes-a-look-at-two-running-backs,jets-nyj-takes-a-look-at-two-running-backs,2025-07-30T20:51:33.000Z,
https://www.fantasyguru.com/draft-strategy-sessions-elite-quarterback-approach-2025,draft-strategy-sessions-elite-quarterback-approach-2025,2025-07-30T01:27:53.000Z,QB Analysis
https://www.fantasyguru.com/qb-types-and-stacks-tight-end,qb-types-and-stacks-tight-end,2025-07-26T14:17:52.000Z,QB Analysis
https://www.fantasyguru.com/top-scoring-qb-wr-pairs,top-scoring-qb-wr-pairs,2025-07-26T13:42:56.000Z,QB Analysis
https://www.fantasyguru.com/wide-receivers-vs-coverage-schemes-2025,wide-receivers-vs-coverage-schemes-2025,2025-07-25T21:21:55.000Z,
https://www.fantasyguru.com/colts-no-clear-favorite-for-qb-job,colts-no-clear-favorite-for-qb-job,2025-07-25T20:51:20.000Z,QB Analysis
https://www.fantasyguru.com/buccaneers-qb-talks-up-emeka-egbuka,buccaneers-qb-talks-up-emeka-egbuka,2025-07-25T01:51:19.000Z,QB Analysis
https://www.fantasyguru.com/dynasty-ratings-update-7-23,dynasty-ratings-update-7-23,2025-07-24T08:09:04.000Z,Dynasty
https://www.fantasyguru.com/browns-kenny-pickett-first-qb-up-in-drills,browns-kenny-pickett-first-qb-up-in-drills,2025-07-23T22:51:19.000Z,QB Analysis
https://www.fantasyguru.com/nfl-quandre-diggs-fully-cleared,nfl-quandre-diggs-fully-cleared,2025-07-22T21:51:20.000Z,
https://www.fantasyguru.com/2025-offensive-line-breakdown,2025-offensive-line-breakdown,2025-07-20T21:35:44.000Z,Offensive Line Breakdown
https://www.fantasyguru.com/dynasty-ratings-update-7-18,dynasty-ratings-update-7-18,2025-07-19T15:43:39.000Z,Dynasty
https://www.fantasyguru.com/tylers-thoughts-catching-up-on-drafters-adp-movement,tylers-thoughts-catching-up-on-drafters-adp-movement,2025-07-16T18:09:20.000Z,
https://www.fantasyguru.com/post-draft-idp-nfl-rookie-rankings-2025,post-draft-idp-nfl-rookie-rankings-2025,2025-07-15T18:45:32.000Z,Rookie Expectation/Profile
https://www.fantasyguru.com/coaching-breakdown-cincinnati-bengals-2025,coaching-breakdown-cincinnati-bengals-2025,2025-07-15T18:34:16.000Z,Coach Breakdown
https://www.fantasyguru.com/jaguars-brian-thomas-jr-could-join-nfls-elite,jaguars-brian-thomas-jr-could-join-nfls-elite,2025-07-15T06:55:06.000Z,
https://www.fantasyguru.com/nfl-three-teams-in-the-market-for-von-miller,nfl-three-teams-in-the-market-for-von-miller,2025-07-14T19:55:06.000Z,
https://www.fantasyguru.com/nfl-ndamukong-suh-retiring,nfl-ndamukong-suh-retiring,2025-07-12T18:55:06.000Z,
https://www.fantasyguru.com/nfl-nyheim-hines-looking-to-a-returner-initially,nfl-nyheim-hines-looking-to-a-returner-initially,2025-07-12T18:55:05.000Z,
https://www.fantasyguru.com/lions-sam-laporta-a-red-zone-force,lions-sam-laporta-a-red-zone-force,2025-07-12T01:55:06.000Z,
https://www.fantasyguru.com/broncos-qb-excited-about-evan-engram,broncos-qb-excited-about-evan-engram,2025-07-11T21:55:05.000Z,QB Analysis
https://www.fantasyguru.com/2025-nfl-coaching-system-breakdowns,2025-nfl-coaching-system-breakdowns,2025-07-11T21:30:30.000Z,Coach Breakdown
https://www.fantasyguru.com/coaching-breakdown-washington-commanders-2025,coaching-breakdown-washington-commanders-2025,2025-07-11T21:10:05.000Z,Coach Breakdown
https://www.fantasyguru.com/coaching-breakdown-tennessee-titans-2025,coaching-breakdown-tennessee-titans-2025,2025-07-11T20:20:42.000Z,Coach Breakdown
https://www.fantasyguru.com/coaching-breakdown-tampa-bay-buccaneers-2025,coaching-breakdown-tampa-bay-buccaneers-2025,2025-07-11T19:39:38.000Z,Coach Breakdown
https://www.fantasyguru.com/2025-fantasyguru-staff-mock-draft,2025-fantasyguru-staff-mock-draft,2025-07-11T18:22:40.000Z,Mock Draft
https://www.fantasyguru.com/coaching-breakdown-seattle-seahawks-2025,coaching-breakdown-seattle-seahawks-2025,2025-07-11T17:14:16.000Z,Coach Breakdown
https://www.fantasyguru.com/coaching-breakdown-san-francisco-49ers-2025,coaching-breakdown-san-francisco-49ers-2025,2025-07-11T16:26:46.000Z,Coach Breakdown
https://www.fantasyguru.com/coaching-breakdown-pittsburgh-steelers-2025,coaching-breakdown-pittsburgh-steelers-2025,2025-07-11T15:05:15.000Z,Coach Breakdown
https://www.fantasyguru.com/coaching-breakdown-philadelphia-eagles-2025,coaching-breakdown-philadelphia-eagles-2025,2025-07-11T13:32:58.000Z,Coach Breakdown
https://www.fantasyguru.com/coaching-breakdown-new-york-jets-2025,coaching-breakdown-new-york-jets-2025,2025-07-11T12:40:54.000Z,Coach Breakdown
https://www.fantasyguru.com/coaching-breakdown-arizona-cardinals-2025,coaching-breakdown-arizona-cardinals-2025,2025-07-11T12:01:24.000Z,Coach Breakdown
https://www.fantasyguru.com/coaching-breakdown-carolina-panthers-2025,coaching-breakdown-carolina-panthers-2025,2025-07-11T11:41:46.000Z,Coach Breakdown
https://www.fantasyguru.com/coaching-breakdown-new-york-giants-2025,coaching-breakdown-new-york-giants-2025,2025-07-11T05:08:39.000Z,Coach Breakdown
https://www.fantasyguru.com/coaching-breakdown-new-orleans-saints-2025,coaching-breakdown-new-orleans-saints-2025,2025-07-11T04:33:28.000Z,Coach Breakdown
https://www.fantasyguru.com/coaching-breakdown-new-england-patriots-2025,coaching-breakdown-new-england-patriots-2025,2025-07-11T03:56:02.000Z,Coach Breakdown
https://www.fantasyguru.com/coaching-breakdown-minnesota-vikings-2025,coaching-breakdown-minnesota-vikings-2025,2025-07-11T02:54:37.000Z,Coach Breakdown
https://www.fantasyguru.com/coaching-breakdown-miami-dolphins-2025,coaching-breakdown-miami-dolphins-2025,2025-07-10T22:14:18.000Z,Coach Breakdown
https://www.fantasyguru.com/coaching-breakdown-los-angeles-rams-2025,coaching-breakdown-los-angeles-rams-2025,2025-07-10T18:44:37.000Z,Coach Breakdown
https://www.fantasyguru.com/coaching-breakdown-los-angeles-chargers-2025,coaching-breakdown-los-angeles-chargers-2025,2025-07-10T15:16:59.000Z,Coach Breakdown
https://www.fantasyguru.com/coaching-breakdown-las-vegas-raiders-2025,coaching-breakdown-las-vegas-raiders-2025,2025-07-10T14:39:09.000Z,Coach Breakdown
https://www.fantasyguru.com/coaching-breakdown-kansas-city-chiefs-2025,coaching-breakdown-kansas-city-chiefs-2025,2025-07-10T03:26:38.000Z,Coach Breakdown
https://www.fantasyguru.com/dynasty-ratings-update-7-9,dynasty-ratings-update-7-9,2025-07-10T02:46:05.000Z,Dynasty
https://www.fantasyguru.com/coaching-breakdown-jacksonville-jaguars-2025,coaching-breakdown-jacksonville-jaguars-2025,2025-07-09T21:25:59.000Z,Coach Breakdown
https://www.fantasyguru.com/coaching-breakdown-indianapolis-colts-2025,coaching-breakdown-indianapolis-colts-2025,2025-07-09T20:26:23.000Z,Coach Breakdown
https://www.fantasyguru.com/coaching-breakdown-houston-texans-2025,coaching-breakdown-houston-texans-2025,2025-07-09T18:27:48.000Z,Coach Breakdown
https://www.fantasyguru.com/coaching-breakdown-green-bay-packers-2025,coaching-breakdown-green-bay-packers-2025,2025-07-09T17:04:44.000Z,Coach Breakdown
https://www.fantasyguru.com/coaching-breakdown-detroit-lions-2025,coaching-breakdown-detroit-lions-2025,2025-07-09T15:48:08.000Z,Coach Breakdown
https://www.fantasyguru.com/coaching-breakdown-denver-broncos-2025,coaching-breakdown-denver-broncos-2025,2025-07-09T14:58:20.000Z,Coach Breakdown
https://www.fantasyguru.com/coaching-breakdown-cleveland-browns-2025,coaching-breakdown-cleveland-browns-2025,2025-07-08T23:17:30.000Z,Coach Breakdown
https://www.fantasyguru.com/coaching-breakdown-chicago-bears-2025,coaching-breakdown-chicago-bears-2025,2025-07-08T21:11:08.000Z,Coach Breakdown
https://www.fantasyguru.com/coaching-breakdown-buffalo-bills-2025,coaching-breakdown-buffalo-bills-2025,2025-07-08T19:46:17.000Z,Coach Breakdown
https://www.fantasyguru.com/coaching-breakdown-baltimore-ravens-2025,coaching-breakdown-baltimore-ravens-2025,2025-07-08T19:45:43.000Z,Coach Breakdown
https://www.fantasyguru.com/coaching-breakdown-atlanta-falcons-2025,coaching-breakdown-atlanta-falcons-2025,2025-07-08T19:44:51.000Z,Coach Breakdown
https://www.fantasyguru.com/2024-nfl-coaching-system-breakdowns,2024-nfl-coaching-system-breakdowns,2025-07-08T15:40:55.000Z,Coach Breakdown
https://www.fantasyguru.com/nfl-nyheim-hines-waiting-for-another-chance-to-play,nfl-nyheim-hines-waiting-for-another-chance-to-play,2025-07-07T19:55:06.000Z,
https://www.fantasyguru.com/dynasty-ratings-update-7-5,dynasty-ratings-update-7-5,2025-07-06T21:57:03.000Z,Dynasty
https://www.fantasyguru.com/nfl-chase-claypool-completely-healthy,nfl-chase-claypool-completely-healthy,2025-07-06T14:55:05.000Z,
https://www.fantasyguru.com/nfl-chase-claypool-details-injury,nfl-chase-claypool-details-injury,2025-07-05T01:55:17.000Z,
https://www.fantasyguru.com/nfl-stephon-gilmore-still-waiting-for-right-opportunity,nfl-stephon-gilmore-still-waiting-for-right-opportunity,2025-07-04T19:55:05.000Z,
https://www.fantasyguru.com/rams-kyren-williams-outstanding-in-red-zone,rams-kyren-williams-outstanding-in-red-zone,2025-07-03T22:55:04.000Z,
https://www.fantasyguru.com/2025-rookie-expectations-quarterback,2025-rookie-expectations-quarterback,2025-07-02T21:54:50.000Z,Rookie Expectation/Profile
https://www.fantasyguru.com/coaching-breakdown-seattle-seahawks-2024,coaching-breakdown-seattle-seahawks-2024,2025-07-02T18:48:55.000Z,Coach Breakdown
https://www.fantasyguru.com/coaching-breakdown-san-francisco-49ers-2024,coaching-breakdown-san-francisco-49ers-2024,2025-07-02T18:47:44.000Z,Coach Breakdown
https://www.fantasyguru.com/coaching-breakdown-los-angeles-rams-2024,coaching-breakdown-los-angeles-rams-2024,2025-07-02T18:46:48.000Z,Coach Breakdown
https://www.fantasyguru.com/coaching-breakdown-arizona-cardinals-2024,coaching-breakdown-arizona-cardinals-2024,2025-07-02T18:46:02.000Z,Coach Breakdown
https://www.fantasyguru.com/coaching-breakdown-tampa-bay-buccaneers-2024,coaching-breakdown-tampa-bay-buccaneers-2024,2025-07-02T18:44:56.000Z,Coach Breakdown
https://www.fantasyguru.com/coaching-breakdown-new-orleans-saints-2024,coaching-breakdown-new-orleans-saints-2024,2025-07-02T18:41:25.000Z,Coach Breakdown
https://www.fantasyguru.com/coaching-breakdown-carolina-panthers-2024,coaching-breakdown-carolina-panthers-2024,2025-07-02T18:40:51.000Z,Coach Breakdown
https://www.fantasyguru.com/coaching-breakdown-atlanta-falcons-2024,coaching-breakdown-atlanta-falcons-2024,2025-07-02T18:39:40.000Z,Coach Breakdown
https://www.fantasyguru.com/coaching-breakdown-minnesota-vikings-2024,coaching-breakdown-minnesota-vikings-2024,2025-07-02T18:38:25.000Z,Coach Breakdown
https://www.fantasyguru.com/coaching-breakdown-green-bay-packers-2024,coaching-breakdown-green-bay-packers-2024,2025-07-02T18:37:43.000Z,Coach Breakdown
https://www.fantasyguru.com/coaching-breakdown-detroit-lions-2024,coaching-breakdown-detroit-lions-2024,2025-07-02T18:37:09.000Z,Coach Breakdown
https://www.fantasyguru.com/coaching-breakdown-chicago-bears-2024,coaching-breakdown-chicago-bears-2024,2025-07-02T18:36:29.000Z,Coach Breakdown
https://www.fantasyguru.com/coaching-breakdown-washington-commanders-2024,coaching-breakdown-washington-commanders-2024,2025-07-02T18:34:28.000Z,Coach Breakdown
https://www.fantasyguru.com/coaching-breakdown-philadelphia-eagles-2024,coaching-breakdown-philadelphia-eagles-2024,2025-07-02T18:32:37.000Z,Coach Breakdown
https://www.fantasyguru.com/coaching-breakdown-new-york-giants-2024,coaching-breakdown-new-york-giants-2024,2025-07-02T18:31:58.000Z,Coach Breakdown
https://www.fantasyguru.com/coaching-breakdown-dallas-cowboys-2024,coaching-breakdown-dallas-cowboys-2024,2025-07-02T18:31:12.000Z,Coach Breakdown
https://www.fantasyguru.com/coaching-breakdown-las-vegas-raiders-2024,coaching-breakdown-las-vegas-raiders-2024,2025-07-02T18:30:26.000Z,Coach Breakdown
https://www.fantasyguru.com/coaching-breakdown-los-angeles-chargers-2024,coaching-breakdown-los-angeles-chargers-2024,2025-07-02T18:28:24.000Z,Coach Breakdown
https://www.fantasyguru.com/coaching-breakdown-kansas-city-chiefs-2024,coaching-breakdown-kansas-city-chiefs-2024,2025-07-02T18:27:37.000Z,Coach Breakdown
https://www.fantasyguru.com/coaching-breakdown-denver-broncos-2024,coaching-breakdown-denver-broncos-2024,2025-07-02T18:26:31.000Z,Coach Breakdown
https://www.fantasyguru.com/coaching-breakdown-tennessee-titans-2024,coaching-breakdown-tennessee-titans-2024,2025-07-02T18:25:03.000Z,Coach Breakdown
https://www.fantasyguru.com/coaching-breakdown-jacksonville-jaguars-2024,coaching-breakdown-jacksonville-jaguars-2024,2025-07-02T18:22:59.000Z,Coach Breakdown
https://www.fantasyguru.com/coaching-breakdown-indianapolis-colts-2024,coaching-breakdown-indianapolis-colts-2024,2025-07-02T18:22:17.000Z,Coach Breakdown
https://www.fantasyguru.com/coaching-breakdown-houston-texans-2024,coaching-breakdown-houston-texans-2024,2025-07-02T18:21:34.000Z,Coach Breakdown
https://www.fantasyguru.com/coaching-breakdown-pittsburgh-steelers-2024,coaching-breakdown-pittsburgh-steelers-2024,2025-07-02T18:20:19.000Z,Coach Breakdown
https://www.fantasyguru.com/coaching-breakdown-cleveland-browns-2024,coaching-breakdown-cleveland-browns-2024,2025-07-02T18:18:48.000Z,Coach Breakdown
https://www.fantasyguru.com/coaching-breakdown-cincinnati-bengals-2024,coaching-breakdown-cincinnati-bengals-2024,2025-07-02T18:18:08.000Z,Coach Breakdown
https://www.fantasyguru.com/coaching-breakdown-baltimore-ravens-2024,coaching-breakdown-baltimore-ravens-2024,2025-07-02T18:17:10.000Z,Coach Breakdown
https://www.fantasyguru.com/coaching-breakdown-new-york-jets-2024,coaching-breakdown-new-york-jets-2024,2025-07-02T18:16:05.000Z,Coach Breakdown
https://www.fantasyguru.com/coaching-breakdown-new-england-patriots-2024,coaching-breakdown-new-england-patriots-2024,2025-07-02T18:15:22.000Z,Coach Breakdown
https://www.fantasyguru.com/coaching-breakdown-miami-dolphins-2024,coaching-breakdown-miami-dolphins-2024,2025-07-02T18:14:12.000Z,Coach Breakdown
https://www.fantasyguru.com/coaching-breakdown-buffalo-bills-2024,coaching-breakdown-buffalo-bills-2024,2025-07-02T18:13:05.000Z,Coach Breakdown
https://www.fantasyguru.com/2025-ppr-running-back-myth-fantasy-football,2025-ppr-running-back-myth-fantasy-football,2025-07-01T23:57:19.000Z,
https://www.fantasyguru.com/nfl-tyler-boyd-sees-a-few-more-years-of-playing,nfl-tyler-boyd-sees-a-few-more-years-of-playing,2025-06-29T18:55:05.000Z,
https://www.fantasyguru.com/jaguars-top-wide-receivers-working-out-together,jaguars-top-wide-receivers-working-out-together,2025-06-29T16:55:20.000Z,
https://www.fantasyguru.com/buccaneers-bucky-irving-terrific-in-red-zone,buccaneers-bucky-irving-terrific-in-red-zone,2025-06-28T20:55:06.000Z,
https://www.fantasyguru.com/nfl-justin-tucker-given-10-game-ban,nfl-justin-tucker-given-10-game-ban,2025-06-26T19:55:05.000Z,
https://www.fantasyguru.com/dynasty-ratings-update-6-25,dynasty-ratings-update-6-25,2025-06-26T05:43:22.000Z,Dynasty
https://www.fantasyguru.com/tylers-thoughts-best-ball-player-exposure-2025,tylers-thoughts-best-ball-player-exposure-2025,2025-06-25T19:53:40.000Z,Best Ball
https://www.fantasyguru.com/vikings-coaching-staff-pushing-j-j-mccarthy,vikings-coaching-staff-pushing-j-j-mccarthy,2025-06-25T05:55:05.000Z,
https://www.fantasyguru.com/nfl-nfl-two-teams-sought-jaire-alexanders-services,nfl-nfl-two-teams-sought-jaire-alexanders-services,2025-06-24T18:55:10.000Z,
https://www.fantasyguru.com/fantasy-football-2025-by-the-numbers-quarterback,fantasy-football-2025-by-the-numbers-quarterback,2025-06-23T23:13:28.000Z,QB Analysis
https://www.fantasyguru.com/fantasy-football-2025-by-the-numbers-running-back,fantasy-football-2025-by-the-numbers-running-back,2025-06-23T22:57:16.000Z,
https://www.fantasyguru.com/fantasy-football-2025-by-the-numbers-wide-receiver,fantasy-football-2025-by-the-numbers-wide-receiver,2025-06-23T22:56:39.000Z,
https://www.fantasyguru.com/fantasy-football-2025-by-the-numbers-tight-ends,fantasy-football-2025-by-the-numbers-tight-ends,2025-06-23T22:56:09.000Z,
https://www.fantasyguru.com/browns-kenny-pickett-in-lead-for-qb-job,browns-kenny-pickett-in-lead-for-qb-job,2025-06-23T21:55:08.000Z,QB Analysis
https://www.fantasyguru.com/2025-qb-bye-week-cheat-sheet,2025-qb-bye-week-cheat-sheet,2025-06-23T19:52:06.000Z,QB Analysis
https://www.fantasyguru.com/draft-strategy-sessions-benefits-of-drafting-an-elite-tight-end-2025,draft-strategy-sessions-benefits-of-drafting-an-elite-tight-end-2025,2025-06-23T14:32:47.000Z,
https://www.fantasyguru.com/tylers-thoughts-2025-dynasty-league-startup-review,tylers-thoughts-2025-dynasty-league-startup-review,2025-06-23T14:31:51.000Z,Dynasty
https://www.fantasyguru.com/stacking-tactics-for-drafters-nfl-best-ball-championship-2025,stacking-tactics-for-drafters-nfl-best-ball-championship-2025,2025-06-23T14:30:07.000Z,Best Ball
https://www.fantasyguru.com/nfl-jalen-ramsey-names-preferred-trade-destinations,nfl-jalen-ramsey-names-preferred-trade-destinations,2025-06-20T19:55:05.000Z,
https://www.fantasyguru.com/dynasty-ratings-update-6-18,dynasty-ratings-update-6-18,2025-06-19T21:13:04.000Z,Dynasty
https://www.fantasyguru.com/browns-cleveland-swaps-out-tight-ends,browns-cleveland-swaps-out-tight-ends,2025-06-19T19:55:06.000Z,
https://www.fantasyguru.com/chiefs-rashee-rice-should-be-full-go-for-training-camp,chiefs-rashee-rice-should-be-full-go-for-training-camp,2025-06-19T17:55:07.000Z,Training Camp Report
https://www.fantasyguru.com/nfl-c-j-mosley-retires,nfl-c-j-mosley-retires,2025-06-19T14:55:05.000Z,
https://www.fantasyguru.com/the-red-zone-2025-edition,the-red-zone-2025-edition,2025-06-18T16:28:23.000Z,
https://www.fantasyguru.com/chiefs-josh-simmons-uncertain-about-start-of-training-camp,chiefs-josh-simmons-uncertain-about-start-of-training-camp,2025-06-17T20:55:07.000Z,Training Camp Report
https://www.fantasyguru.com/2025-draft-strategy-sessions-late-round-quarterback,2025-draft-strategy-sessions-late-round-quarterback,2025-06-16T21:20:56.000Z,QB Analysis
https://www.fantasyguru.com/2025-draft-strategy-sessions-drafting-robust-running-back-team,2025-draft-strategy-sessions-drafting-robust-running-back-team,2025-06-16T05:23:32.000Z,
https://www.fantasyguru.com/projecting-rookie-qb-rushing-attempts-2025-update,projecting-rookie-qb-rushing-attempts-2025-update,2025-06-14T12:22:42.000Z,Rookie Expectation/Profile
https://www.fantasyguru.com/projecting-rookie-qb-rushing-attempts-grading-2023-2024,projecting-rookie-qb-rushing-attempts-grading-2023-2024,2025-06-13T12:26:53.000Z,Rookie Expectation/Profile
https://www.fantasyguru.com/dynasty-ratings-update-6-11,dynasty-ratings-update-6-11,2025-06-12T06:44:30.000Z,Dynasty
https://www.fantasyguru.com/49ers-brandon-aiyuk-unlikely-to-be-ready-for-training-camp,49ers-brandon-aiyuk-unlikely-to-be-ready-for-training-camp,2025-06-10T20:55:07.000Z,Training Camp Report
https://www.fantasyguru.com/bears-luther-burden-should-be-ready-for-training-camp,bears-luther-burden-should-be-ready-for-training-camp,2025-06-10T19:55:06.000Z,Training Camp Report
https://www.fantasyguru.com/buechers-best-ball-players-to-target-2025,buechers-best-ball-players-to-target-2025,2025-06-09T17:29:56.000Z,Best Ball
https://www.fantasyguru.com/roster-construction-drafters-2025-best-ball-championship,roster-construction-drafters-2025-best-ball-championship,2025-06-09T14:23:53.000Z,Best Ball
https://www.fantasyguru.com/nfl-gabe-davis-still-recovering,nfl-gabe-davis-still-recovering,2025-06-07T17:55:05.000Z,
https://www.fantasyguru.com/roster-construction-draftkings-nfl-best-ball-millionaire-2025,roster-construction-draftkings-nfl-best-ball-millionaire-2025,2025-06-07T17:47:19.000Z,Best Ball
https://www.fantasyguru.com/nfl-chris-conley-retiring,nfl-chris-conley-retiring,2025-06-07T15:55:07.000Z,
https://www.fantasyguru.com/dynasty-league-rules-and-setup,dynasty-league-rules-and-setup,2025-06-06T12:18:12.000Z,Dynasty
https://www.fantasyguru.com/browns-oc-sees-four-contenders-for-qb-job,browns-oc-sees-four-contenders-for-qb-job,2025-06-05T20:55:06.000Z,QB Analysis
https://www.fantasyguru.com/2025-fantasy-football-quarterback-outlooks,2025-fantasy-football-quarterback-outlooks,2025-06-05T13:31:35.000Z,QB Analysis
https://www.fantasyguru.com/dynasty-ratings-update-6-5,dynasty-ratings-update-6-5,2025-06-05T10:48:00.000Z,Dynasty
https://www.fantasyguru.com/dynasty-ratings-update-6-21,dynasty-ratings-update-6-21,2025-06-05T09:29:07.000Z,Dynasty
https://www.fantasyguru.com/browns-kenny-pickett-first-qb-wednesday,browns-kenny-pickett-first-qb-wednesday,2025-06-04T17:55:20.000Z,QB Analysis
https://www.fantasyguru.com/where-to-play-best-ball-2025,where-to-play-best-ball-2025,2025-06-04T15:56:51.000Z,Best Ball
https://www.fantasyguru.com/introduction-to-the-best-ball-format-2025,introduction-to-the-best-ball-format-2025,2025-06-04T12:03:52.000Z,Best Ball
https://www.fantasyguru.com/2025-fantasy-football-tight-end-outlooks,2025-fantasy-football-tight-end-outlooks,2025-06-03T22:27:29.000Z,
https://www.fantasyguru.com/patriots-jahlani-tavai-likely-done-until-training-camp,patriots-jahlani-tavai-likely-done-until-training-camp,2025-06-03T19:55:05.000Z,Training Camp Report
https://www.fantasyguru.com/draft-position-snap-counts-and-fantasy-points,draft-position-snap-counts-and-fantasy-points,2025-06-03T02:28:13.000Z,
https://www.fantasyguru.com/dynasty-ratings-update-5-7,dynasty-ratings-update-5-7,2025-06-03T02:19:49.000Z,Dynasty
https://www.fantasyguru.com/dynasty-ratings-update-5-14,dynasty-ratings-update-5-14,2025-06-03T02:17:13.000Z,Dynasty
https://www.fantasyguru.com/dynasty-ratings-update-5-28,dynasty-ratings-update-5-28,2025-06-03T02:13:25.000Z,Dynasty
https://www.fantasyguru.com/2025-nfl-bold-predictions,2025-nfl-bold-predictions,2025-06-03T01:50:59.000Z,
https://www.fantasyguru.com/nfl-jedrick-wills-may-not-play-in-2025,nfl-jedrick-wills-may-not-play-in-2025,2025-06-02T18:55:07.000Z,
https://www.fantasyguru.com/2025-fantasy-football-running-back-outlooks,2025-fantasy-football-running-back-outlooks,2025-06-02T15:18:55.000Z,
https://www.fantasyguru.com/nfl-von-miller-plans-on-playing-in-2025,nfl-von-miller-plans-on-playing-in-2025,2025-05-30T19:55:05.000Z,
https://www.fantasyguru.com/nfl-marcedes-lewis-expects-to-retire-after-2025,nfl-marcedes-lewis-expects-to-retire-after-2025,2025-05-29T18:55:07.000Z,
https://www.fantasyguru.com/chargers-elijah-molden-targeting-training-camp-return,chargers-elijah-molden-targeting-training-camp-return,2025-05-29T06:55:05.000Z,Training Camp Report
https://www.fantasyguru.com/giants-russell-wilson-no-1-quarterback-wednesday,giants-russell-wilson-no-1-quarterback-wednesday,2025-05-28T18:55:06.000Z,QB Analysis
https://www.fantasyguru.com/nfl-david-andrews-to-announce-retirement,nfl-david-andrews-to-announce-retirement,2025-05-28T18:55:06.000Z,
https://www.fantasyguru.com/falcons-bralen-trice-hopeful-for-training-camp,falcons-bralen-trice-hopeful-for-training-camp,2025-05-27T18:55:23.000Z,Training Camp Report
https://www.fantasyguru.com/browns-cleveland-wont-split-reps-at-qb-equally,browns-cleveland-wont-split-reps-at-qb-equally,2025-05-23T17:55:09.000Z,QB Analysis
https://www.fantasyguru.com/nfl-asante-samuel-jr-update,nfl-asante-samuel-jr-update,2025-05-20T19:55:06.000Z,
https://www.fantasyguru.com/browns-cleveland-looking-for-fair-qb-competition,browns-cleveland-looking-for-fair-qb-competition,2025-05-19T21:55:08.000Z,QB Analysis
https://www.fantasyguru.com/saints-new-orleans-reluctant-to-add-another-qb-now,saints-new-orleans-reluctant-to-add-another-qb-now,2025-05-19T18:55:06.000Z,QB Analysis
https://www.fantasyguru.com/rams-qb-impressed-with-davante-adams,rams-qb-impressed-with-davante-adams,2025-05-18T19:55:05.000Z,QB Analysis
https://www.fantasyguru.com/cowboys-dal-unlikely-to-make-further-moves-at-running-back,cowboys-dal-unlikely-to-make-further-moves-at-running-back,2025-05-18T15:55:07.000Z,
https://www.fantasyguru.com/nfl-matt-judon-receiving-interest,nfl-matt-judon-receiving-interest,2025-05-15T22:55:11.000Z,
https://www.fantasyguru.com/nfl-jordan-poyer-interested-in-playing-in-2025,nfl-jordan-poyer-interested-in-playing-in-2025,2025-05-14T17:55:07.000Z,
https://www.fantasyguru.com/broncos-caleb-lohner-a-possible-red-zone-factor-in-2025,broncos-caleb-lohner-a-possible-red-zone-factor-in-2025,2025-05-14T05:55:04.000Z,
https://www.fantasyguru.com/nfl-could-derek-carr-unretire-in-2026,nfl-could-derek-carr-unretire-in-2026,2025-05-14T01:55:19.000Z,
https://www.fantasyguru.com/nfl-asante-samuel-recovering-from-surgery,nfl-asante-samuel-recovering-from-surgery,2025-05-13T00:55:17.000Z,
https://www.fantasyguru.com/steelers-pittsburgh-swaps-out-running-backs,steelers-pittsburgh-swaps-out-running-backs,2025-05-12T19:55:06.000Z,
https://www.fantasyguru.com/eagles-kyle-mccord-may-have-edge-for-no-3-qb-job,eagles-kyle-mccord-may-have-edge-for-no-3-qb-job,2025-05-11T22:55:12.000Z,QB Analysis
https://www.fantasyguru.com/nfl-jadeveon-clowney-not-retiring,nfl-jadeveon-clowney-not-retiring,2025-05-11T13:55:20.000Z,
https://www.fantasyguru.com/nfl-drake-jackson-rehab-update,nfl-drake-jackson-rehab-update,2025-05-10T14:55:21.000Z,
https://www.fantasyguru.com/player-profiles-baz-baez,player-profiles-baz-baez,2025-05-08T17:54:37.000Z,Player Profile (NFL)
https://www.fantasyguru.com/cowboys-jalen-tolbert-moves-down-the-depth-chart,cowboys-jalen-tolbert-moves-down-the-depth-chart,2025-05-08T05:55:06.000Z,
https://www.fantasyguru.com/early-nfl-underdog-best-ball-rankings-2025,early-nfl-underdog-best-ball-rankings-2025,2025-05-07T16:42:25.000Z,Best Ball
https://www.fantasyguru.com/nfl-jason-pierre-paul-still-eyeing-comeback,nfl-jason-pierre-paul-still-eyeing-comeback,2025-05-06T22:55:11.000Z,
https://www.fantasyguru.com/49ers-kurtis-rourke-may-win-no-3-qb-job,49ers-kurtis-rourke-may-win-no-3-qb-job,2025-05-06T00:55:05.000Z,QB Analysis
https://www.fantasyguru.com/seahawks-jalen-milroe-has-been-working-with-qb-coach,seahawks-jalen-milroe-has-been-working-with-qb-coach,2025-05-03T02:55:05.000Z,QB Analysis
https://www.fantasyguru.com/nfl-two-teams-vying-for-nick-chubb,nfl-two-teams-vying-for-nick-chubb,2025-05-01T20:55:05.000Z,
https://www.fantasyguru.com/nfl-paxton-delaurent-receives-two-minicamp-invites,nfl-paxton-delaurent-receives-two-minicamp-invites,2025-04-30T21:55:05.000Z,
https://www.fantasyguru.com/post-draft-staff-nfl-rookie-rankings-2025,post-draft-staff-nfl-rookie-rankings-2025,2025-04-30T19:58:29.000Z,Rookie Expectation/Profile
https://www.fantasyguru.com/nfl-two-rookie-minicamps-for-montorie-foster-jr,nfl-two-rookie-minicamps-for-montorie-foster-jr,2025-04-29T00:55:05.000Z,Rookie Expectation/Profile
https://www.fantasyguru.com/nfl-ryan-watts-to-stop-playing,nfl-ryan-watts-to-stop-playing,2025-04-28T22:55:06.000Z,
https://www.fantasyguru.com/raiders-las-vegas-adds-two-udfa-tight-ends,raiders-las-vegas-adds-two-udfa-tight-ends,2025-04-28T20:55:07.000Z,
https://www.fantasyguru.com/dynasty-rating-update-4-27,dynasty-rating-update-4-27,2025-04-28T09:07:24.000Z,Dynasty
https://www.fantasyguru.com/nfl-jake-roberts-invited-to-two-minicamps,nfl-jake-roberts-invited-to-two-minicamps,2025-04-27T18:55:10.000Z,
https://www.fantasyguru.com/steelers-pit-unlikely-to-start-rookie-qb-in-2025,steelers-pit-unlikely-to-start-rookie-qb-in-2025,2025-04-26T15:55:21.000Z,Rookie Expectation/Profile
https://www.fantasyguru.com/nfl-emeka-egbuka-targeted-by-rams-texans,nfl-emeka-egbuka-targeted-by-rams-texans,2025-04-25T19:55:06.000Z,
https://www.fantasyguru.com/nfl-cody-lindenberg-talked-with-several-teams,nfl-cody-lindenberg-talked-with-several-teams,2025-04-24T22:55:06.000Z,
https://www.fantasyguru.com/nfl-treveyon-henderson-over-omarion-hampton,nfl-treveyon-henderson-over-omarion-hampton,2025-04-24T21:55:05.000Z,
https://www.fantasyguru.com/nfl-alfred-collins-could-slide-in-draft,nfl-alfred-collins-could-slide-in-draft,2025-04-24T19:55:21.000Z,
https://www.fantasyguru.com/nfl-jalen-ramsey-not-short-on-suitors,nfl-jalen-ramsey-not-short-on-suitors,2025-04-24T18:55:20.000Z,
https://www.fantasyguru.com/nfl-derrick-harmon-dealing-with-an-injury,nfl-derrick-harmon-dealing-with-an-injury,2025-04-24T18:55:20.000Z,
https://www.fantasyguru.com/nfl-jaxson-dart-of-interest-to-nyg-cle,nfl-jaxson-dart-of-interest-to-nyg-cle,2025-04-24T17:55:21.000Z,
https://www.fantasyguru.com/dynasty-ratings-update-4-23,dynasty-ratings-update-4-23,2025-04-24T08:10:36.000Z,Dynasty
https://www.fantasyguru.com/nfl-more-teams-in-the-mix-for-jaxson-dart,nfl-more-teams-in-the-mix-for-jaxson-dart,2025-04-24T01:55:19.000Z,
https://www.fantasyguru.com/nfl-jalen-milroe-a-first-round-pick,nfl-jalen-milroe-a-first-round-pick,2025-04-24T01:55:18.000Z,
https://www.fantasyguru.com/nfl-sam-brown-talks-with-several-teams,nfl-sam-brown-talks-with-several-teams,2025-04-23T20:55:07.000Z,
https://www.fantasyguru.com/nfl-multiple-teams-met-with-aireontae-ersery,nfl-multiple-teams-met-with-aireontae-ersery,2025-04-23T20:55:06.000Z,
https://www.fantasyguru.com/tylers-thoughts-2025-nfl-mock-draft,tylers-thoughts-2025-nfl-mock-draft,2025-04-23T20:40:39.000Z,Mock Draft
https://www.fantasyguru.com/jeff-mans-2025-nfl-draft-prospect-rankings,jeff-mans-2025-nfl-draft-prospect-rankings,2025-04-23T09:12:10.000Z,
https://www.fantasyguru.com/2025-nfl-mock-draft,2025-nfl-mock-draft,2025-04-23T09:11:01.000Z,Mock Draft
https://www.fantasyguru.com/nfl-several-teams-keeping-tabs-on-quinton-cooley,nfl-several-teams-keeping-tabs-on-quinton-cooley,2025-04-22T21:55:07.000Z,
https://www.fantasyguru.com/nfl-will-sheppard-talked-with-several-teams-this-spring,nfl-will-sheppard-talked-with-several-teams-this-spring,2025-04-22T21:55:06.000Z,
https://www.fantasyguru.com/nfl-jalen-milroes-running-impressing-teams,nfl-jalen-milroes-running-impressing-teams,2025-04-21T22:55:11.000Z,
https://www.fantasyguru.com/nfl-knee-issue-for-will-johnson,nfl-knee-issue-for-will-johnson,2025-04-21T21:55:11.000Z,
https://www.fantasyguru.com/nfl-mykel-williams-dealing-with-injury,nfl-mykel-williams-dealing-with-injury,2025-04-21T21:55:11.000Z,
https://www.fantasyguru.com/nfl-jihaad-campbell-may-be-pup-candidate,nfl-jihaad-campbell-may-be-pup-candidate,2025-04-21T21:55:11.000Z,
https://www.fantasyguru.com/nfl-josh-simmons-may-miss-some-of-camp,nfl-josh-simmons-may-miss-some-of-camp,2025-04-21T21:55:11.000Z,
https://www.fantasyguru.com/nfl-three-teams-getting-to-know-marcus-yarns,nfl-three-teams-getting-to-know-marcus-yarns,2025-04-21T20:55:07.000Z,
https://www.fantasyguru.com/nfl-no-shortage-of-interested-parties-for-lajohntay-wester,nfl-no-shortage-of-interested-parties-for-lajohntay-wester,2025-04-21T20:55:06.000Z,
https://www.fantasyguru.com/nfl-two-additional-visits-for-cam-skattebo,nfl-two-additional-visits-for-cam-skattebo,2025-04-21T19:55:11.000Z,
https://www.fantasyguru.com/nfl-isas-waxter-worked-out-for-three-teams,nfl-isas-waxter-worked-out-for-three-teams,2025-04-21T01:55:20.000Z,
https://www.fantasyguru.com/nfl-isas-waxter-meets-with-two-teams,nfl-isas-waxter-meets-with-two-teams,2025-04-21T01:55:20.000Z,
https://www.fantasyguru.com/nfl-two-teams-talk-with-jamon-dumas-johnson,nfl-two-teams-talk-with-jamon-dumas-johnson,2025-04-20T22:55:11.000Z,
https://www.fantasyguru.com/nfl-caleb-etienne-receiving-interest,nfl-caleb-etienne-receiving-interest,2025-04-20T21:55:11.000Z,
https://www.fantasyguru.com/nfl-three-teams-talk-with-elijah-simmons,nfl-three-teams-talk-with-elijah-simmons,2025-04-20T21:55:09.000Z,
https://www.fantasyguru.com/nfl-quinton-cooley-receiving-interest,nfl-quinton-cooley-receiving-interest,2025-04-20T20:55:08.000Z,
https://www.fantasyguru.com/nfl-kelvin-banks-jr-met-with-several-teams,nfl-kelvin-banks-jr-met-with-several-teams,2025-04-20T18:55:23.000Z,
https://www.fantasyguru.com/nfl-teams-interested-in-nathan-kapongo,nfl-teams-interested-in-nathan-kapongo,2025-04-20T18:55:23.000Z,
https://www.fantasyguru.com/nfl-isaiah-buggs-wants-to-resume-playing,nfl-isaiah-buggs-wants-to-resume-playing,2025-04-20T14:55:21.000Z,
https://www.fantasyguru.com/nfl-jaxson-dart-the-qb2,nfl-jaxson-dart-the-qb2,2025-04-20T02:55:06.000Z,
https://www.fantasyguru.com/nfl-armand-membou-the-top-tackle,nfl-armand-membou-the-top-tackle,2025-04-20T02:55:05.000Z,
https://www.fantasyguru.com/nfl-jahdae-barron-a-top-10-pick,nfl-jahdae-barron-a-top-10-pick,2025-04-20T02:55:05.000Z,
https://www.fantasyguru.com/nfl-kadarius-toney-plans-to-play,nfl-kadarius-toney-plans-to-play,2025-04-19T22:55:11.000Z,
https://www.fantasyguru.com/nfl-dontae-manning-works-out-for-teams,nfl-dontae-manning-works-out-for-teams,2025-04-19T21:55:10.000Z,
https://www.fantasyguru.com/nfl-roc-taylor-talks-with-three-teams,nfl-roc-taylor-talks-with-three-teams,2025-04-19T21:55:10.000Z,
https://www.fantasyguru.com/nfl-will-sheppard-talks-with-several-teams,nfl-will-sheppard-talks-with-several-teams,2025-04-19T20:55:08.000Z,
https://www.fantasyguru.com/nfl-more-meeting-for-sam-brown,nfl-more-meeting-for-sam-brown,2025-04-19T20:55:07.000Z,
https://www.fantasyguru.com/nfl-jason-marshall-jr-receiving-interest,nfl-jason-marshall-jr-receiving-interest,2025-04-19T20:55:07.000Z,
https://www.fantasyguru.com/nfl-multiple-teams-interested-in-hayden-conner,nfl-multiple-teams-interested-in-hayden-conner,2025-04-19T20:55:06.000Z,
https://www.fantasyguru.com/nfl-10-teams-interested-in-josh-williams,nfl-10-teams-interested-in-josh-williams,2025-04-19T15:55:06.000Z,
https://www.fantasyguru.com/nfl-general-manager-front-office-success-rates-2025,nfl-general-manager-front-office-success-rates-2025,2025-04-19T07:46:08.000Z,
https://www.fantasyguru.com/jeff-mans-nfl-draft-prospect-profile-notebook-2025,jeff-mans-nfl-draft-prospect-profile-notebook-2025,2025-04-19T07:10:29.000Z,
https://www.fantasyguru.com/raiders-vegas-gm-a-fan-of-running-backs,raiders-vegas-gm-a-fan-of-running-backs,2025-04-19T01:55:05.000Z,
https://www.fantasyguru.com/nfl-two-more-visits-for-donovan-jackson,nfl-two-more-visits-for-donovan-jackson,2025-04-18T22:55:06.000Z,
https://www.fantasyguru.com/nfl-two-teams-interested-in-robert-lewis,nfl-two-teams-interested-in-robert-lewis,2025-04-18T21:55:05.000Z,
https://www.fantasyguru.com/nfl-esa-pole-has-no-shortage-of-suitors,nfl-esa-pole-has-no-shortage-of-suitors,2025-04-18T20:55:07.000Z,
https://www.fantasyguru.com/nfl-matthew-golden-still-nursing-ankle-injury,nfl-matthew-golden-still-nursing-ankle-injury,2025-04-18T20:55:07.000Z,
https://www.fantasyguru.com/nfl-dalton-risner-expects-to-find-a-team-soon,nfl-dalton-risner-expects-to-find-a-team-soon,2025-04-18T20:55:06.000Z,
https://www.fantasyguru.com/nfl-teams-interested-in-tonka-hemingway,nfl-teams-interested-in-tonka-hemingway,2025-04-18T20:55:06.000Z,
https://www.fantasyguru.com/nfl-tommy-akingbesote-talks-with-teams,nfl-tommy-akingbesote-talks-with-teams,2025-04-18T20:55:05.000Z,
https://www.fantasyguru.com/nfl-corey-kiner-drawing-plenty-of-interest,nfl-corey-kiner-drawing-plenty-of-interest,2025-04-18T18:55:21.000Z,
https://www.fantasyguru.com/nfl-two-teams-in-the-market-for-jalen-ramsey,nfl-two-teams-in-the-market-for-jalen-ramsey,2025-04-18T17:55:22.000Z,
https://www.fantasyguru.com/nfl-aireontae-ersery-a-popular-prospect,nfl-aireontae-ersery-a-popular-prospect,2025-04-18T01:55:19.000Z,
https://www.fantasyguru.com/nfl-upton-stout-met-with-several-teams,nfl-upton-stout-met-with-several-teams,2025-04-17T23:55:14.000Z,
https://www.fantasyguru.com/nfl-tyleik-williams-expected-to-be-fine,nfl-tyleik-williams-expected-to-be-fine,2025-04-17T21:55:09.000Z,
https://www.fantasyguru.com/nfl-aaron-rodgers-still-in-holding-pattern,nfl-aaron-rodgers-still-in-holding-pattern,2025-04-17T20:55:10.000Z,
https://www.fantasyguru.com/nfl-jaxson-dart-a-day-1-pick,nfl-jaxson-dart-a-day-1-pick,2025-04-17T01:55:20.000Z,
https://www.fantasyguru.com/nfl-aaron-rodgers-comfortable-not-playing,nfl-aaron-rodgers-comfortable-not-playing,2025-04-17T01:55:19.000Z,
https://www.fantasyguru.com/dynasty-ratings-update-4-16,dynasty-ratings-update-4-16,2025-04-16T23:55:06.000Z,Dynasty
https://www.fantasyguru.com/nfl-corey-kiner-talks-with-a-few-teams,nfl-corey-kiner-talks-with-a-few-teams,2025-04-16T21:55:08.000Z,
https://www.fantasyguru.com/nfl-georgia-edge-rushers-to-work-out-for-teams,nfl-georgia-edge-rushers-to-work-out-for-teams,2025-04-16T20:55:06.000Z,
https://www.fantasyguru.com/nfl-barryn-sorrell-has-received-significant-interest,nfl-barryn-sorrell-has-received-significant-interest,2025-04-16T18:55:07.000Z,
https://www.fantasyguru.com/nfl-three-teams-interested-with-seth-mclaughlin,nfl-three-teams-interested-with-seth-mclaughlin,2025-04-16T18:55:06.000Z,
https://www.fantasyguru.com/nfl-several-teams-have-reached-out-to-phil-mafah,nfl-several-teams-have-reached-out-to-phil-mafah,2025-04-16T03:55:05.000Z,
https://www.fantasyguru.com/nfl-teddye-buchanan-has-met-with-several-teams,nfl-teddye-buchanan-has-met-with-several-teams,2025-04-16T02:55:21.000Z,
https://www.fantasyguru.com/nfl-daquan-felton-generating-some-interest,nfl-daquan-felton-generating-some-interest,2025-04-16T02:55:20.000Z,
https://www.fantasyguru.com/nfl-jaylin-smith-prepping-for-atlanta-visit,nfl-jaylin-smith-prepping-for-atlanta-visit,2025-04-15T21:55:21.000Z,
https://www.fantasyguru.com/nfl-three-teams-check-in-on-jacolby-george,nfl-three-teams-check-in-on-jacolby-george,2025-04-15T20:55:23.000Z,
https://www.fantasyguru.com/nfl-chaz-chambliss-making-the-rounds,nfl-chaz-chambliss-making-the-rounds,2025-04-15T20:55:21.000Z,
https://www.fantasyguru.com/nfl-kurtis-rourke-likely-to-be-cleared-for-training-camp,nfl-kurtis-rourke-likely-to-be-cleared-for-training-camp,2025-04-15T18:55:06.000Z,Training Camp Report
https://www.fantasyguru.com/nfl-tommy-mellott-making-the-rounds,nfl-tommy-mellott-making-the-rounds,2025-04-15T18:55:06.000Z,
https://www.fantasyguru.com/nfl-two-nfc-west-teams-getting-to-know-jalen-milroe,nfl-two-nfc-west-teams-getting-to-know-jalen-milroe,2025-04-15T18:55:06.000Z,
https://www.fantasyguru.com/nfl-travis-hunter-adamant-about-two-way-role,nfl-travis-hunter-adamant-about-two-way-role,2025-04-15T17:55:07.000Z,
https://www.fantasyguru.com/nfl-tyler-shough-a-first-rounder,nfl-tyler-shough-a-first-rounder,2025-04-15T17:55:06.000Z,
https://www.fantasyguru.com/nfl-patrick-peterson-officially-retires,nfl-patrick-peterson-officially-retires,2025-04-15T00:55:06.000Z,
https://www.fantasyguru.com/nfl-will-johnson-works-out,nfl-will-johnson-works-out,2025-04-14T22:55:07.000Z,
https://www.fantasyguru.com/nfl-jacolby-george-talks-with-three-teams,nfl-jacolby-george-talks-with-three-teams,2025-04-14T22:55:07.000Z,
https://www.fantasyguru.com/nfl-several-teams-interested-in-darius-alexander,nfl-several-teams-interested-in-darius-alexander,2025-04-14T22:55:06.000Z,
https://www.fantasyguru.com/nfl-more-visits-for-kyle-williams,nfl-more-visits-for-kyle-williams,2025-04-14T21:55:07.000Z,
https://www.fantasyguru.com/nfl-jaylin-smith-makes-multiple-visits,nfl-jaylin-smith-makes-multiple-visits,2025-04-14T21:55:06.000Z,
https://www.fantasyguru.com/nfl-tetairoa-mcmillan-in-high-demand,nfl-tetairoa-mcmillan-in-high-demand,2025-04-14T19:55:07.000Z,
https://www.fantasyguru.com/nfl-dartanyan-tinsley-drumming-up-some-interest,nfl-dartanyan-tinsley-drumming-up-some-interest,2025-04-14T19:55:05.000Z,
https://www.fantasyguru.com/nfl-josh-simmons-staying-busy,nfl-josh-simmons-staying-busy,2025-04-14T18:55:08.000Z,
https://www.fantasyguru.com/nfl-two-afc-teams-meeting-with-t-j-sanders,nfl-two-afc-teams-meeting-with-t-j-sanders,2025-04-14T18:55:07.000Z,
https://www.fantasyguru.com/nfl-no-shortage-of-interest-in-kobe-king,nfl-no-shortage-of-interest-in-kobe-king,2025-04-14T18:55:06.000Z,
https://www.fantasyguru.com/nfl-jaydon-blue-attracting-some-attention,nfl-jaydon-blue-attracting-some-attention,2025-04-14T18:55:06.000Z,
https://www.fantasyguru.com/nfl-several-teams-intrigued-by-terrence-spence,nfl-several-teams-intrigued-by-terrence-spence,2025-04-14T18:55:05.000Z,
https://www.fantasyguru.com/nfl-kyle-williams-impressing-with-his-speed,nfl-kyle-williams-impressing-with-his-speed,2025-04-14T02:55:05.000Z,
https://www.fantasyguru.com/nfl-omari-thomas-talks-with-a-few-teams,nfl-omari-thomas-talks-with-a-few-teams,2025-04-13T22:55:06.000Z,
https://www.fantasyguru.com/nfl-robert-longerbeam-talks-with-teams,nfl-robert-longerbeam-talks-with-teams,2025-04-13T18:55:07.000Z,
https://www.fantasyguru.com/nfl-three-teams-to-meet-with-princely-umanmielen,nfl-three-teams-to-meet-with-princely-umanmielen,2025-04-13T16:55:05.000Z,
https://www.fantasyguru.com/nfl-plenty-of-praise-for-walter-nolen,nfl-plenty-of-praise-for-walter-nolen,2025-04-13T01:55:06.000Z,
https://www.fantasyguru.com/nfl-jayden-higgins-continues-to-climb,nfl-jayden-higgins-continues-to-climb,2025-04-13T01:55:05.000Z,
https://www.fantasyguru.com/nfl-slide-possible-for-josh-simmons,nfl-slide-possible-for-josh-simmons,2025-04-13T01:55:05.000Z,
https://www.fantasyguru.com/nfl-tetairoa-mcmillan-meets-with-two-teams,nfl-tetairoa-mcmillan-meets-with-two-teams,2025-04-12T21:55:09.000Z,
https://www.fantasyguru.com/nfl-konata-mumpfield-receiving-interest,nfl-konata-mumpfield-receiving-interest,2025-04-12T21:55:08.000Z,
https://www.fantasyguru.com/nfl-chandler-martin-talks-with-several-teams,nfl-chandler-martin-talks-with-several-teams,2025-04-12T20:55:07.000Z,
https://www.fantasyguru.com/nfl-traeshon-holden-receiving-interest,nfl-traeshon-holden-receiving-interest,2025-04-12T20:55:07.000Z,
https://www.fantasyguru.com/nfl-more-interest-in-warren-brinson,nfl-more-interest-in-warren-brinson,2025-04-12T20:55:06.000Z,
https://www.fantasyguru.com/nfl-two-teams-meet-with-kaleb-johnson,nfl-two-teams-meet-with-kaleb-johnson,2025-04-12T14:55:22.000Z,
https://www.fantasyguru.com/nfl-donovan-ezeiruaku-has-solidified-stock,nfl-donovan-ezeiruaku-has-solidified-stock,2025-04-12T02:55:05.000Z,
https://www.fantasyguru.com/nfl-darien-porter-continues-to-rise,nfl-darien-porter-continues-to-rise,2025-04-12T01:55:07.000Z,
https://www.fantasyguru.com/nfl-kevin-winston-jr-among-top-safeties,nfl-kevin-winston-jr-among-top-safeties,2025-04-12T01:55:05.000Z,
https://www.fantasyguru.com/nfl-two-teams-interested-in-warren-brinson,nfl-two-teams-interested-in-warren-brinson,2025-04-11T20:55:07.000Z,
https://www.fantasyguru.com/nfl-ryan-fitzgerald-set-to-work-out-for-three-teams,nfl-ryan-fitzgerald-set-to-work-out-for-three-teams,2025-04-11T19:55:10.000Z,
https://www.fantasyguru.com/nfl-keyon-martin-receiving-some-interest-from-teams,nfl-keyon-martin-receiving-some-interest-from-teams,2025-04-11T19:55:10.000Z,
https://www.fantasyguru.com/dynasty-ratings-update-4-26-2,dynasty-ratings-update-4-26-2,2025-04-11T03:10:45.000Z,Dynasty
https://www.fantasyguru.com/nfl-kyle-kennard-talks-with-multiple-teams,nfl-kyle-kennard-talks-with-multiple-teams,2025-04-10T22:55:07.000Z,
https://www.fantasyguru.com/nfl-more-visits-for-dylan-fairchild,nfl-more-visits-for-dylan-fairchild,2025-04-10T20:55:09.000Z,
https://www.fantasyguru.com/nfl-bj-adams-receiving-interest,nfl-bj-adams-receiving-interest,2025-04-10T20:55:08.000Z,
https://www.fantasyguru.com/nfl-tai-felton-talks-with-several-teams,nfl-tai-felton-talks-with-several-teams,2025-04-10T20:55:08.000Z,
https://www.fantasyguru.com/nfl-teams-interested-in-david-walker,nfl-teams-interested-in-david-walker,2025-04-10T20:55:08.000Z,
https://www.fantasyguru.com/nfl-three-visits-for-thomas-fidone,nfl-three-visits-for-thomas-fidone,2025-04-10T20:55:08.000Z,
https://www.fantasyguru.com/nfl-tommi-hill-to-work-out-for-teams,nfl-tommi-hill-to-work-out-for-teams,2025-04-10T20:55:07.000Z,
https://www.fantasyguru.com/nfl-ty-robinson-receiving-interest,nfl-ty-robinson-receiving-interest,2025-04-10T20:55:07.000Z,
https://www.fantasyguru.com/nfl-anthony-belton-drawing-significant-interest,nfl-anthony-belton-drawing-significant-interest,2025-04-10T19:55:08.000Z,
https://www.fantasyguru.com/nfl-abdul-carter-gets-good-news,nfl-abdul-carter-gets-good-news,2025-04-10T19:55:07.000Z,
https://www.fantasyguru.com/2025-player-profile-kyren-paris,2025-player-profile-kyren-paris,2025-04-10T19:18:15.000Z,Player Profile (NFL)
https://www.fantasyguru.com/nfl-jalen-milroe-making-the-rounds,nfl-jalen-milroe-making-the-rounds,2025-04-10T01:55:07.000Z,
https://www.fantasyguru.com/nfl-will-white-impresses-at-pro-day,nfl-will-white-impresses-at-pro-day,2025-04-10T01:55:06.000Z,
https://www.fantasyguru.com/nfl-jaylen-reed-receiving-interest,nfl-jaylen-reed-receiving-interest,2025-04-09T22:55:06.000Z,
https://www.fantasyguru.com/nfl-justin-simmons-hopes-to-sign-before-camp,nfl-justin-simmons-hopes-to-sign-before-camp,2025-04-09T20:55:07.000Z,
https://www.fantasyguru.com/nfl-significant-interest-in-tyleik-williams,nfl-significant-interest-in-tyleik-williams,2025-04-09T19:55:07.000Z,
https://www.fantasyguru.com/nfl-john-williams-meets-with-two-nfc-north-teams,nfl-john-williams-meets-with-two-nfc-north-teams,2025-04-09T19:55:06.000Z,
https://www.fantasyguru.com/nfl-multiple-teams-interested-in-rj-harvey,nfl-multiple-teams-interested-in-rj-harvey,2025-04-09T18:55:06.000Z,
https://www.fantasyguru.com/nfl-keandre-lambert-smith-meeting-with-teams,nfl-keandre-lambert-smith-meeting-with-teams,2025-04-09T18:55:06.000Z,
https://www.fantasyguru.com/nfl-several-teams-interested-in-omar-norman-lott,nfl-several-teams-interested-in-omar-norman-lott,2025-04-09T17:55:07.000Z,
https://www.fantasyguru.com/nfl-two-more-visits-for-jonah-savaiinaea,nfl-two-more-visits-for-jonah-savaiinaea,2025-04-09T17:55:07.000Z,
https://www.fantasyguru.com/nfl-josh-conerly-jr-to-meet-with-two-nfc-south-teams,nfl-josh-conerly-jr-to-meet-with-two-nfc-south-teams,2025-04-09T03:55:05.000Z,
https://www.fantasyguru.com/nfl-que-robinson-keeping-busy,nfl-que-robinson-keeping-busy,2025-04-09T02:55:06.000Z,
https://www.fantasyguru.com/browns-cleveland-hosts-three-quarterback-prospects,browns-cleveland-hosts-three-quarterback-prospects,2025-04-09T02:55:06.000Z,QB Analysis
https://www.fantasyguru.com/nfl-two-afc-teams-getting-to-know-james-pearce,nfl-two-afc-teams-getting-to-know-james-pearce,2025-04-09T02:55:05.000Z,
https://www.fantasyguru.com/nfl-korie-black-talks-with-two-teams,nfl-korie-black-talks-with-two-teams,2025-04-08T21:55:05.000Z,
https://www.fantasyguru.com/nfl-injury-concerns-dogging-asante-samuel-jr,nfl-injury-concerns-dogging-asante-samuel-jr,2025-04-08T20:55:07.000Z,
https://www.fantasyguru.com/nfl-no-shortage-of-interest-in-tyrion-ingram-dawkins,nfl-no-shortage-of-interest-in-tyrion-ingram-dawkins,2025-04-08T20:55:06.000Z,
https://www.fantasyguru.com/nfl-sam-brown-jr-taking-some-visits,nfl-sam-brown-jr-taking-some-visits,2025-04-08T19:55:21.000Z,
https://www.fantasyguru.com/nfl-busy-week-ahead-for-isaac-teslaa,nfl-busy-week-ahead-for-isaac-teslaa,2025-04-08T19:55:20.000Z,
https://www.fantasyguru.com/nfl-jonas-sanker-racking-up-frequent-flier-miles,nfl-jonas-sanker-racking-up-frequent-flier-miles,2025-04-08T18:55:22.000Z,
https://www.fantasyguru.com/nfl-nfc-west-teams-taking-an-interest-in-mykel-williams,nfl-nfc-west-teams-taking-an-interest-in-mykel-williams,2025-04-08T18:55:22.000Z,
https://www.fantasyguru.com/nfl-benjamin-morrison-sets-date-for-private-workout,nfl-benjamin-morrison-sets-date-for-private-workout,2025-04-08T18:55:21.000Z,
https://www.fantasyguru.com/nfl-more-teams-to-meet-with-shemar-stewart,nfl-more-teams-to-meet-with-shemar-stewart,2025-04-08T00:55:07.000Z,
https://www.fantasyguru.com/nfl-mason-taylor-to-meet-with-teams,nfl-mason-taylor-to-meet-with-teams,2025-04-07T21:55:14.000Z,
https://www.fantasyguru.com/nfl-jalen-milroes-stock-on-the-rise,nfl-jalen-milroes-stock-on-the-rise,2025-04-07T20:55:08.000Z,
https://www.fantasyguru.com/nfl-walter-nolen-staying-busy,nfl-walter-nolen-staying-busy,2025-04-07T19:55:07.000Z,
https://www.fantasyguru.com/nfl-busy-week-ahead-for-elijah-arroyo,nfl-busy-week-ahead-for-elijah-arroyo,2025-04-07T19:55:07.000Z,
https://www.fantasyguru.com/nfl-josh-simmons-lining-up-visits,nfl-josh-simmons-lining-up-visits,2025-04-07T19:55:06.000Z,
https://www.fantasyguru.com/nfl-no-shortage-of-interest-in-t-j-sanders,nfl-no-shortage-of-interest-in-t-j-sanders,2025-04-07T19:55:06.000Z,
https://www.fantasyguru.com/nfl-multiple-teams-have-met-with-jamaal-pritchett,nfl-multiple-teams-have-met-with-jamaal-pritchett,2025-04-07T18:55:06.000Z,
https://www.fantasyguru.com/nfl-dalton-cooper-has-three-visits-coming-up,nfl-dalton-cooper-has-three-visits-coming-up,2025-04-07T17:55:21.000Z,
https://www.fantasyguru.com/nfl-shavon-revel-meeting-with-three-teams,nfl-shavon-revel-meeting-with-three-teams,2025-04-07T15:55:21.000Z,
https://www.fantasyguru.com/jets-nyj-to-use-committee-at-running-back,jets-nyj-to-use-committee-at-running-back,2025-04-06T15:55:06.000Z,
https://www.fantasyguru.com/nfl-mason-graham-visiting-two-teams,nfl-mason-graham-visiting-two-teams,2025-04-06T15:55:06.000Z,
https://www.fantasyguru.com/nfl-at-least-five-teams-interested-in-alijah-huzzie,nfl-at-least-five-teams-interested-in-alijah-huzzie,2025-04-06T15:55:05.000Z,
https://www.fantasyguru.com/nfl-shemar-turner-attracting-plenty-of-interest,nfl-shemar-turner-attracting-plenty-of-interest,2025-04-06T14:55:04.000Z,
https://www.fantasyguru.com/nfl-more-teams-showing-interest-in-isaiah-bond,nfl-more-teams-showing-interest-in-isaiah-bond,2025-04-06T13:55:05.000Z,
https://www.fantasyguru.com/nfl-teams-interested-in-peny-boone,nfl-teams-interested-in-peny-boone,2025-04-05T22:55:05.000Z,
https://www.fantasyguru.com/nfl-trey-amos-meeting-with-teams,nfl-trey-amos-meeting-with-teams,2025-04-05T21:55:06.000Z,
https://www.fantasyguru.com/nfl-will-sheppard-receiving-interest,nfl-will-sheppard-receiving-interest,2025-04-05T21:55:06.000Z,
https://www.fantasyguru.com/nfl-jimmy-horn-runs-fast-at-pro-day,nfl-jimmy-horn-runs-fast-at-pro-day,2025-04-05T21:55:05.000Z,
https://www.fantasyguru.com/nfl-andrew-armstrong-receiving-interest,nfl-andrew-armstrong-receiving-interest,2025-04-05T20:55:05.000Z,
https://www.fantasyguru.com/nfl-several-teams-to-meet-with-jacory-croskey-merritt,nfl-several-teams-to-meet-with-jacory-croskey-merritt,2025-04-05T15:55:07.000Z,
https://www.fantasyguru.com/nfl-three-teams-showing-interest-in-marlowe-wax,nfl-three-teams-showing-interest-in-marlowe-wax,2025-04-05T14:55:06.000Z,
https://www.fantasyguru.com/nfl-donovan-ezeiruakus-stock-rising,nfl-donovan-ezeiruakus-stock-rising,2025-04-05T02:55:05.000Z,
https://www.fantasyguru.com/nfl-julio-jones-announces-retirement,nfl-julio-jones-announces-retirement,2025-04-04T22:55:05.000Z,
https://www.fantasyguru.com/nfl-three-more-visits-with-nic-scourton,nfl-three-more-visits-with-nic-scourton,2025-04-04T20:55:08.000Z,
https://www.fantasyguru.com/nfl-fadil-diggs-receiving-interest,nfl-fadil-diggs-receiving-interest,2025-04-04T20:55:08.000Z,
https://www.fantasyguru.com/nfl-joshua-farmer-to-meet-with-teams,nfl-joshua-farmer-to-meet-with-teams,2025-04-04T20:55:07.000Z,
https://www.fantasyguru.com/nfl-travis-hunter-works-as-wr-at-pro-day,nfl-travis-hunter-works-as-wr-at-pro-day,2025-04-04T20:55:07.000Z,
https://www.fantasyguru.com/nfl-shedeur-sanders-throwing-friday,nfl-shedeur-sanders-throwing-friday,2025-04-04T20:55:07.000Z,
https://www.fantasyguru.com/nfl-quinshon-judkins-set-to-rack-up-frequent-flyer-miles,nfl-quinshon-judkins-set-to-rack-up-frequent-flyer-miles,2025-04-04T19:55:08.000Z,
https://www.fantasyguru.com/nfl-no-shortage-of-potential-suitors-for-isaiah-bond,nfl-no-shortage-of-potential-suitors-for-isaiah-bond,2025-04-04T18:55:06.000Z,
https://www.fantasyguru.com/nfl-kurtis-rourke-underrated-2,nfl-kurtis-rourke-underrated-2,2025-04-04T02:55:05.000Z,
https://www.fantasyguru.com/nfl-kurtis-rourke-underrated,nfl-kurtis-rourke-underrated,2025-04-04T02:55:05.000Z,
https://www.fantasyguru.com/nfl-jalen-milroe-to-be-picked-early,nfl-jalen-milroe-to-be-picked-early,2025-04-04T01:55:05.000Z,
https://www.fantasyguru.com/nfl-four-more-visits-for-shavon-revel,nfl-four-more-visits-for-shavon-revel,2025-04-03T20:55:08.000Z,
https://www.fantasyguru.com/dynasty-ratings-update-4-2,dynasty-ratings-update-4-2,2025-04-03T20:46:28.000Z,Dynasty
https://www.fantasyguru.com/nfl-lan-larison-popping-up-on-some-radars,nfl-lan-larison-popping-up-on-some-radars,2025-04-03T19:55:12.000Z,
https://www.fantasyguru.com/nfl-at-least-three-teams-eyeing-jackson-slater,nfl-at-least-three-teams-eyeing-jackson-slater,2025-04-03T19:55:11.000Z,
https://www.fantasyguru.com/nfl-several-teams-interested-in-jake-majors,nfl-several-teams-interested-in-jake-majors,2025-04-02T21:55:05.000Z,
https://www.fantasyguru.com/nfl-three-more-visits-for-isaiah-bond,nfl-three-more-visits-for-isaiah-bond,2025-04-02T18:55:08.000Z,
https://www.fantasyguru.com/nfl-mason-graham-to-meet-with-two-teams,nfl-mason-graham-to-meet-with-two-teams,2025-04-02T18:55:06.000Z,
https://www.fantasyguru.com/nfl-princely-umanmielen-generating-interest,nfl-princely-umanmielen-generating-interest,2025-04-01T21:55:06.000Z,
https://www.fantasyguru.com/rams-rob-havenstein-expected-to-be-ready-for-training-camp,rams-rob-havenstein-expected-to-be-ready-for-training-camp,2025-04-01T20:55:06.000Z,Training Camp Report
https://www.fantasyguru.com/nfl-calais-campbell-mulling-his-options,nfl-calais-campbell-mulling-his-options,2025-04-01T18:55:05.000Z,
https://www.fantasyguru.com/nfl-caleb-rogers-to-meet-with-two-teams,nfl-caleb-rogers-to-meet-with-two-teams,2025-03-31T22:55:06.000Z,
https://www.fantasyguru.com/nfl-john-cominsky-retiring,nfl-john-cominsky-retiring,2025-03-31T21:55:07.000Z,
https://www.fantasyguru.com/titans-treylon-burks-unlikely-to-be-ready-for-training-camp,titans-treylon-burks-unlikely-to-be-ready-for-training-camp,2025-03-31T19:55:05.000Z,Training Camp Report
https://www.fantasyguru.com/nfl-konata-mumpfield-talks-with-three-times,nfl-konata-mumpfield-talks-with-three-times,2025-03-30T23:55:05.000Z,
https://www.fantasyguru.com/nfl-tai-felton-receives-interest,nfl-tai-felton-receives-interest,2025-03-30T19:55:06.000Z,
https://www.fantasyguru.com/nfl-four-teams-show-interest-in-shemar-turner,nfl-four-teams-show-interest-in-shemar-turner,2025-03-30T19:55:05.000Z,
https://www.fantasyguru.com/nfl-multiple-teams-interested-in-tyler-warren,nfl-multiple-teams-interested-in-tyler-warren,2025-03-30T13:55:05.000Z,
https://www.fantasyguru.com/nfl-charles-grant-to-work-out-for-teams,nfl-charles-grant-to-work-out-for-teams,2025-03-30T02:55:05.000Z,
https://www.fantasyguru.com/nfl-jared-wilson-the-top-center,nfl-jared-wilson-the-top-center,2025-03-30T01:55:06.000Z,
https://www.fantasyguru.com/nfl-donovan-jackson-rising-up-boards,nfl-donovan-jackson-rising-up-boards,2025-03-30T01:55:05.000Z,
https://www.fantasyguru.com/nfl-two-teams-to-work-out-pair-of-cincinnati-linemen,nfl-two-teams-to-work-out-pair-of-cincinnati-linemen,2025-03-29T15:55:05.000Z,
https://www.fantasyguru.com/nfl-mason-taylor-impressdx-at-pro-day,nfl-mason-taylor-impressdx-at-pro-day,2025-03-29T01:55:19.000Z,
https://www.fantasyguru.com/nfl-more-teams-interested-in-aireontae-ersery,nfl-more-teams-interested-in-aireontae-ersery,2025-03-28T22:55:12.000Z,
https://www.fantasyguru.com/nfl-two-visits-scheduled-for-upton-stout,nfl-two-visits-scheduled-for-upton-stout,2025-03-28T22:55:11.000Z,
https://www.fantasyguru.com/nfl-thomas-fidone-making-the-rounds,nfl-thomas-fidone-making-the-rounds,2025-03-28T20:55:08.000Z,
https://www.fantasyguru.com/nfl-multiple-teams-interested-in-jalin-conyers,nfl-multiple-teams-interested-in-jalin-conyers,2025-03-28T20:55:06.000Z,
https://www.fantasyguru.com/nfl-bhayshul-tuten-popular-among-afc-north-teams,nfl-bhayshul-tuten-popular-among-afc-north-teams,2025-03-28T19:55:07.000Z,
https://www.fantasyguru.com/nfl-at-least-two-teams-very-interested-in-jaxson-dart,nfl-at-least-two-teams-very-interested-in-jaxson-dart,2025-03-28T19:55:06.000Z,
https://www.fantasyguru.com/nfl-four-teams-hold-princely-umanmielen-in-high-regard,nfl-four-teams-hold-princely-umanmielen-in-high-regard,2025-03-28T19:55:06.000Z,
https://www.fantasyguru.com/nfl-jacob-parrish-talks-pre-draft-visits,nfl-jacob-parrish-talks-pre-draft-visits,2025-03-28T19:55:06.000Z,
https://www.fantasyguru.com/nfl-oluwafemi-oladejo-a-popular-prospect,nfl-oluwafemi-oladejo-a-popular-prospect,2025-03-28T17:55:22.000Z,
https://www.fantasyguru.com/nfl-two-teams-interested-in-harold-fannin,nfl-two-teams-interested-in-harold-fannin,2025-03-27T21:55:06.000Z,
https://www.fantasyguru.com/nfl-thomas-fidone-receiving-interest,nfl-thomas-fidone-receiving-interest,2025-03-27T21:55:05.000Z,
https://www.fantasyguru.com/nfl-two-scheduled-visits-for-quincy-riley,nfl-two-scheduled-visits-for-quincy-riley,2025-03-27T21:55:05.000Z,
https://www.fantasyguru.com/nfl-isaiah-bond-ready-to-make-the-rounds,nfl-isaiah-bond-ready-to-make-the-rounds,2025-03-27T21:00:10.000Z,
https://www.fantasyguru.com/nfl-jarquez-hunter-receiving-significant-interest,nfl-jarquez-hunter-receiving-significant-interest,2025-03-27T21:00:10.000Z,
https://www.fantasyguru.com/nfl-jaylin-noel-set-to-visit-with-at-least-three-teams,nfl-jaylin-noel-set-to-visit-with-at-least-three-teams,2025-03-27T19:55:06.000Z,
https://www.fantasyguru.com/nfl-multiple-teams-getting-to-know-dj-giddens,nfl-multiple-teams-getting-to-know-dj-giddens,2025-03-27T18:55:05.000Z,
https://www.fantasyguru.com/nfl-shedeur-sanders-set-to-work-out-for-ten-cle,nfl-shedeur-sanders-set-to-work-out-for-ten-cle,2025-03-27T17:55:06.000Z,
https://www.fantasyguru.com/nfl-beaux-collins-posts-some-impressive-jumps-at-pro-day,nfl-beaux-collins-posts-some-impressive-jumps-at-pro-day,2025-03-27T17:55:05.000Z,
https://www.fantasyguru.com/nfl-abdul-carter-to-miss-pro-day,nfl-abdul-carter-to-miss-pro-day,2025-03-27T16:55:06.000Z,
https://www.fantasyguru.com/dynasty-ratings-update-3-26-25,dynasty-ratings-update-3-26-25,2025-03-27T06:40:42.000Z,Dynasty
https://www.fantasyguru.com/nfl-two-teams-show-interest-in-will-campbell,nfl-two-teams-show-interest-in-will-campbell,2025-03-26T22:55:12.000Z,
https://www.fantasyguru.com/nfl-emeka-egbuka-runs-at-pro-day,nfl-emeka-egbuka-runs-at-pro-day,2025-03-26T22:55:11.000Z,
https://www.fantasyguru.com/nfl-xavier-restrepo-explains-slow-40-time,nfl-xavier-restrepo-explains-slow-40-time,2025-03-26T21:00:09.000Z,
https://www.fantasyguru.com/nfl-jacob-parrish-to-meet-with-two-teams,nfl-jacob-parrish-to-meet-with-two-teams,2025-03-26T21:00:09.000Z,
https://www.fantasyguru.com/nfl-charles-grant-scheduled-for-multiple-visits,nfl-charles-grant-scheduled-for-multiple-visits,2025-03-26T21:00:08.000Z,
https://www.fantasyguru.com/2025-player-profile-jeremy-pena,2025-player-profile-jeremy-pena,2025-03-26T16:21:44.000Z,Player Profile (NFL)
https://www.fantasyguru.com/nfl-marque-collins-talks-with-four-teams,nfl-marque-collins-talks-with-four-teams,2025-03-26T03:55:21.000Z,
https://www.fantasyguru.com/nfl-isaiah-bond-lining-up-30-visits,nfl-isaiah-bond-lining-up-30-visits,2025-03-26T02:55:21.000Z,
https://www.fantasyguru.com/nfl-jaydon-blue-runs-fast-at-pro-day,nfl-jaydon-blue-runs-fast-at-pro-day,2025-03-25T23:55:15.000Z,
https://www.fantasyguru.com/nfl-jaydon-blue-to-meet-with-several-teams,nfl-jaydon-blue-to-meet-with-several-teams,2025-03-25T23:55:15.000Z,
https://www.fantasyguru.com/nfl-free-agency-tracker,nfl-free-agency-tracker,2025-03-25T23:10:36.000Z,
https://www.fantasyguru.com/nfl-alfred-collins-wears-boot-at-pro-day,nfl-alfred-collins-wears-boot-at-pro-day,2025-03-25T22:55:12.000Z,
https://www.fantasyguru.com/nfl-several-teams-interest-in-arian-smith,nfl-several-teams-interest-in-arian-smith,2025-03-25T21:55:08.000Z,
https://www.fantasyguru.com/nfl-mike-green-wows-at-pro-day,nfl-mike-green-wows-at-pro-day,2025-03-25T21:00:09.000Z,
https://www.fantasyguru.com/nfl-aireontae-ersery-drawing-plenty-of-interest,nfl-aireontae-ersery-drawing-plenty-of-interest,2025-03-25T21:00:08.000Z,
https://www.fantasyguru.com/nfl-xavier-restrepo-posts-slow-40-time,nfl-xavier-restrepo-posts-slow-40-time,2025-03-25T00:55:17.000Z,
https://www.fantasyguru.com/nfl-elijah-roberts-to-meet-with-pa-teams,nfl-elijah-roberts-to-meet-with-pa-teams,2025-03-25T00:55:15.000Z,
https://www.fantasyguru.com/nfl-several-visits-scheduled-for-brashard-smith,nfl-several-visits-scheduled-for-brashard-smith,2025-03-24T22:55:11.000Z,
https://www.fantasyguru.com/nfl-marcus-harris-talks-with-two-teams,nfl-marcus-harris-talks-with-two-teams,2025-03-24T22:55:11.000Z,
https://www.fantasyguru.com/nfl-multiple-teams-show-interest-with-teddye-buchanan,nfl-multiple-teams-show-interest-with-teddye-buchanan,2025-03-24T22:55:10.000Z,
https://www.fantasyguru.com/nfl-several-teams-interested-in-quinn-ewers,nfl-several-teams-interested-in-quinn-ewers,2025-03-24T21:00:10.000Z,
https://www.fantasyguru.com/2025-player-profile-austin-wells,2025-player-profile-austin-wells,2025-03-24T19:34:05.000Z,Player Profile (NFL)
https://www.fantasyguru.com/2025-player-profile-luis-garcia-jr,2025-player-profile-luis-garcia-jr,2025-03-24T19:29:37.000Z,Player Profile (NFL)
https://www.fantasyguru.com/nfl-stefon-diggs-making-progress,nfl-stefon-diggs-making-progress,2025-03-23T18:55:06.000Z,
https://www.fantasyguru.com/nfl-david-andrews-to-wait-on-decision,nfl-david-andrews-to-wait-on-decision,2025-03-23T18:55:05.000Z,
https://www.fantasyguru.com/2025-player-profile-tanner-houck,2025-player-profile-tanner-houck,2025-03-23T16:02:08.000Z,Player Profile (NFL)
https://www.fantasyguru.com/nfl-will-johnson-meeting-with-multiple-teams,nfl-will-johnson-meeting-with-multiple-teams,2025-03-23T13:55:24.000Z,
https://www.fantasyguru.com/nfl-mixed-opinions-on-walter-nolen,nfl-mixed-opinions-on-walter-nolen,2025-03-23T01:55:06.000Z,
https://www.fantasyguru.com/giants-big-blue-may-still-pursue-free-agent-qb-options,giants-big-blue-may-still-pursue-free-agent-qb-options,2025-03-22T14:55:21.000Z,QB Analysis
https://www.fantasyguru.com/nfl-mykel-williams-stock-slipping,nfl-mykel-williams-stock-slipping,2025-03-22T02:55:05.000Z,
https://www.fantasyguru.com/nfl-mason-graham-bulks-up,nfl-mason-graham-bulks-up,2025-03-21T21:55:04.000Z,
https://www.fantasyguru.com/nfl-multiple-teams-meeting-with-josh-conerly-jr,nfl-multiple-teams-meeting-with-josh-conerly-jr,2025-03-21T19:55:05.000Z,
https://www.fantasyguru.com/nfl-eugene-asante-a-popular-man,nfl-eugene-asante-a-popular-man,2025-03-21T18:55:05.000Z,
https://www.fantasyguru.com/nfl-four-teams-showing-interest-in-nick-martin,nfl-four-teams-showing-interest-in-nick-martin,2025-03-21T17:55:04.000Z,
https://www.fantasyguru.com/nfl-peny-boone-receiving-interest,nfl-peny-boone-receiving-interest,2025-03-21T01:55:06.000Z,
https://www.fantasyguru.com/nfl-two-teams-interested-in-leki-fotu,nfl-two-teams-interested-in-leki-fotu,2025-03-20T21:55:09.000Z,
https://www.fantasyguru.com/nfl-jihaad-campbell-undergoes-surgery,nfl-jihaad-campbell-undergoes-surgery,2025-03-20T21:00:10.000Z,
https://www.fantasyguru.com/dynasty-ratings-update-3-20-25,dynasty-ratings-update-3-20-25,2025-03-20T20:11:21.000Z,Dynasty
https://www.fantasyguru.com/nfl-jacory-croskey-merritt-lights-up-big-12-pro-day,nfl-jacory-croskey-merritt-lights-up-big-12-pro-day,2025-03-20T19:55:08.000Z,
https://www.fantasyguru.com/nfl-several-teams-meeting-with-jacory-croskey-merritt,nfl-several-teams-meeting-with-jacory-croskey-merritt,2025-03-20T19:55:06.000Z,
https://www.fantasyguru.com/commanders-michael-gallup-returning-to-nfl-with-washington,commanders-michael-gallup-returning-to-nfl-with-washington,2025-03-20T18:55:06.000Z,
https://www.fantasyguru.com/2025-player-profile-jose-soriano,2025-player-profile-jose-soriano,2025-03-20T15:19:18.000Z,Player Profile (NFL)
https://www.fantasyguru.com/nfl-no-on-field-drills-for-two-missouri-prospects,nfl-no-on-field-drills-for-two-missouri-prospects,2025-03-19T21:00:10.000Z,
https://www.fantasyguru.com/nfl-jalen-milroe-runs-fast-at-pro-day,nfl-jalen-milroe-runs-fast-at-pro-day,2025-03-19T21:00:10.000Z,
https://www.fantasyguru.com/vikings-charlie-frye-joins-minnesotas-coaching-staff,vikings-charlie-frye-joins-minnesotas-coaching-staff,2025-03-18T21:00:09.000Z,
https://www.fantasyguru.com/nfl-nick-emmanwori-lining-up-pre-draft-visits,nfl-nick-emmanwori-lining-up-pre-draft-visits,2025-03-18T17:55:07.000Z,
https://www.fantasyguru.com/nfl-tyler-shough-becoming-a-popular-man,nfl-tyler-shough-becoming-a-popular-man,2025-03-18T17:55:06.000Z,
https://www.fantasyguru.com/2025-player-profile-garrett-mitchell,2025-player-profile-garrett-mitchell,2025-03-18T17:47:33.000Z,Player Profile (NFL)
https://www.fantasyguru.com/nfl-tetairoa-mcmillan-runs-well-at-pro-day,nfl-tetairoa-mcmillan-runs-well-at-pro-day,2025-03-17T21:00:17.000Z,
https://www.fantasyguru.com/2025-player-profile-tyler-fitzgerald,2025-player-profile-tyler-fitzgerald,2025-03-17T20:51:28.000Z,Player Profile (NFL)
https://www.fantasyguru.com/2025-player-profile-heliot-ramos,2025-player-profile-heliot-ramos,2025-03-17T20:49:03.000Z,Player Profile (NFL)
https://www.fantasyguru.com/nfl-no-retirement-for-c-j-mosley,nfl-no-retirement-for-c-j-mosley,2025-03-16T18:55:05.000Z,
https://www.fantasyguru.com/2025-player-profile-ceddanne-rafaela,2025-player-profile-ceddanne-rafaela,2025-03-16T17:07:58.000Z,Player Profile (NFL)
https://www.fantasyguru.com/nfl-russell-wilson-playing-the-waiting-game,nfl-russell-wilson-playing-the-waiting-game,2025-03-16T14:55:05.000Z,
https://www.fantasyguru.com/nfl-several-teams-may-be-interested-in-joe-flacco,nfl-several-teams-may-be-interested-in-joe-flacco,2025-03-16T13:55:19.000Z,
https://www.fantasyguru.com/nfl-wyatt-ekeler-impresses-at-pro-day,nfl-wyatt-ekeler-impresses-at-pro-day,2025-03-15T19:55:07.000Z,
https://www.fantasyguru.com/buccaneers-blaine-stewart-returns-to-nfl-job,buccaneers-blaine-stewart-returns-to-nfl-job,2025-03-15T00:55:05.000Z,
https://www.fantasyguru.com/eagles-avery-williams-joining-super-bowl-champs,eagles-avery-williams-joining-super-bowl-champs,2025-03-14T18:55:06.000Z,
https://www.fantasyguru.com/nfl-cooper-kupp-seeking-around-15-million-per-season,nfl-cooper-kupp-seeking-around-15-million-per-season,2025-03-14T18:55:05.000Z,
https://www.fantasyguru.com/2025-player-profile-jo-adell,2025-player-profile-jo-adell,2025-03-14T15:49:10.000Z,Player Profile (NFL)
https://www.fantasyguru.com/2025-player-profile-jung-hoo-lee,2025-player-profile-jung-hoo-lee,2025-03-14T15:47:41.000Z,Player Profile (NFL)
https://www.fantasyguru.com/2025-player-profile-victor-robles,2025-player-profile-victor-robles,2025-03-13T19:51:27.000Z,Player Profile (NFL)
https://www.fantasyguru.com/eagles-montgomery-vangorder-set-to-join-philly-coaching-staff,eagles-montgomery-vangorder-set-to-join-philly-coaching-staff,2025-03-13T18:55:12.000Z,
https://www.fantasyguru.com/nfl-at-least-five-teams-pursuing-cooper-kupp,nfl-at-least-five-teams-pursuing-cooper-kupp,2025-03-13T18:55:11.000Z,
https://www.fantasyguru.com/eagles-harrison-bryant-set-to-join-super-bowl-champs,eagles-harrison-bryant-set-to-join-super-bowl-champs,2025-03-13T18:55:10.000Z,
https://www.fantasyguru.com/dynasty-ratings-update-free-agency,dynasty-ratings-update-free-agency,2025-03-13T05:02:12.000Z,Dynasty
https://www.fantasyguru.com/nfl-cooper-kupp-likely-to-find-a-new-home-quickly,nfl-cooper-kupp-likely-to-find-a-new-home-quickly,2025-03-12T23:55:15.000Z,
https://www.fantasyguru.com/2025-player-profile-xavier-edwards,2025-player-profile-xavier-edwards,2025-03-12T16:44:01.000Z,Player Profile (NFL)
https://www.fantasyguru.com/nfl-multiple-teams-vying-for-teven-jenkins,nfl-multiple-teams-vying-for-teven-jenkins,2025-03-12T04:55:06.000Z,
https://www.fantasyguru.com/nfl-samaje-perine-not-going-to-tb-after-all,nfl-samaje-perine-not-going-to-tb-after-all,2025-03-10T19:55:09.000Z,
https://www.fantasyguru.com/2025-player-profile-jeffrey-springs,2025-player-profile-jeffrey-springs,2025-03-10T19:11:32.000Z,Player Profile (NFL)
https://www.fantasyguru.com/nfl-maliek-collins-expected-to-have-options,nfl-maliek-collins-expected-to-have-options,2025-03-09T21:55:08.000Z,
https://www.fantasyguru.com/2025-player-profile-reynaldo-lopez,2025-player-profile-reynaldo-lopez,2025-03-09T20:36:59.000Z,Player Profile (NFL)
https://www.fantasyguru.com/vikings-minnesota-exploring-alternate-qb-options,vikings-minnesota-exploring-alternate-qb-options,2025-03-08T15:55:04.000Z,QB Analysis
https://www.fantasyguru.com/nfl-two-teams-expected-to-bid-up-for-jevon-holland,nfl-two-teams-expected-to-bid-up-for-jevon-holland,2025-03-07T21:00:10.000Z,
https://www.fantasyguru.com/nfl-will-johnson-wont-participate-in-michigans-pro-day,nfl-will-johnson-wont-participate-in-michigans-pro-day,2025-03-07T19:55:12.000Z,
https://www.fantasyguru.com/nfl-byron-murphy-set-to-reach-free-agency,nfl-byron-murphy-set-to-reach-free-agency,2025-03-07T19:55:11.000Z,
https://www.fantasyguru.com/nfl-hunter-renfrow-looking-to-play-again,nfl-hunter-renfrow-looking-to-play-again,2025-03-06T23:55:06.000Z,
https://www.fantasyguru.com/dynasty-ratings-update-3-6,dynasty-ratings-update-3-6,2025-03-06T22:08:35.000Z,Dynasty
https://www.fantasyguru.com/nfl-brian-allen-retiring,nfl-brian-allen-retiring,2025-03-06T00:55:17.000Z,
https://www.fantasyguru.com/nfl-zeek-biggers-had-appendectomy,nfl-zeek-biggers-had-appendectomy,2025-03-05T16:55:05.000Z,
https://www.fantasyguru.com/steelers-justin-fields-the-priority-at-qb-in-pittsburgh,steelers-justin-fields-the-priority-at-qb-in-pittsburgh,2025-03-05T03:55:22.000Z,QB Analysis
https://www.fantasyguru.com/nfl-jalon-walker-wont-participate-during-schools-pro-day,nfl-jalon-walker-wont-participate-during-schools-pro-day,2025-03-05T03:55:20.000Z,
https://www.fantasyguru.com/nfl-several-teams-met-with-sam-brown-jr-at-combine,nfl-several-teams-met-with-sam-brown-jr-at-combine,2025-03-04T05:55:06.000Z,
https://www.fantasyguru.com/nfl-isaiah-bond-attracted-plenty-of-interest-in-indy,nfl-isaiah-bond-attracted-plenty-of-interest-in-indy,2025-03-04T03:55:09.000Z,
https://www.fantasyguru.com/nfl-multiple-teams-meet-with-isaiah-bond,nfl-multiple-teams-meet-with-isaiah-bond,2025-03-04T00:55:06.000Z,
https://www.fantasyguru.com/2025-nfl-combine-review,2025-nfl-combine-review,2025-03-03T20:59:26.000Z,
https://www.fantasyguru.com/nfl-josh-conerly-jr-on-the-rise,nfl-josh-conerly-jr-on-the-rise,2025-03-03T03:55:05.000Z,
https://www.fantasyguru.com/nfl-tyler-booker-a-popular-prospect,nfl-tyler-booker-a-popular-prospect,2025-03-03T02:55:06.000Z,
https://www.fantasyguru.com/nfl-armand-membou-rocketing-up-draft-boards,nfl-armand-membou-rocketing-up-draft-boards,2025-03-03T02:55:06.000Z,
https://www.fantasyguru.com/nfl-grey-zabel-shines-in-drills-sunday,nfl-grey-zabel-shines-in-drills-sunday,2025-03-03T02:55:05.000Z,
https://www.fantasyguru.com/nfl-jared-wilson-the-fastest-of-the-big-men,nfl-jared-wilson-the-fastest-of-the-big-men,2025-03-03T02:55:05.000Z,
https://www.fantasyguru.com/nfl-anthony-belton-shines-in-drills,nfl-anthony-belton-shines-in-drills,2025-03-03T01:55:06.000Z,
https://www.fantasyguru.com/nfl-eli-cox-bolsters-draft-stock,nfl-eli-cox-bolsters-draft-stock,2025-03-03T01:55:06.000Z,
https://www.fantasyguru.com/nfl-donovan-jackson-injured-at-combine,nfl-donovan-jackson-injured-at-combine,2025-03-03T01:55:06.000Z,
https://www.fantasyguru.com/nfl-jonah-savaiinaea-drawing-interest,nfl-jonah-savaiinaea-drawing-interest,2025-03-03T01:55:05.000Z,
https://www.fantasyguru.com/nfl-jackson-slater-expected-to-be-fine,nfl-jackson-slater-expected-to-be-fine,2025-03-02T22:55:06.000Z,
https://www.fantasyguru.com/nfl-joshua-farmer-meets-with-three-teams,nfl-joshua-farmer-meets-with-three-teams,2025-03-02T22:55:05.000Z,
https://www.fantasyguru.com/nfl-donovan-jackson-measured-at-combine,nfl-donovan-jackson-measured-at-combine,2025-03-02T19:55:07.000Z,
https://www.fantasyguru.com/nfl-gunnar-helm-injured-at-combine,nfl-gunnar-helm-injured-at-combine,2025-03-02T19:55:07.000Z,
https://www.fantasyguru.com/nfl-will-campbell-measured-at-combine,nfl-will-campbell-measured-at-combine,2025-03-02T18:55:06.000Z,
https://www.fantasyguru.com/nfl-combine-measurements-for-tyler-booker,nfl-combine-measurements-for-tyler-booker,2025-03-02T18:55:06.000Z,
https://www.fantasyguru.com/nfl-armand-membou-measured-at-combine,nfl-armand-membou-measured-at-combine,2025-03-02T18:55:06.000Z,
https://www.fantasyguru.com/nfl-combine-measurements-for-kelvin-banks,nfl-combine-measurements-for-kelvin-banks,2025-03-02T18:55:06.000Z,
https://www.fantasyguru.com/nfl-grey-zabel-measured-at-combine,nfl-grey-zabel-measured-at-combine,2025-03-02T18:55:05.000Z,
https://www.fantasyguru.com/nfl-combine-measurements-for-josh-simmons,nfl-combine-measurements-for-josh-simmons,2025-03-02T18:55:05.000Z,
https://www.fantasyguru.com/nfl-ashton-jeanty-to-have-top-30-visits-with-two-teams,nfl-ashton-jeanty-to-have-top-30-visits-with-two-teams,2025-03-02T14:55:05.000Z,
https://www.fantasyguru.com/nfl-will-campbell-defends-arm-length,nfl-will-campbell-defends-arm-length,2025-03-02T04:55:05.000Z,
https://www.fantasyguru.com/nfl-growth-spurt-for-jalen-milroe,nfl-growth-spurt-for-jalen-milroe,2025-03-02T03:55:08.000Z,
https://www.fantasyguru.com/nfl-jaxson-dart-has-strong-throwing-session,nfl-jaxson-dart-has-strong-throwing-session,2025-03-02T02:55:05.000Z,
https://www.fantasyguru.com/nfl-uneven-session-for-jalen-milroe,nfl-uneven-session-for-jalen-milroe,2025-03-02T02:55:04.000Z,
https://www.fantasyguru.com/nfl-isaac-teslaa-has-strong-showing,nfl-isaac-teslaa-has-strong-showing,2025-03-02T01:55:06.000Z,
https://www.fantasyguru.com/nfl-elic-ayomanor-has-solid-combine,nfl-elic-ayomanor-has-solid-combine,2025-03-02T01:55:06.000Z,
https://www.fantasyguru.com/nfl-dj-giddens-boosts-draft-stock,nfl-dj-giddens-boosts-draft-stock,2025-03-02T01:55:05.000Z,
https://www.fantasyguru.com/nfl-jayden-higgins-climbing-draft-boards,nfl-jayden-higgins-climbing-draft-boards,2025-03-02T01:55:05.000Z,
https://www.fantasyguru.com/nfl-more-wrs-post-terrific-40-times,nfl-more-wrs-post-terrific-40-times,2025-03-02T00:55:06.000Z,
https://www.fantasyguru.com/nfl-outstanding-40-time-for-matthew-golden,nfl-outstanding-40-time-for-matthew-golden,2025-03-01T22:55:06.000Z,
https://www.fantasyguru.com/nfl-several-wrs-run-under-4-4-seconds,nfl-several-wrs-run-under-4-4-seconds,2025-03-01T22:55:06.000Z,
https://www.fantasyguru.com/nfl-rj-harvey-had-impressive-workout,nfl-rj-harvey-had-impressive-workout,2025-03-01T20:55:08.000Z,
https://www.fantasyguru.com/nfl-ashton-jeanty-measured-at-combine,nfl-ashton-jeanty-measured-at-combine,2025-03-01T20:55:08.000Z,
https://www.fantasyguru.com/nfl-combine-measurements-for-cam-ward,nfl-combine-measurements-for-cam-ward,2025-03-01T20:55:08.000Z,
https://www.fantasyguru.com/nfl-dylan-sampson-forgoes-40-yard-dash,nfl-dylan-sampson-forgoes-40-yard-dash,2025-03-01T20:55:07.000Z,
https://www.fantasyguru.com/nfl-tetairoa-mcmillan-measured-at-combine,nfl-tetairoa-mcmillan-measured-at-combine,2025-03-01T20:55:07.000Z,
https://www.fantasyguru.com/nfl-will-campbell-met-with-3-teams,nfl-will-campbell-met-with-3-teams,2025-03-01T20:55:07.000Z,
https://www.fantasyguru.com/nfl-combine-measurement-for-shedeur-sanders,nfl-combine-measurement-for-shedeur-sanders,2025-03-01T20:55:07.000Z,
https://www.fantasyguru.com/nfl-matthew-golden-measured-at-combine,nfl-matthew-golden-measured-at-combine,2025-03-01T20:55:07.000Z,
https://www.fantasyguru.com/nfl-combine-measurements-for-emeka-egbuka,nfl-combine-measurements-for-emeka-egbuka,2025-03-01T20:55:07.000Z,
https://www.fantasyguru.com/nfl-luther-burden-measured-at-combine,nfl-luther-burden-measured-at-combine,2025-03-01T20:55:06.000Z,
https://www.fantasyguru.com/nfl-kaleb-johnson-posts-modest-40-time,nfl-kaleb-johnson-posts-modest-40-time,2025-03-01T20:55:06.000Z,
https://www.fantasyguru.com/nfl-several-rbs-take-part-in-wr-drills,nfl-several-rbs-take-part-in-wr-drills,2025-03-01T20:55:06.000Z,
https://www.fantasyguru.com/steelers-pittsburgh-talks-with-several-qb-prospects,steelers-pittsburgh-talks-with-several-qb-prospects,2025-03-01T20:55:05.000Z,QB Analysis
https://www.fantasyguru.com/nfl-quinshon-judkins-shows-out,nfl-quinshon-judkins-shows-out,2025-03-01T19:55:07.000Z,
https://www.fantasyguru.com/nfl-bhayshul-tuten-crushes-40-yard-dash,nfl-bhayshul-tuten-crushes-40-yard-dash,2025-03-01T19:55:07.000Z,
https://www.fantasyguru.com/nfl-treveyon-henderson-posts-impressive-40-time,nfl-treveyon-henderson-posts-impressive-40-time,2025-03-01T19:55:07.000Z,
https://www.fantasyguru.com/nfl-omarion-hampton-has-impressive-workout,nfl-omarion-hampton-has-impressive-workout,2025-03-01T19:55:07.000Z,
https://www.fantasyguru.com/nfl-jaydon-blue-crushes-40-yard-dash,nfl-jaydon-blue-crushes-40-yard-dash,2025-03-01T19:55:06.000Z,
https://www.fantasyguru.com/nfl-brashard-smith-gets-under-4-4-in-40-yard-dash,nfl-brashard-smith-gets-under-4-4-in-40-yard-dash,2025-03-01T19:55:05.000Z,
https://www.fantasyguru.com/nfl-kelvin-banks-open-to-position-change,nfl-kelvin-banks-open-to-position-change,2025-03-01T18:55:05.000Z,
https://www.fantasyguru.com/nfl-cam-skattebo-posts-explosive-numbers,nfl-cam-skattebo-posts-explosive-numbers,2025-03-01T18:55:04.000Z,
https://www.fantasyguru.com/steelers-pit-not-impressed-with-rookie-quarterback-crop,steelers-pit-not-impressed-with-rookie-quarterback-crop,2025-03-01T17:55:05.000Z,Rookie Expectation/Profile
https://www.fantasyguru.com/nfl-josh-simmons-rehab-update,nfl-josh-simmons-rehab-update,2025-03-01T16:55:05.000Z,
https://www.fantasyguru.com/nfl-solid-combine-for-thomas-fidone-ii,nfl-solid-combine-for-thomas-fidone-ii,2025-03-01T03:55:06.000Z,
https://www.fantasyguru.com/nfl-darien-porters-stock-rising,nfl-darien-porters-stock-rising,2025-03-01T03:55:06.000Z,
https://www.fantasyguru.com/nfl-jahdae-barron-skips-drills,nfl-jahdae-barron-skips-drills,2025-03-01T03:55:06.000Z,
https://www.fantasyguru.com/nfl-mason-taylor-wows-at-combine,nfl-mason-taylor-wows-at-combine,2025-03-01T03:55:05.000Z,
https://www.fantasyguru.com/nfl-trey-amos-solidifies-stock,nfl-trey-amos-solidifies-stock,2025-03-01T02:55:05.000Z,
https://www.fantasyguru.com/nfl-terrance-ferguson-paces-te-group,nfl-terrance-ferguson-paces-te-group,2025-03-01T01:55:06.000Z,
https://www.fantasyguru.com/nfl-robert-longerbeam-shows-off-athleticism,nfl-robert-longerbeam-shows-off-athleticism,2025-03-01T01:55:05.000Z,
https://www.fantasyguru.com/nfl-caleb-ransaw-posts-top-vertical,nfl-caleb-ransaw-posts-top-vertical,2025-03-01T01:55:05.000Z,
https://www.fantasyguru.com/nfl-marques-sigle-posts-fast-40-time,nfl-marques-sigle-posts-fast-40-time,2025-03-01T00:55:06.000Z,
https://www.fantasyguru.com/nfl-nick-emmanwori-has-outstanding-workout,nfl-nick-emmanwori-has-outstanding-workout,2025-02-28T23:55:05.000Z,
https://www.fantasyguru.com/nfl-several-cb-prospects-fast-at-combine,nfl-several-cb-prospects-fast-at-combine,2025-02-28T21:55:06.000Z,
https://www.fantasyguru.com/nfl-maxwell-hariston-posts-terrific-40-time,nfl-maxwell-hariston-posts-terrific-40-time,2025-02-28T21:55:05.000Z,
https://www.fantasyguru.com/nfl-jahdae-barron-posts-solid-time-in-40-yard-dash,nfl-jahdae-barron-posts-solid-time-in-40-yard-dash,2025-02-28T21:55:05.000Z,
https://www.fantasyguru.com/nfl-travis-hunter-measured-at-combine,nfl-travis-hunter-measured-at-combine,2025-02-28T20:55:08.000Z,
https://www.fantasyguru.com/nfl-combine-measurements-for-jahdae-barro,nfl-combine-measurements-for-jahdae-barro,2025-02-28T20:55:08.000Z,
https://www.fantasyguru.com/nfl-will-johnson-measured-at-combine,nfl-will-johnson-measured-at-combine,2025-02-28T20:55:08.000Z,
https://www.fantasyguru.com/nfl-combine-measurements-for-nick-emmanwori,nfl-combine-measurements-for-nick-emmanwori,2025-02-28T20:55:08.000Z,
https://www.fantasyguru.com/nfl-tyler-warren-sized-up-in-indy,nfl-tyler-warren-sized-up-in-indy,2025-02-28T20:55:08.000Z,
https://www.fantasyguru.com/nfl-mason-taylors-combine-measurements,nfl-mason-taylors-combine-measurements,2025-02-28T20:55:08.000Z,
https://www.fantasyguru.com/nfl-malaki-starks-measured-at-combine,nfl-malaki-starks-measured-at-combine,2025-02-28T20:55:07.000Z,
https://www.fantasyguru.com/nfl-combine-measurements-for-colston-loveland,nfl-combine-measurements-for-colston-loveland,2025-02-28T20:55:07.000Z,
https://www.fantasyguru.com/nfl-harold-fannin-jr-sized-up-in-indy,nfl-harold-fannin-jr-sized-up-in-indy,2025-02-28T20:55:07.000Z,
https://www.fantasyguru.com/nfl-combine-measurements-for-elijah-arroyo,nfl-combine-measurements-for-elijah-arroyo,2025-02-28T20:55:07.000Z,
https://www.fantasyguru.com/nfl-cam-ward-talks-with-two-teams,nfl-cam-ward-talks-with-two-teams,2025-02-28T20:55:07.000Z,
https://www.fantasyguru.com/nfl-several-teams-intrigued-with-tre-harris,nfl-several-teams-intrigued-with-tre-harris,2025-02-28T20:55:06.000Z,
https://www.fantasyguru.com/nfl-deebo-samuel-drawing-interest-from-multiple-teams,nfl-deebo-samuel-drawing-interest-from-multiple-teams,2025-02-28T18:55:06.000Z,
https://www.fantasyguru.com/nfl-quinn-ewers-met-with-several-teams,nfl-quinn-ewers-met-with-several-teams,2025-02-28T17:55:04.000Z,
https://www.fantasyguru.com/nfl-ashton-jeanty-met-with-several-teams,nfl-ashton-jeanty-met-with-several-teams,2025-02-28T16:55:06.000Z,
https://www.fantasyguru.com/nfl-jalen-milroe-undecided-on-40-yard-dash,nfl-jalen-milroe-undecided-on-40-yard-dash,2025-02-28T16:55:06.000Z,
https://www.fantasyguru.com/nfl-emeka-egbuka-not-testing,nfl-emeka-egbuka-not-testing,2025-02-28T16:55:06.000Z,
https://www.fantasyguru.com/nfl-jaxson-dart-met-with-two-teams,nfl-jaxson-dart-met-with-two-teams,2025-02-28T16:55:06.000Z,
https://www.fantasyguru.com/nfl-cam-ward-wont-throw-at-combine,nfl-cam-ward-wont-throw-at-combine,2025-02-28T15:55:06.000Z,
https://www.fantasyguru.com/nfl-carson-schwesinger-cuts-combine-short,nfl-carson-schwesinger-cuts-combine-short,2025-02-28T03:55:07.000Z,
https://www.fantasyguru.com/nfl-cj-west-runs-well-at-combine,nfl-cj-west-runs-well-at-combine,2025-02-28T03:55:07.000Z,
https://www.fantasyguru.com/nfl-derrick-harmons-stock-rising,nfl-derrick-harmons-stock-rising,2025-02-28T03:55:07.000Z,
https://www.fantasyguru.com/nfl-nic-scourton-a-limited-participant-at-combine,nfl-nic-scourton-a-limited-participant-at-combine,2025-02-28T03:55:06.000Z,
https://www.fantasyguru.com/nfl-danny-stutsman-faster-than-expected,nfl-danny-stutsman-faster-than-expected,2025-02-28T03:55:05.000Z,
https://www.fantasyguru.com/nfl-smael-mondon-jr-shows-off-athleticism,nfl-smael-mondon-jr-shows-off-athleticism,2025-02-28T02:55:07.000Z,
https://www.fantasyguru.com/nfl-kain-medrano-paces-linebackers-at-combine,nfl-kain-medrano-paces-linebackers-at-combine,2025-02-28T02:55:07.000Z,
https://www.fantasyguru.com/nfl-teddye-buchanan-shows-off-hops,nfl-teddye-buchanan-shows-off-hops,2025-02-28T02:55:07.000Z,
https://www.fantasyguru.com/nfl-darius-alexander-has-strong-combine,nfl-darius-alexander-has-strong-combine,2025-02-28T02:55:06.000Z,
https://www.fantasyguru.com/nfl-landon-jackson-wows-during-testing,nfl-landon-jackson-wows-during-testing,2025-02-28T02:55:06.000Z,
https://www.fantasyguru.com/nfl-james-pearce-jr-posts-outstanding-40-time,nfl-james-pearce-jr-posts-outstanding-40-time,2025-02-28T00:55:07.000Z,
https://www.fantasyguru.com/nfl-mason-graham-dealing-with-injury,nfl-mason-graham-dealing-with-injury,2025-02-28T00:55:07.000Z,
https://www.fantasyguru.com/nfl-shavon-revel-on-track-for-camp,nfl-shavon-revel-on-track-for-camp,2025-02-28T00:55:07.000Z,
https://www.fantasyguru.com/nfl-shemar-stewart-injured-at-combine,nfl-shemar-stewart-injured-at-combine,2025-02-28T00:55:05.000Z,
https://www.fantasyguru.com/colts-anthony-richardson-to-work-out-with-nfl-mvp,colts-anthony-richardson-to-work-out-with-nfl-mvp,2025-02-27T23:55:14.000Z,
https://www.fantasyguru.com/nfl-travis-hunter-meeting-with-two-teams,nfl-travis-hunter-meeting-with-two-teams,2025-02-27T22:55:16.000Z,
https://www.fantasyguru.com/nfl-ty-robinson-fastest-dt-at-combine,nfl-ty-robinson-fastest-dt-at-combine,2025-02-27T22:55:16.000Z,
https://www.fantasyguru.com/nfl-significant-interest-in-mason-graham,nfl-significant-interest-in-mason-graham,2025-02-27T22:55:15.000Z,
https://www.fantasyguru.com/nfl-ashton-jeanty-to-talk-with-multiple-teams,nfl-ashton-jeanty-to-talk-with-multiple-teams,2025-02-27T22:55:15.000Z,
https://www.fantasyguru.com/nfl-mason-graham-measured-at-combine,nfl-mason-graham-measured-at-combine,2025-02-27T21:55:11.000Z,
https://www.fantasyguru.com/nfl-combine-measurements-for-jihaad-campbell,nfl-combine-measurements-for-jihaad-campbell,2025-02-27T21:55:11.000Z,
https://www.fantasyguru.com/nfl-mykel-williams-measured-at-combine,nfl-mykel-williams-measured-at-combine,2025-02-27T21:55:11.000Z,
https://www.fantasyguru.com/nfl-combine-measurements-for-mike-green,nfl-combine-measurements-for-mike-green,2025-02-27T21:55:10.000Z,
https://www.fantasyguru.com/nfl-kenneth-grant-measured-at-combine,nfl-kenneth-grant-measured-at-combine,2025-02-27T21:55:10.000Z,
https://www.fantasyguru.com/nfl-combine-measurements-for-james-pearce-jr,nfl-combine-measurements-for-james-pearce-jr,2025-02-27T21:55:10.000Z,
https://www.fantasyguru.com/nfl-derrick-harmon-measured-at-combine,nfl-derrick-harmon-measured-at-combine,2025-02-27T21:55:10.000Z,
https://www.fantasyguru.com/nfl-combine-measurements-for-walter-nolen,nfl-combine-measurements-for-walter-nolen,2025-02-27T21:55:10.000Z,
https://www.fantasyguru.com/nfl-shemar-stewart-measured-at-combine,nfl-shemar-stewart-measured-at-combine,2025-02-27T21:55:09.000Z,
https://www.fantasyguru.com/nfl-donovan-ezeiruaku-measured-at-combine,nfl-donovan-ezeiruaku-measured-at-combine,2025-02-27T21:55:09.000Z,
https://www.fantasyguru.com/nfl-travis-hunter-wants-to-be-a-two-way-player,nfl-travis-hunter-wants-to-be-a-two-way-player,2025-02-27T21:55:09.000Z,
https://www.fantasyguru.com/nfl-colston-loveland-meets-with-two-teams,nfl-colston-loveland-meets-with-two-teams,2025-02-27T21:55:09.000Z,
https://www.fantasyguru.com/nfl-two-teams-show-interest-in-tyler-warren,nfl-two-teams-show-interest-in-tyler-warren,2025-02-27T21:55:08.000Z,
https://www.fantasyguru.com/nfl-mike-green-a-no-go-at-the-combine,nfl-mike-green-a-no-go-at-the-combine,2025-02-27T20:55:10.000Z,
https://www.fantasyguru.com/nfl-ty-robinson-posts-impressive-40-in-indy,nfl-ty-robinson-posts-impressive-40-in-indy,2025-02-27T20:55:08.000Z,
https://www.fantasyguru.com/nfl-kenneth-grant-wont-take-part-in-on-field-combine-drills,nfl-kenneth-grant-wont-take-part-in-on-field-combine-drills,2025-02-27T18:55:06.000Z,
https://www.fantasyguru.com/nfl-travis-hunter-to-sit-out-workouts-in-indy,nfl-travis-hunter-to-sit-out-workouts-in-indy,2025-02-27T18:55:05.000Z,
https://www.fantasyguru.com/nfl-colts-met-with-top-tight-end-prospects,nfl-colts-met-with-top-tight-end-prospects,2025-02-27T17:55:06.000Z,
https://www.fantasyguru.com/nfl-travis-hunter-plans-to-play-both-positions,nfl-travis-hunter-plans-to-play-both-positions,2025-02-27T17:55:06.000Z,
https://www.fantasyguru.com/nfl-mason-graham-will-only-bench,nfl-mason-graham-will-only-bench,2025-02-27T15:55:07.000Z,
https://www.fantasyguru.com/nfl-abdul-carter-has-new-injury,nfl-abdul-carter-has-new-injury,2025-02-27T14:55:05.000Z,
https://www.fantasyguru.com/nfl-abdul-carter-wasnt-advised-surgery,nfl-abdul-carter-wasnt-advised-surgery,2025-02-27T14:55:05.000Z,
https://www.fantasyguru.com/dynasty-ratings-update-2,dynasty-ratings-update-2,2025-02-27T07:33:32.000Z,Dynasty
https://www.fantasyguru.com/nfl-shemar-stewart-downplays-production-issues,nfl-shemar-stewart-downplays-production-issues,2025-02-27T03:55:05.000Z,
https://www.fantasyguru.com/nfl-abdul-carter-close-to-full-strength,nfl-abdul-carter-close-to-full-strength,2025-02-27T02:55:06.000Z,
https://www.fantasyguru.com/nfl-jalon-walker-could-play-all-over,nfl-jalon-walker-could-play-all-over,2025-02-27T02:55:06.000Z,
https://www.fantasyguru.com/nfl-kenneth-grant-looking-to-join-rare-group,nfl-kenneth-grant-looking-to-join-rare-group,2025-02-27T02:55:05.000Z,
https://www.fantasyguru.com/browns-cleveland-talks-with-qb-prospects,browns-cleveland-talks-with-qb-prospects,2025-02-26T21:55:10.000Z,QB Analysis
https://www.fantasyguru.com/nfl-mykel-williams-to-sit-out-combine,nfl-mykel-williams-to-sit-out-combine,2025-02-26T21:55:10.000Z,
https://www.fantasyguru.com/nfl-tyler-warren-not-doing-drills,nfl-tyler-warren-not-doing-drills,2025-02-26T16:55:08.000Z,
https://www.fantasyguru.com/nfl-quinn-ewers-plans-to-throw-at-combine,nfl-quinn-ewers-plans-to-throw-at-combine,2025-02-26T03:55:06.000Z,
https://www.fantasyguru.com/nfl-cam-ward-still-uncertain-to-throw-at-combine,nfl-cam-ward-still-uncertain-to-throw-at-combine,2025-02-26T03:55:06.000Z,
https://www.fantasyguru.com/giants-g-men-prioritizing-qb-per-gm,giants-g-men-prioritizing-qb-per-gm,2025-02-26T02:55:05.000Z,QB Analysis
https://www.fantasyguru.com/colts-indy-to-hold-open-qb-competition,colts-indy-to-hold-open-qb-competition,2025-02-25T22:55:06.000Z,QB Analysis
https://www.fantasyguru.com/nfl-rob-gronkowski-isnt-coming-back,nfl-rob-gronkowski-isnt-coming-back,2025-02-25T22:55:06.000Z,
https://www.fantasyguru.com/nfl-colston-loveland-should-be-ready-for-minicamp,nfl-colston-loveland-should-be-ready-for-minicamp,2025-02-25T19:55:05.000Z,
https://www.fantasyguru.com/2025-adp-bargains-outfielders,2025-adp-bargains-outfielders,2025-02-25T15:33:25.000Z,
https://www.fantasyguru.com/2025-nfl-free-agent-rankings,2025-nfl-free-agent-rankings,2025-02-25T06:43:24.000Z,
https://www.fantasyguru.com/nfl-shavon-revel-on-track-for-week-1,nfl-shavon-revel-on-track-for-week-1,2025-02-24T23:55:07.000Z,
https://www.fantasyguru.com/nfl-abdul-carter-to-skip-drills,nfl-abdul-carter-to-skip-drills,2025-02-24T22:55:13.000Z,
https://www.fantasyguru.com/nfl-no-drills-for-elijah-arroyo-at-combine,nfl-no-drills-for-elijah-arroyo-at-combine,2025-02-24T22:55:12.000Z,
https://www.fantasyguru.com/nfl-three-qb-prospects-to-throw,nfl-three-qb-prospects-to-throw,2025-02-24T18:55:06.000Z,QB Analysis
https://www.fantasyguru.com/nfl-ashton-jeanty-waiting-for-pro-day,nfl-ashton-jeanty-waiting-for-pro-day,2025-02-24T17:55:06.000Z,
https://www.fantasyguru.com/nfl-jalon-walker-a-lock-for-top-10,nfl-jalon-walker-a-lock-for-top-10,2025-02-24T02:55:06.000Z,
https://www.fantasyguru.com/nfl-shedeur-sanders-will-not-work-out,nfl-shedeur-sanders-will-not-work-out,2025-02-23T21:55:05.000Z,
https://www.fantasyguru.com/nfl-keanu-neal-retiring,nfl-keanu-neal-retiring,2025-02-23T21:55:05.000Z,
https://www.fantasyguru.com/2025-adp-bargains-infielders,2025-adp-bargains-infielders,2025-02-23T17:21:24.000Z,
https://www.fantasyguru.com/bengals-tee-higgins-a-weapon-in-the-red-zone,bengals-tee-higgins-a-weapon-in-the-red-zone,2025-02-23T02:55:04.000Z,
https://www.fantasyguru.com/buccaneers-kefense-hynson-joins-coaching-staff,buccaneers-kefense-hynson-joins-coaching-staff,2025-02-22T17:55:09.000Z,
https://www.fantasyguru.com/ravens-matt-pees-joins-coaching-staff,ravens-matt-pees-joins-coaching-staff,2025-02-21T21:55:09.000Z,
https://www.fantasyguru.com/buccaneers-mike-caldwell-rejoins-tampa-bay-coaching-staff,buccaneers-mike-caldwell-rejoins-tampa-bay-coaching-staff,2025-02-21T20:55:06.000Z,
https://www.fantasyguru.com/panthers-carolina-announces-two-coaching-promotions,panthers-carolina-announces-two-coaching-promotions,2025-02-20T20:55:07.000Z,
https://www.fantasyguru.com/nfl-ronnie-perkins-headed-to-ufl,nfl-ronnie-perkins-headed-to-ufl,2025-02-20T20:55:06.000Z,
https://www.fantasyguru.com/dynasty-ratings-update-2-19,dynasty-ratings-update-2-19,2025-02-20T06:13:57.000Z,Dynasty
https://www.fantasyguru.com/saints-t-j-paganetti-joins-new-orleans-coaching-staff,saints-t-j-paganetti-joins-new-orleans-coaching-staff,2025-02-18T20:55:44.000Z,
https://www.fantasyguru.com/nfl-cam-ward-may-not-throw-at-combine,nfl-cam-ward-may-not-throw-at-combine,2025-02-18T15:55:05.000Z,
https://www.fantasyguru.com/cowboys-dele-harding-joining-coaching-staff,cowboys-dele-harding-joining-coaching-staff,2025-02-15T16:55:07.000Z,
https://www.fantasyguru.com/nfl-shedeur-sanders-the-top-qb-prospect,nfl-shedeur-sanders-the-top-qb-prospect,2025-02-15T03:55:05.000Z,QB Analysis
https://www.fantasyguru.com/nfl-travis-hunter-may-work-at-wr-at-pro-day,nfl-travis-hunter-may-work-at-wr-at-pro-day,2025-02-14T21:55:06.000Z,
https://www.fantasyguru.com/panthers-keyshawn-colmon-joins-carolinas-coaching-staff,panthers-keyshawn-colmon-joins-carolinas-coaching-staff,2025-02-14T20:55:51.000Z,
https://www.fantasyguru.com/browns-cleveland-officially-announces-coaching-changes,browns-cleveland-officially-announces-coaching-changes,2025-02-14T19:55:11.000Z,
https://www.fantasyguru.com/cowboys-tanzel-smart-lands-a-job-on-dallas-coaching-staff,cowboys-tanzel-smart-lands-a-job-on-dallas-coaching-staff,2025-02-14T19:55:11.000Z,
https://www.fantasyguru.com/jaguars-jacksonville-adds-fred-walker-to-coaching-staff,jaguars-jacksonville-adds-fred-walker-to-coaching-staff,2025-02-14T19:55:11.000Z,
https://www.fantasyguru.com/packers-jamael-lett-joins-green-bay-coaching-staff,packers-jamael-lett-joins-green-bay-coaching-staff,2025-02-14T18:55:10.000Z,
https://www.fantasyguru.com/nfl-grey-zabel-moving-up-draft-boards,nfl-grey-zabel-moving-up-draft-boards,2025-02-14T04:55:04.000Z,
https://www.fantasyguru.com/lions-tashard-choice-set-to-coach-running-backs-in-detroit,lions-tashard-choice-set-to-coach-running-backs-in-detroit,2025-02-13T18:55:05.000Z,
https://www.fantasyguru.com/nfl-travis-hunter-leaning-toward-defense,nfl-travis-hunter-leaning-toward-defense,2025-02-13T18:55:05.000Z,
https://www.fantasyguru.com/underdog-best-ball-rankings-nl-only,underdog-best-ball-rankings-nl-only,2025-02-13T18:34:41.000Z,Best Ball
https://www.fantasyguru.com/underdog-best-ball-rankings-al-only,underdog-best-ball-rankings-al-only,2025-02-13T18:14:14.000Z,Best Ball
https://www.fantasyguru.com/dynasty-ratings-update-2-12,dynasty-ratings-update-2-12,2025-02-13T04:57:43.000Z,Dynasty
https://www.fantasyguru.com/nfl-kadarius-toney-arrested,nfl-kadarius-toney-arrested,2025-02-12T20:56:01.000Z,
https://www.fantasyguru.com/nfl-shedeur-sanders-schedules-two-visits,nfl-shedeur-sanders-schedules-two-visits,2025-02-12T20:56:00.000Z,
https://www.fantasyguru.com/jets-jets-finalize-coaching-staff,jets-jets-finalize-coaching-staff,2025-02-12T00:55:04.000Z,
https://www.fantasyguru.com/nfl-matt-patricia-interview-for-college-dc-job,nfl-matt-patricia-interview-for-college-dc-job,2025-02-11T20:55:46.000Z,
https://www.fantasyguru.com/steelers-gerald-alexander-takes-coaching-job-in-pittsburgh,steelers-gerald-alexander-takes-coaching-job-in-pittsburgh,2025-02-11T19:55:06.000Z,
https://www.fantasyguru.com/lions-tyler-roehl-joining-detroits-coaching-staff,lions-tyler-roehl-joining-detroits-coaching-staff,2025-02-11T18:55:13.000Z,
https://www.fantasyguru.com/eagles-philly-cruises-to-super-bowl-title,eagles-philly-cruises-to-super-bowl-title,2025-02-10T03:55:06.000Z,
https://www.fantasyguru.com/eagles-jalen-hurts-named-super-bowl-mvp,eagles-jalen-hurts-named-super-bowl-mvp,2025-02-10T03:55:05.000Z,
https://www.fantasyguru.com/eagles-super-bowl-philadelphia-eagles-inactives,eagles-super-bowl-philadelphia-eagles-inactives,2025-02-09T22:55:06.000Z,
https://www.fantasyguru.com/chiefs-super-bowl-kansas-city-chiefs-inactives,chiefs-super-bowl-kansas-city-chiefs-inactives,2025-02-09T22:55:06.000Z,
https://www.fantasyguru.com/giants-big-blue-expected-to-be-active-in-qb-market,giants-big-blue-expected-to-be-active-in-qb-market,2025-02-09T16:55:05.000Z,QB Analysis
https://www.fantasyguru.com/eagles-two-players-elevated-for-super-bowl,eagles-two-players-elevated-for-super-bowl,2025-02-08T21:55:09.000Z,
https://www.fantasyguru.com/super-bowl-showdown-phi-vs-kc,super-bowl-showdown-phi-vs-kc,2025-02-08T16:15:36.000Z,
https://www.fantasyguru.com/nfl-shemar-stewart-making-a-name-for-himself,nfl-shemar-stewart-making-a-name-for-himself,2025-02-08T02:55:07.000Z,
https://www.fantasyguru.com/nfl-elijah-arroyo-continues-to-impress,nfl-elijah-arroyo-continues-to-impress,2025-02-08T02:55:05.000Z,
https://www.fantasyguru.com/eagles-philadelphias-injury-report-for-super-bowl-lix,eagles-philadelphias-injury-report-for-super-bowl-lix,2025-02-07T21:55:05.000Z,
https://www.fantasyguru.com/chiefs-kansas-citys-super-bowl-injury-report,chiefs-kansas-citys-super-bowl-injury-report,2025-02-07T20:55:42.000Z,
https://www.fantasyguru.com/chiefs-patrick-mahomes-ready-to-roll-for-super-bowl-lix,chiefs-patrick-mahomes-ready-to-roll-for-super-bowl-lix,2025-02-07T20:55:42.000Z,
https://www.fantasyguru.com/projecting-super-bowl-lix-gamescript,projecting-super-bowl-lix-gamescript,2025-02-07T13:52:39.000Z,
https://www.fantasyguru.com/eagles-thursday-practice-report-for-eagles-13,eagles-thursday-practice-report-for-eagles-13,2025-02-06T23:55:08.000Z,Practice Report
https://www.fantasyguru.com/2025-nfl-fantasy-billboard-fantasy-football-awards-super-bowl-lix-predictions,2025-nfl-fantasy-billboard-fantasy-football-awards-super-bowl-lix-predictions,2025-02-06T22:27:22.000Z,
https://www.fantasyguru.com/chiefs-thursday-practice-report-for-kc-2,chiefs-thursday-practice-report-for-kc-2,2025-02-06T21:55:05.000Z,Practice Report
https://www.fantasyguru.com/super-bowl-lix-staff-picks,super-bowl-lix-staff-picks,2025-02-06T20:16:38.000Z,
https://www.fantasyguru.com/nfl-ryan-grubb-headed-back-to-college,nfl-ryan-grubb-headed-back-to-college,2025-02-06T19:55:05.000Z,
https://www.fantasyguru.com/giants-jeff-burris-lands-another-nfl-coaching-gig,giants-jeff-burris-lands-another-nfl-coaching-gig,2025-02-06T18:55:11.000Z,
https://www.fantasyguru.com/dynasty-ratings-update-2-5-24,dynasty-ratings-update-2-5-24,2025-02-06T02:53:58.000Z,Dynasty
https://www.fantasyguru.com/eagles-wednesday-practice-report-for-eagles-8,eagles-wednesday-practice-report-for-eagles-8,2025-02-05T23:55:06.000Z,Practice Report
https://www.fantasyguru.com/bears-jeremy-garrett-lands-dl-coaching-gig-in-chicago,bears-jeremy-garrett-lands-dl-coaching-gig-in-chicago,2025-02-05T04:55:06.000Z,
https://www.fantasyguru.com/commanders-brian-schneider-joins-washingtons-coaching-staff,commanders-brian-schneider-joins-washingtons-coaching-staff,2025-02-04T18:55:10.000Z,
https://www.fantasyguru.com/nfl-micah-hyde-calls-it-a-career,nfl-micah-hyde-calls-it-a-career,2025-02-04T18:55:10.000Z,
https://www.fantasyguru.com/2025-fantasy-guru-super-bowl-lix-squares-contest,2025-fantasy-guru-super-bowl-lix-squares-contest,2025-02-04T16:28:04.000Z,
https://www.fantasyguru.com/bears-eric-bieniemy-added-to-coaching-staff,bears-eric-bieniemy-added-to-coaching-staff,2025-02-01T22:55:05.000Z,
https://www.fantasyguru.com/patriots-riley-larkin-joining-coaching-staff,patriots-riley-larkin-joining-coaching-staff,2025-02-01T15:55:06.000Z,
https://www.fantasyguru.com/nfl-pep-hamilton-takes-college-oc-job,nfl-pep-hamilton-takes-college-oc-job,2025-02-01T03:55:20.000Z,
https://www.fantasyguru.com/nfl-nemo-washington-lands-college-oc-gig,nfl-nemo-washington-lands-college-oc-gig,2025-02-01T03:55:20.000Z,
https://www.fantasyguru.com/chiefs-friday-practice-report-for-kansas-city,chiefs-friday-practice-report-for-kansas-city,2025-01-31T22:55:12.000Z,Practice Report
https://www.fantasyguru.com/eagles-friday-practice-report-for-eagles,eagles-friday-practice-report-for-eagles,2025-01-31T22:55:11.000Z,Practice Report
https://www.fantasyguru.com/jets-aaron-curry-joins-nyj-coaching-staff,jets-aaron-curry-joins-nyj-coaching-staff,2025-01-31T18:55:05.000Z,
https://www.fantasyguru.com/nfl-doug-pederson-has-a-chance-to-call-plays-in-2025,nfl-doug-pederson-has-a-chance-to-call-plays-in-2025,2025-01-31T04:55:05.000Z,
https://www.fantasyguru.com/eagles-brandon-graham-unsure-about-super-bowl,eagles-brandon-graham-unsure-about-super-bowl,2025-01-31T01:55:06.000Z,
https://www.fantasyguru.com/nfl-elijah-arroyo-looks-good-at-senior-bowl,nfl-elijah-arroyo-looks-good-at-senior-bowl,2025-01-31T00:55:05.000Z,
https://www.fantasyguru.com/2025-nfl-fantasy-billboard-fantasy-football-afc-championship-game-review,2025-nfl-fantasy-billboard-fantasy-football-afc-championship-game-review,2025-01-31T00:09:03.000Z,
https://www.fantasyguru.com/eagles-thursday-practice-report-for-eagles-12,eagles-thursday-practice-report-for-eagles-12,2025-01-30T23:55:06.000Z,Practice Report
https://www.fantasyguru.com/chiefs-thursday-practice-report-for-kc,chiefs-thursday-practice-report-for-kc,2025-01-30T22:55:05.000Z,Practice Report
https://www.fantasyguru.com/2025-superflex-rookie-mock-draft,2025-superflex-rookie-mock-draft,2025-01-30T04:39:33.000Z,Rookie Expectation/Profile
https://www.fantasyguru.com/bears-press-taylor-joining-coaching-staff,bears-press-taylor-joining-coaching-staff,2025-01-30T00:55:17.000Z,
https://www.fantasyguru.com/chiefs-wednesday-practice-report-for-chiefs-13,chiefs-wednesday-practice-report-for-chiefs-13,2025-01-29T21:55:10.000Z,Practice Report
https://www.fantasyguru.com/eagles-phillys-wednesday-practice-report-2,eagles-phillys-wednesday-practice-report-2,2025-01-29T21:55:09.000Z,Practice Report
https://www.fantasyguru.com/nfl-eric-bieniemy-generating-interest,nfl-eric-bieniemy-generating-interest,2025-01-29T04:55:05.000Z,
https://www.fantasyguru.com/ravens-chuck-pagano-joins-baltimores-coaching-staff,ravens-chuck-pagano-joins-baltimores-coaching-staff,2025-01-29T03:55:06.000Z,
https://www.fantasyguru.com/nfl-mike-mccarthy-wont-coach-in-2025,nfl-mike-mccarthy-wont-coach-in-2025,2025-01-29T03:55:06.000Z,
https://www.fantasyguru.com/dolphins-craig-aukerman-joins-miamis-coaching-staff,dolphins-craig-aukerman-joins-miamis-coaching-staff,2025-01-28T18:55:06.000Z,
https://www.fantasyguru.com/titans-tony-oden-joins-coaching-staff,titans-tony-oden-joins-coaching-staff,2025-01-27T23:55:14.000Z,
https://www.fantasyguru.com/chiefs-kansas-city-advances-to-super-bowl-lix,chiefs-kansas-city-advances-to-super-bowl-lix,2025-01-27T03:55:05.000Z,
https://www.fantasyguru.com/nfl-chip-kelly-in-demand-for-oc-needy-teams,nfl-chip-kelly-in-demand-for-oc-needy-teams,2025-01-26T04:55:05.000Z,
https://www.fantasyguru.com/2025-nfl-fantasy-billboard-fantasy-football-referees-favor-mahomes,2025-nfl-fantasy-billboard-fantasy-football-referees-favor-mahomes,2025-01-25T17:51:45.000Z,
https://www.fantasyguru.com/nfl-xavier-watts-turning-pro,nfl-xavier-watts-turning-pro,2025-01-25T14:55:05.000Z,
https://www.fantasyguru.com/nfl-emeka-egbuka-turning-pro,nfl-emeka-egbuka-turning-pro,2025-01-25T03:55:06.000Z,
https://www.fantasyguru.com/saints-new-orleans-set-to-ramp-up-coaching-interviews,saints-new-orleans-set-to-ramp-up-coaching-interviews,2025-01-25T03:55:05.000Z,
https://www.fantasyguru.com/dolphins-robert-prince-joining-coaching-staff,dolphins-robert-prince-joining-coaching-staff,2025-01-24T22:55:05.000Z,
https://www.fantasyguru.com/nfl-thomas-hammock-generating-interest,nfl-thomas-hammock-generating-interest,2025-01-24T20:55:04.000Z,
https://www.fantasyguru.com/patriots-new-england-adds-ashton-grant-to-coaching-staff,patriots-new-england-adds-ashton-grant-to-coaching-staff,2025-01-24T04:55:05.000Z,
https://www.fantasyguru.com/eagles-thursday-practice-report-for-eagles-11,eagles-thursday-practice-report-for-eagles-11,2025-01-23T23:55:05.000Z,Practice Report
https://www.fantasyguru.com/chiefs-thursday-practice-report-for-chiefs-3,chiefs-thursday-practice-report-for-chiefs-3,2025-01-23T22:55:06.000Z,Practice Report
https://www.fantasyguru.com/commanders-thursday-practice-report-for-was-4,commanders-thursday-practice-report-for-was-4,2025-01-23T21:55:05.000Z,Practice Report
https://www.fantasyguru.com/dynasty-ratings-update-1-22-24,dynasty-ratings-update-1-22-24,2025-01-23T00:27:58.000Z,Dynasty
https://www.fantasyguru.com/eagles-wednesday-practice-report-for-eagles-7,eagles-wednesday-practice-report-for-eagles-7,2025-01-22T23:55:08.000Z,Practice Report
https://www.fantasyguru.com/commanders-wednesday-practice-report-for-commanders-9,commanders-wednesday-practice-report-for-commanders-9,2025-01-22T22:55:06.000Z,Practice Report
https://www.fantasyguru.com/chiefs-wednesday-practice-report-for-chiefs-12,chiefs-wednesday-practice-report-for-chiefs-12,2025-01-22T22:55:06.000Z,Practice Report
https://www.fantasyguru.com/bills-buffalos-wednesday-practice-report-2,bills-buffalos-wednesday-practice-report-2,2025-01-22T20:55:06.000Z,Practice Report
https://www.fantasyguru.com/nfl-trevor-etienne-declares-for-draft,nfl-trevor-etienne-declares-for-draft,2025-01-17T03:55:05.000Z,
https://www.fantasyguru.com/rams-thursday-practice-report-for-rams-11,rams-thursday-practice-report-for-rams-11,2025-01-17T00:55:06.000Z,Practice Report
https://www.fantasyguru.com/eagles-thursday-practice-report-for-philly-2,eagles-thursday-practice-report-for-philly-2,2025-01-16T23:55:08.000Z,Practice Report
https://www.fantasyguru.com/ravens-thursday-practice-report-for-ravens-4,ravens-thursday-practice-report-for-ravens-4,2025-01-16T22:55:09.000Z,Practice Report
https://www.fantasyguru.com/lions-division-round-practice-report-for-lions,lions-division-round-practice-report-for-lions,2025-01-16T21:55:11.000Z,Practice Report
https://www.fantasyguru.com/bills-thursday-practice-report-for-bills-3,bills-thursday-practice-report-for-bills-3,2025-01-16T21:55:09.000Z,Practice Report
https://www.fantasyguru.com/2025-nfl-fantasy-billboard-fantasy-football-preseason-prediction-grades,2025-nfl-fantasy-billboard-fantasy-football-preseason-prediction-grades,2025-01-16T19:48:28.000Z,
https://www.fantasyguru.com/nfl-james-pearce-jr-entering-draft,nfl-james-pearce-jr-entering-draft,2025-01-16T13:55:05.000Z,
https://www.fantasyguru.com/dynasty-ratings-update-1-15-24,dynasty-ratings-update-1-15-24,2025-01-16T00:31:50.000Z,Dynasty
https://www.fantasyguru.com/eagles-wednesday-practice-report-for-eagles-6,eagles-wednesday-practice-report-for-eagles-6,2025-01-15T23:55:16.000Z,Practice Report
https://www.fantasyguru.com/rams-wednesday-practice-report-for-rams-14,rams-wednesday-practice-report-for-rams-14,2025-01-15T23:55:14.000Z,Practice Report
https://www.fantasyguru.com/chiefs-wednesday-practice-report-for-chiefs-11,chiefs-wednesday-practice-report-for-chiefs-11,2025-01-15T22:55:13.000Z,Practice Report
https://www.fantasyguru.com/texans-wednesday-practice-report-for-texans-9,texans-wednesday-practice-report-for-texans-9,2025-01-15T22:55:12.000Z,Practice Report
https://www.fantasyguru.com/commanders-wednesday-practice-report-for-was-11,commanders-wednesday-practice-report-for-was-11,2025-01-15T21:55:11.000Z,Practice Report
https://www.fantasyguru.com/lions-wednesday-practice-report-for-lions-5,lions-wednesday-practice-report-for-lions-5,2025-01-15T21:55:10.000Z,Practice Report
https://www.fantasyguru.com/ravens-wednesday-practice-report-for-ravens-9,ravens-wednesday-practice-report-for-ravens-9,2025-01-15T21:55:09.000Z,Practice Report
https://www.fantasyguru.com/bills-wednesday-practice-report-for-bills-5,bills-wednesday-practice-report-for-bills-5,2025-01-15T20:55:06.000Z,Practice Report
https://www.fantasyguru.com/nfl-quinn-ewers-entering-draft,nfl-quinn-ewers-entering-draft,2025-01-15T17:55:05.000Z,
https://www.fantasyguru.com/nfl-kwaun-williams-likely-to-hang-up-his-cleats,nfl-kwaun-williams-likely-to-hang-up-his-cleats,2025-01-15T03:55:19.000Z,
https://www.fantasyguru.com/chiefs-tuesday-practice-report-for-chiefs-3,chiefs-tuesday-practice-report-for-chiefs-3,2025-01-15T00:55:18.000Z,Practice Report
https://www.fantasyguru.com/texans-tuesday-practice-report-for-texans-3,texans-tuesday-practice-report-for-texans-3,2025-01-14T23:55:14.000Z,Practice Report
https://www.fantasyguru.com/lions-tuesday-practice-report-for-detroit,lions-tuesday-practice-report-for-detroit,2025-01-14T22:55:14.000Z,Practice Report
https://www.fantasyguru.com/commanders-tuesday-practice-report-for-washington,commanders-tuesday-practice-report-for-washington,2025-01-14T22:55:13.000Z,Practice Report
https://www.fantasyguru.com/nfl-tyler-warren-turning-pro,nfl-tyler-warren-turning-pro,2025-01-14T20:55:06.000Z,
https://www.fantasyguru.com/cowboys-kellen-moore-a-head-coaching-candidate,cowboys-kellen-moore-a-head-coaching-candidate,2025-01-14T06:55:21.000Z,
https://www.fantasyguru.com/nfl-seven-veterans-become-fas,nfl-seven-veterans-become-fas,2025-01-13T15:55:06.000Z,
https://www.fantasyguru.com/rams-friday-practice-report-for-rams-2,rams-friday-practice-report-for-rams-2,2025-01-10T23:55:06.000Z,Practice Report
https://www.fantasyguru.com/vikings-friday-practice-report-for-vikings,vikings-friday-practice-report-for-vikings,2025-01-10T22:55:09.000Z,Practice Report
https://www.fantasyguru.com/nfl-kyle-mccord-headed-to-the-nfl,nfl-kyle-mccord-headed-to-the-nfl,2025-01-10T19:55:05.000Z,
https://www.fantasyguru.com/cardinals-marvin-harrison-jr-busy-in-the-red-zone,cardinals-marvin-harrison-jr-busy-in-the-red-zone,2025-01-10T04:55:07.000Z,
https://www.fantasyguru.com/rams-thursday-practice-report-for-rams-10,rams-thursday-practice-report-for-rams-10,2025-01-10T00:55:05.000Z,Practice Report
https://www.fantasyguru.com/vikings-thursday-practice-report-for-vikings-6,vikings-thursday-practice-report-for-vikings-6,2025-01-09T23:55:13.000Z,Practice Report
https://www.fantasyguru.com/broncos-thursday-practice-report-for-broncos-6,broncos-thursday-practice-report-for-broncos-6,2025-01-09T23:55:13.000Z,Practice Report
https://www.fantasyguru.com/eagles-thursday-practice-report-for-eagles-10,eagles-thursday-practice-report-for-eagles-10,2025-01-09T23:55:11.000Z,Practice Report
https://www.fantasyguru.com/packers-thursday-practice-report-for-gb-4,packers-thursday-practice-report-for-gb-4,2025-01-09T23:55:09.000Z,Practice Report
https://www.fantasyguru.com/buccaneers-thursday-practice-report-for-bucs-3,buccaneers-thursday-practice-report-for-bucs-3,2025-01-09T22:55:11.000Z,Practice Report
https://www.fantasyguru.com/commanders-washingtons-thursday-practice-report-2,commanders-washingtons-thursday-practice-report-2,2025-01-09T21:55:11.000Z,Practice Report
https://www.fantasyguru.com/bills-thursdays-practice-report-for-buffalo-2,bills-thursdays-practice-report-for-buffalo-2,2025-01-09T20:55:08.000Z,Practice Report
https://www.fantasyguru.com/2025-nfl-fantasy-billboard-10-fantasy-football-players-never-draft-again,2025-nfl-fantasy-billboard-10-fantasy-football-players-never-draft-again,2025-01-09T20:21:43.000Z,
https://www.fantasyguru.com/nfl-bill-belichick-has-no-intention-of-returning-to-nfl,nfl-bill-belichick-has-no-intention-of-returning-to-nfl,2025-01-09T18:55:07.000Z,
https://www.fantasyguru.com/2024-season-red-zone-stats,2024-season-red-zone-stats,2025-01-09T18:44:33.000Z,
https://www.fantasyguru.com/2024-season-snap-counts-usage,2024-season-snap-counts-usage,2025-01-09T18:25:30.000Z,
https://www.fantasyguru.com/bears-anthony-weaver-interviews-for-coaching-job,bears-anthony-weaver-interviews-for-coaching-job,2025-01-09T17:55:07.000Z,
https://www.fantasyguru.com/dynasty-ratings-update-1-9-24,dynasty-ratings-update-1-9-24,2025-01-09T13:09:22.000Z,Dynasty
https://www.fantasyguru.com/2024-nfl-scoring-trends-preview-updated,2024-nfl-scoring-trends-preview-updated,2025-01-09T12:34:34.000Z,
https://www.fantasyguru.com/packers-wednesday-practice-report-for-packers-9,packers-wednesday-practice-report-for-packers-9,2025-01-09T00:55:08.000Z,Practice Report
https://www.fantasyguru.com/chargers-wednesday-practice-report-for-chargers-7,chargers-wednesday-practice-report-for-chargers-7,2025-01-09T00:55:07.000Z,Practice Report
https://www.fantasyguru.com/nfl-justin-bethel-retiring,nfl-justin-bethel-retiring,2025-01-09T00:55:07.000Z,
https://www.fantasyguru.com/eagles-wednesday-practice-report-for-eagles-5,eagles-wednesday-practice-report-for-eagles-5,2025-01-08T23:55:09.000Z,Practice Report
https://www.fantasyguru.com/broncos-denvers-wednesday-practice-report-4,broncos-denvers-wednesday-practice-report-4,2025-01-08T23:55:08.000Z,Practice Report
https://www.fantasyguru.com/texans-wednesday-practice-report-for-texans-8,texans-wednesday-practice-report-for-texans-8,2025-01-08T23:55:07.000Z,Practice Report
https://www.fantasyguru.com/buccaneers-wednesday-practice-report-for-bucs-14,buccaneers-wednesday-practice-report-for-bucs-14,2025-01-08T22:55:06.000Z,Practice Report
https://www.fantasyguru.com/ravens-wednesday-practice-report-for-ravens-8,ravens-wednesday-practice-report-for-ravens-8,2025-01-08T22:55:05.000Z,Practice Report
https://www.fantasyguru.com/commanders-wednesday-practice-report-for-commanders-8,commanders-wednesday-practice-report-for-commanders-8,2025-01-08T21:55:11.000Z,Practice Report
https://www.fantasyguru.com/steelers-wednesday-practice-report-for-pit,steelers-wednesday-practice-report-for-pit,2025-01-08T21:55:10.000Z,Practice Report
https://www.fantasyguru.com/targets-and-touches-season-review-2,targets-and-touches-season-review-2,2025-01-08T03:49:15.000Z,Targets & Touches
https://www.fantasyguru.com/ravens-tuesday-practice-report-for-ravens-3,ravens-tuesday-practice-report-for-ravens-3,2025-01-07T23:55:11.000Z,Practice Report
https://www.fantasyguru.com/texans-tuesday-practice-report-for-texans-2,texans-tuesday-practice-report-for-texans-2,2025-01-07T23:55:10.000Z,Practice Report
https://www.fantasyguru.com/steelers-tuesday-practice-report-for-steelers-2,steelers-tuesday-practice-report-for-steelers-2,2025-01-07T23:55:09.000Z,Practice Report
https://www.fantasyguru.com/chargers-tuesday-practice-report-for-chargers-2,chargers-tuesday-practice-report-for-chargers-2,2025-01-07T22:55:07.000Z,Practice Report
https://www.fantasyguru.com/drafters-playoff-best-ball-rankings-2025,drafters-playoff-best-ball-rankings-2025,2025-01-07T20:19:54.000Z,Best Ball
https://www.fantasyguru.com/raiders-brock-bowers-tops-all-tight-ends,raiders-brock-bowers-tops-all-tight-ends,2025-01-07T03:55:07.000Z,
https://www.fantasyguru.com/nfl-dfs-cash-game-review-week-18-2025,nfl-dfs-cash-game-review-week-18-2025,2025-01-06T23:26:23.000Z,NFL DFS Breakdown
https://www.fantasyguru.com/giants-kayvon-thibodaux-gets-to-quarterback,giants-kayvon-thibodaux-gets-to-quarterback,2025-01-06T02:55:23.000Z,QB Analysis
https://www.fantasyguru.com/2024-nfl-injury-report-week-18,2024-nfl-injury-report-week-18,2025-01-05T16:07:15.000Z,
https://www.fantasyguru.com/nfl-dfs-wr-coach-week-18-2024,nfl-dfs-wr-coach-week-18-2024,2025-01-05T14:07:18.000Z,NFL DFS Breakdown
https://www.fantasyguru.com/jeff-mans-dfs-nfl-cash-game-breakdown-week-18-2024,jeff-mans-dfs-nfl-cash-game-breakdown-week-18-2024,2025-01-05T07:36:15.000Z,NFL DFS Breakdown
https://www.fantasyguru.com/nfl-gpp-breakdown-week-18-2025,nfl-gpp-breakdown-week-18-2025,2025-01-04T22:30:44.000Z,
https://www.fantasyguru.com/raiders-raiders-elevate-tight-end,raiders-raiders-elevate-tight-end,2025-01-04T20:55:07.000Z,
https://www.fantasyguru.com/nfl-core-4-dfs-livestream-recap-jan-3-2025,nfl-core-4-dfs-livestream-recap-jan-3-2025,2025-01-04T17:12:29.000Z,Podcast/Livestream
https://www.fantasyguru.com/2024-week-18-nfl-gameday-matchups,2024-week-18-nfl-gameday-matchups,2025-01-04T13:44:21.000Z,
https://www.fantasyguru.com/seahawks-thursday-practice-report-for-seahawks-13,seahawks-thursday-practice-report-for-seahawks-13,2025-01-03T00:55:16.000Z,Practice Report
https://www.fantasyguru.com/rams-thursday-practice-report-for-rams-9,rams-thursday-practice-report-for-rams-9,2025-01-03T00:55:15.000Z,Practice Report
https://www.fantasyguru.com/49ers-thursday-practice-report-for-49ers-14,49ers-thursday-practice-report-for-49ers-14,2025-01-03T00:55:13.000Z,Practice Report
https://www.fantasyguru.com/cardinals-arizonas-thursday-practice-report-4,cardinals-arizonas-thursday-practice-report-4,2025-01-02T23:55:11.000Z,Practice Report
https://www.fantasyguru.com/jets-thursday-practice-report-for-jets-6,jets-thursday-practice-report-for-jets-6,2025-01-02T23:55:10.000Z,Practice Report
https://www.fantasyguru.com/dolphins-thursday-practice-report-for-dolphins-8,dolphins-thursday-practice-report-for-dolphins-8,2025-01-02T23:55:09.000Z,Practice Report
https://www.fantasyguru.com/chargers-thursday-practice-report-for-chargers-6,chargers-thursday-practice-report-for-chargers-6,2025-01-02T23:55:05.000Z,Practice Report
https://www.fantasyguru.com/buccaneers-thursday-practice-report-for-tb-2,buccaneers-thursday-practice-report-for-tb-2,2025-01-02T22:55:05.000Z,Practice Report
https://www.fantasyguru.com/patriots-thursday-practice-report-for-patriots-7,patriots-thursday-practice-report-for-patriots-7,2025-01-02T21:55:07.000Z,Practice Report
https://www.fantasyguru.com/bears-chicagos-practice-report-for-thursday-2,bears-chicagos-practice-report-for-thursday-2,2025-01-02T20:55:08.000Z,Practice Report
https://www.fantasyguru.com/nfl-jalen-milroe-declares-for-the-draft,nfl-jalen-milroe-declares-for-the-draft,2025-01-02T20:55:07.000Z,
https://www.fantasyguru.com/giants-thursdays-practice-report-for-ny-giants-6,giants-thursdays-practice-report-for-ny-giants-6,2025-01-02T20:55:06.000Z,Practice Report
https://www.fantasyguru.com/2025-nfl-fantasy-billboard-fantasy-football-right-moves,2025-nfl-fantasy-billboard-fantasy-football-right-moves,2025-01-02T20:33:39.000Z,
https://www.fantasyguru.com/bills-buffalos-practice-report-for-thursday-3,bills-buffalos-practice-report-for-thursday-3,2025-01-02T19:55:06.000Z,Practice Report
https://www.fantasyguru.com/browns-cleveland-to-prioritize-veteran-qb-this-offseason,browns-cleveland-to-prioritize-veteran-qb-this-offseason,2025-01-02T19:00:10.000Z,QB Analysis
https://www.fantasyguru.com/2024-nfl-milestones-contract-incentives-week-18,2024-nfl-milestones-contract-incentives-week-18,2025-01-02T18:37:49.000Z,
https://www.fantasyguru.com/2024-red-zone-review-after-week-17,2024-red-zone-review-after-week-17,2025-01-02T17:51:19.000Z,
https://www.fantasyguru.com/snap-counts-amp-usage-from-week-17-2024,snap-counts-amp-usage-from-week-17-2024,2025-01-02T17:17:50.000Z,
https://www.fantasyguru.com/saints-wednesday-practice-report-for-saints-12,saints-wednesday-practice-report-for-saints-12,2025-01-02T02:55:07.000Z,Practice Report
https://www.fantasyguru.com/49ers-san-franciscos-wednesday-practice-report,49ers-san-franciscos-wednesday-practice-report,2025-01-02T02:55:05.000Z,Practice Report
https://www.fantasyguru.com/dynasty-ratings-update-2025-rookie-rankings,dynasty-ratings-update-2025-rookie-rankings,2025-01-02T01:58:58.000Z,Rookie Expectation/Profile
https://www.fantasyguru.com/titans-wednesday-practice-report-for-ten,titans-wednesday-practice-report-for-ten,2025-01-02T01:55:09.000Z,Practice Report
https://www.fantasyguru.com/buccaneers-wednesday-practice-report-for-bucs-13,buccaneers-wednesday-practice-report-for-bucs-13,2025-01-02T01:55:08.000Z,Practice Report
https://www.fantasyguru.com/chargers-wednesday-practice-report-for-chargers-6,chargers-wednesday-practice-report-for-chargers-6,2025-01-02T01:55:07.000Z,Practice Report
https://www.fantasyguru.com/rams-wednesday-practice-report-for-rams-13,rams-wednesday-practice-report-for-rams-13,2025-01-02T01:55:06.000Z,Practice Report
https://www.fantasyguru.com/browns-wednesday-practice-report-for-browns-13,browns-wednesday-practice-report-for-browns-13,2025-01-02T00:55:07.000Z,Practice Report
https://www.fantasyguru.com/texans-wednesday-practice-report-for-texans-7,texans-wednesday-practice-report-for-texans-7,2025-01-02T00:55:06.000Z,Practice Report
https://www.fantasyguru.com/raiders-wednesday-practice-report-for-vegasraiders-wednesday-practice-report-for-vegas,raiders-wednesday-practice-report-for-vegasraiders-wednesday-practice-report-for-vegas,2025-01-02T00:55:05.000Z,Practice Report
https://www.fantasyguru.com/steelers-wednesday-practice-report-for-steelers-9,steelers-wednesday-practice-report-for-steelers-9,2025-01-01T23:55:10.000Z,Practice Report
https://www.fantasyguru.com/bengals-wednesday-practice-report-for-bengals-9,bengals-wednesday-practice-report-for-bengals-9,2025-01-01T23:55:08.000Z,Practice Report
https://www.fantasyguru.com/cardinals-arizonas-wednesday-practice-report-4,cardinals-arizonas-wednesday-practice-report-4,2025-01-01T23:55:08.000Z,Practice Report
https://www.fantasyguru.com/patriots-wednesday-practice-report-for-patriots-12,patriots-wednesday-practice-report-for-patriots-12,2025-01-01T22:55:13.000Z,Practice Report
https://www.fantasyguru.com/broncos-wednesday-practice-report-for-broncos-7,broncos-wednesday-practice-report-for-broncos-7,2025-01-01T22:55:13.000Z,Practice Report
https://www.fantasyguru.com/ravens-wednesday-practice-report-for-ravens-7,ravens-wednesday-practice-report-for-ravens-7,2025-01-01T22:55:12.000Z,Practice Report
https://www.fantasyguru.com/colts-wednesday-practice-report-for-colts-11,colts-wednesday-practice-report-for-colts-11,2025-01-01T21:55:11.000Z,Practice Report
https://www.fantasyguru.com/falcons-atlantas-wednesday-practice-report-3,falcons-atlantas-wednesday-practice-report-3,2025-01-01T21:55:10.000Z,Practice Report
https://www.fantasyguru.com/lions-wednesday-practice-report-for-lions-4,lions-wednesday-practice-report-for-lions-4,2025-01-01T21:55:10.000Z,Practice Report
https://www.fantasyguru.com/jaguars-wednesday-practice-report-for-jaguars-11,jaguars-wednesday-practice-report-for-jaguars-11,2025-01-01T21:55:09.000Z,Practice Report
https://www.fantasyguru.com/giants-wednesday-practice-report-for-giants-7,giants-wednesday-practice-report-for-giants-7,2025-01-01T20:55:08.000Z,Practice Report
https://www.fantasyguru.com/packers-wednesday-practice-report-for-packers-8,packers-wednesday-practice-report-for-packers-8,2025-01-01T20:55:06.000Z,Practice Report
https://www.fantasyguru.com/nfl-dfs-contest-selection-week-18-2025,nfl-dfs-contest-selection-week-18-2025,2025-01-01T18:17:45.000Z,NFL DFS Breakdown
https://www.fantasyguru.com/targets-and-touches-week-17-4,targets-and-touches-week-17-4,2025-01-01T04:27:51.000Z,Targets & Touches
https://www.fantasyguru.com/browns-tuesday-practice-report-for-browns,browns-tuesday-practice-report-for-browns,2024-12-31T23:55:15.000Z,Practice Report
https://www.fantasyguru.com/2024-qb-coach-week-18,2024-qb-coach-week-18,2024-12-31T23:26:30.000Z,QB Analysis
https://www.fantasyguru.com/ravens-tuesday-practice-report-for-ravens-2,ravens-tuesday-practice-report-for-ravens-2,2024-12-31T22:55:12.000Z,Practice Report
https://www.fantasyguru.com/bengals-cincinnatis-tuesday-practice-report,bengals-cincinnatis-tuesday-practice-report,2024-12-31T21:55:09.000Z,Practice Report
https://www.fantasyguru.com/steelers-pittsburghs-practice-report-for-tuesday,steelers-pittsburghs-practice-report-for-tuesday,2024-12-31T20:55:07.000Z,Practice Report
https://www.fantasyguru.com/nfl-jon-gruden-likely-to-get-some-head-coaching-interviews,nfl-jon-gruden-likely-to-get-some-head-coaching-interviews,2024-12-31T19:00:12.000Z,
https://www.fantasyguru.com/nfl-dfs-cash-game-review-week-17-2025,nfl-dfs-cash-game-review-week-17-2025,2024-12-31T13:10:34.000Z,NFL DFS Breakdown
https://www.fantasyguru.com/nfl-dfs-cash-game-review-week-16-2024,nfl-dfs-cash-game-review-week-16-2024,2024-12-30T20:44:36.000Z,NFL DFS Breakdown
https://www.fantasyguru.com/falcons-michael-penix-jr-throws-first-nfl-td,falcons-michael-penix-jr-throws-first-nfl-td,2024-12-30T05:55:06.000Z,
https://www.fantasyguru.com/bills-tyrell-shavers-makes-first-nfl-catch-a-memorable-one,bills-tyrell-shavers-makes-first-nfl-catch-a-memorable-one,2024-12-30T05:55:06.000Z,
https://www.fantasyguru.com/nfl-gpp-breakdown-week-17-2024,nfl-gpp-breakdown-week-17-2024,2024-12-29T15:23:00.000Z,
https://www.fantasyguru.com/jeff-mans-dfs-nfl-cash-game-breakdown-week-17-2024,jeff-mans-dfs-nfl-cash-game-breakdown-week-17-2024,2024-12-29T08:54:33.000Z,NFL DFS Breakdown
https://www.fantasyguru.com/2024-nfl-injury-report-week-17,2024-nfl-injury-report-week-17,2024-12-28T21:17:40.000Z,
https://www.fantasyguru.com/nfl-core-4-dfs-livestream-recap-dec-27-2024,nfl-core-4-dfs-livestream-recap-dec-27-2024,2024-12-28T17:59:34.000Z,Podcast/Livestream
https://www.fantasyguru.com/nfl-carson-beck-declares-for-draft,nfl-carson-beck-declares-for-draft,2024-12-28T17:55:06.000Z,
https://www.fantasyguru.com/nfl-jaxson-dart-declares-for-draft,nfl-jaxson-dart-declares-for-draft,2024-12-28T17:55:06.000Z,
https://www.fantasyguru.com/nfl-gpp-breakdown-week-16-2024,nfl-gpp-breakdown-week-16-2024,2024-12-28T15:37:49.000Z,
https://www.fantasyguru.com/2024-week-17-nfl-gameday-matchups,2024-week-17-nfl-gameday-matchups,2024-12-28T02:46:33.000Z,
https://www.fantasyguru.com/49ers-friday-practice-report-for-49ers-2,49ers-friday-practice-report-for-49ers-2,2024-12-27T23:55:08.000Z,Practice Report
https://www.fantasyguru.com/clays-corner-2025-dynasty-rookie-rankings,clays-corner-2025-dynasty-rookie-rankings,2024-12-27T23:06:39.000Z,Rookie Expectation/Profile
https://www.fantasyguru.com/colts-wednesday-practice-report-for-colts-10,colts-wednesday-practice-report-for-colts-10,2024-12-27T22:55:08.000Z,Practice Report
https://www.fantasyguru.com/49ers-thursday-practice-report-for-49ers-13,49ers-thursday-practice-report-for-49ers-13,2024-12-27T00:55:05.000Z,Practice Report
https://www.fantasyguru.com/eagles-thursday-practice-report-for-philly,eagles-thursday-practice-report-for-philly,2024-12-26T23:55:10.000Z,Practice Report
https://www.fantasyguru.com/cowboys-thursday-practice-report-for-cowboys-9,cowboys-thursday-practice-report-for-cowboys-9,2024-12-26T23:55:06.000Z,Practice Report
https://www.fantasyguru.com/nfl-dfs-wr-coach-week-17-2024,nfl-dfs-wr-coach-week-17-2024,2024-12-26T23:48:32.000Z,NFL DFS Breakdown
https://www.fantasyguru.com/2024-nfl-weekly-streamers-week-17,2024-nfl-weekly-streamers-week-17,2024-12-26T23:02:55.000Z,
https://www.fantasyguru.com/titans-titans-thursday-practice-report-2,titans-titans-thursday-practice-report-2,2024-12-26T22:55:11.000Z,Practice Report
https://www.fantasyguru.com/commanders-thursday-practice-report-for-commanders-5,commanders-thursday-practice-report-for-commanders-5,2024-12-26T21:55:12.000Z,Practice Report
https://www.fantasyguru.com/dolphins-miamis-thursday-practice-report,dolphins-miamis-thursday-practice-report,2024-12-26T21:55:10.000Z,Practice Report
https://www.fantasyguru.com/panthers-thursday-practice-report-for-panthers,panthers-thursday-practice-report-for-panthers,2024-12-26T20:55:10.000Z,Practice Report
https://www.fantasyguru.com/bills-thursday-practice-report-for-bills-2,bills-thursday-practice-report-for-bills-2,2024-12-26T20:55:08.000Z,Practice Report
https://www.fantasyguru.com/snap-counts-amp-usage-from-week-16-2024,snap-counts-amp-usage-from-week-16-2024,2024-12-26T19:16:00.000Z,
https://www.fantasyguru.com/2024-red-zone-review-after-week-16,2024-red-zone-review-after-week-16,2024-12-26T19:04:08.000Z,
https://www.fantasyguru.com/nfl-dfs-contest-selection-week-17-2024,nfl-dfs-contest-selection-week-17-2024,2024-12-26T18:34:19.000Z,NFL DFS Breakdown
https://www.fantasyguru.com/browns-wednesday-practice-report-for-browns-12,browns-wednesday-practice-report-for-browns-12,2024-12-26T00:55:07.000Z,Practice Report
https://www.fantasyguru.com/cardinals-wednesday-practice-report-for-cards-3,cardinals-wednesday-practice-report-for-cards-3,2024-12-26T00:55:05.000Z,Practice Report
https://www.fantasyguru.com/broncos-denvers-wednesday-practice-report-3,broncos-denvers-wednesday-practice-report-3,2024-12-25T23:55:10.000Z,Practice Report
https://www.fantasyguru.com/dolphins-wednesday-practice-report-for-dolphins-8,dolphins-wednesday-practice-report-for-dolphins-8,2024-12-25T23:55:09.000Z,Practice Report
https://www.fantasyguru.com/bengals-wednesday-practice-report-for-bengals-8,bengals-wednesday-practice-report-for-bengals-8,2024-12-25T23:55:08.000Z,Practice Report
https://www.fantasyguru.com/saints-new-orleans-wednesday-practice-report,saints-new-orleans-wednesday-practice-report,2024-12-25T23:55:07.000Z,Practice Report
https://www.fantasyguru.com/falcons-wednesday-practice-report-for-falcons-6,falcons-wednesday-practice-report-for-falcons-6,2024-12-25T22:55:09.000Z,Practice Report
https://www.fantasyguru.com/packers-wednesday-practice-report-for-packers-7,packers-wednesday-practice-report-for-packers-7,2024-12-25T22:55:08.000Z,Practice Report
https://www.fantasyguru.com/commanders-wednesday-practice-report-for-was-10,commanders-wednesday-practice-report-for-was-10,2024-12-25T21:55:07.000Z,Practice Report
https://www.fantasyguru.com/patriots-wednesday-practice-report-for-patriots-11,patriots-wednesday-practice-report-for-patriots-11,2024-12-25T21:55:07.000Z,Practice Report
https://www.fantasyguru.com/raiders-vegas-wednesday-practice-report,raiders-vegas-wednesday-practice-report,2024-12-25T21:55:06.000Z,Practice Report
https://www.fantasyguru.com/jets-wednesday-practice-report-for-jets-8,jets-wednesday-practice-report-for-jets-8,2024-12-25T21:55:05.000Z,Practice Report
https://www.fantasyguru.com/colts-wednesday-practice-report-for-colts-9,colts-wednesday-practice-report-for-colts-9,2024-12-25T20:55:07.000Z,Practice Report
https://www.fantasyguru.com/vikings-wednesday-practice-report-for-vikings-5,vikings-wednesday-practice-report-for-vikings-5,2024-12-25T20:55:06.000Z,Practice Report
https://www.fantasyguru.com/buccaneers-wednesday-practice-report-for-bucs-12,buccaneers-wednesday-practice-report-for-bucs-12,2024-12-25T19:00:09.000Z,Practice Report
https://www.fantasyguru.com/2024-qb-coach-week-17,2024-qb-coach-week-17,2024-12-25T15:34:10.000Z,QB Analysis
https://www.fantasyguru.com/nfl-roderic-teamers-suspension-ends,nfl-roderic-teamers-suspension-ends,2024-12-25T01:55:05.000Z,
https://www.fantasyguru.com/broncos-denvers-tuesday-practice-report,broncos-denvers-tuesday-practice-report,2024-12-25T00:55:06.000Z,Practice Report
https://www.fantasyguru.com/dynasty-ratings-update-12-24-24,dynasty-ratings-update-12-24-24,2024-12-25T00:51:37.000Z,Dynasty
https://www.fantasyguru.com/bears-tuesday-practice-report-for-bears,bears-tuesday-practice-report-for-bears,2024-12-24T23:55:10.000Z,Practice Report
https://www.fantasyguru.com/chargers-tuesday-practice-report-for-chargers,chargers-tuesday-practice-report-for-chargers,2024-12-24T23:55:07.000Z,Practice Report
https://www.fantasyguru.com/patriots-tuesday-practice-report-for-patriots,patriots-tuesday-practice-report-for-patriots,2024-12-24T23:55:06.000Z,Practice Report
https://www.fantasyguru.com/bengals-tuesday-practice-report-for-bengals,bengals-tuesday-practice-report-for-bengals,2024-12-24T22:55:06.000Z,Practice Report
https://www.fantasyguru.com/targets-and-touches-week-16-4,targets-and-touches-week-16-4,2024-12-24T22:13:22.000Z,Targets & Touches
https://www.fantasyguru.com/2024-idp-leagues-week-16-performers-week-17-waiver-wire-targets,2024-idp-leagues-week-16-performers-week-17-waiver-wire-targets,2024-12-24T21:06:32.000Z,Waiver Wire
https://www.fantasyguru.com/2024-nfl-fantasy-billboard-fantasy-football-coal,2024-nfl-fantasy-billboard-fantasy-football-coal,2024-12-24T04:54:52.000Z,
https://www.fantasyguru.com/chiefs-monday-practice-report-for-chiefs-2,chiefs-monday-practice-report-for-chiefs-2,2024-12-23T23:55:11.000Z,Practice Report
https://www.fantasyguru.com/ravens-monday-practice-report-for-ravens-2,ravens-monday-practice-report-for-ravens-2,2024-12-23T23:55:10.000Z,Practice Report
https://www.fantasyguru.com/texans-monday-practice-report-for-texans-2,texans-monday-practice-report-for-texans-2,2024-12-23T23:55:09.000Z,Practice Report
https://www.fantasyguru.com/seahawks-monday-practice-report-for-seahawks-3,seahawks-monday-practice-report-for-seahawks-3,2024-12-23T22:55:07.000Z,Practice Report
https://www.fantasyguru.com/bears-monday-practice-report-for-bears,bears-monday-practice-report-for-bears,2024-12-23T22:55:07.000Z,Practice Report
https://www.fantasyguru.com/steelers-monday-practice-report-for-steelers,steelers-monday-practice-report-for-steelers,2024-12-23T21:55:07.000Z,Practice Report
https://www.fantasyguru.com/bengals-kris-jenkins-gets-to-quarterback-twice,bengals-kris-jenkins-gets-to-quarterback-twice,2024-12-22T22:55:14.000Z,QB Analysis
https://www.fantasyguru.com/chiefs-sunday-practice-report-for-kc,chiefs-sunday-practice-report-for-kc,2024-12-22T22:55:11.000Z,Practice Report
https://www.fantasyguru.com/texans-sunday-practice-report-for-texans,texans-sunday-practice-report-for-texans,2024-12-22T21:55:12.000Z,Practice Report
https://www.fantasyguru.com/steelers-sunday-practice-report-for-steelers,steelers-sunday-practice-report-for-steelers,2024-12-22T21:55:10.000Z,Practice Report
https://www.fantasyguru.com/nfl-dfs-wr-coach-week-16-2024,nfl-dfs-wr-coach-week-16-2024,2024-12-22T16:08:09.000Z,NFL DFS Breakdown
https://www.fantasyguru.com/titans-will-levis-likely-to-be-no-2-quarterback,titans-will-levis-likely-to-be-no-2-quarterback,2024-12-22T15:55:08.000Z,QB Analysis
https://www.fantasyguru.com/2024-nfl-injury-report-week-16,2024-nfl-injury-report-week-16,2024-12-22T13:13:26.000Z,
https://www.fantasyguru.com/jeff-mans-dfs-nfl-cash-game-breakdown-week-16,jeff-mans-dfs-nfl-cash-game-breakdown-week-16,2024-12-22T08:41:32.000Z,NFL DFS Breakdown
https://www.fantasyguru.com/nfl-core-4-dfs-livestream-recap-dec-20-2024,nfl-core-4-dfs-livestream-recap-dec-20-2024,2024-12-21T18:00:23.000Z,Podcast/Livestream
https://www.fantasyguru.com/nfl-diontae-johnson-likely-to-be-claimed-off-waivers,nfl-diontae-johnson-likely-to-be-claimed-off-waivers,2024-12-21T17:55:07.000Z,
https://www.fantasyguru.com/jeff-mans-dfs-nfl-cash-game-breakdown-week-15,jeff-mans-dfs-nfl-cash-game-breakdown-week-15,2024-12-21T04:21:49.000Z,NFL DFS Breakdown
https://www.fantasyguru.com/saints-saints-friday-practice-report,saints-saints-friday-practice-report,2024-12-20T22:55:08.000Z,Practice Report
https://www.fantasyguru.com/cowboys-jake-ferguson-struggling-with-qb-change,cowboys-jake-ferguson-struggling-with-qb-change,2024-12-20T03:55:05.000Z,QB Analysis
https://www.fantasyguru.com/seahawks-thursday-practice-report-for-seahawks-12,seahawks-thursday-practice-report-for-seahawks-12,2024-12-20T01:55:07.000Z,Practice Report
https://www.fantasyguru.com/dolphins-thursday-practice-report-for-dolphins-7,dolphins-thursday-practice-report-for-dolphins-7,2024-12-20T00:55:09.000Z,Practice Report
https://www.fantasyguru.com/49ers-thursday-practice-report-for-49ers-12,49ers-thursday-practice-report-for-49ers-12,2024-12-20T00:55:08.000Z,Practice Report
https://www.fantasyguru.com/rams-thursday-practice-report-for-rams-8,rams-thursday-practice-report-for-rams-8,2024-12-20T00:55:07.000Z,Practice Report
https://www.fantasyguru.com/eagles-thursday-practice-report-for-eagles-9,eagles-thursday-practice-report-for-eagles-9,2024-12-19T23:55:10.000Z,Practice Report
https://www.fantasyguru.com/jets-thursday-practice-report-for-jets-5,jets-thursday-practice-report-for-jets-5,2024-12-19T23:55:09.000Z,Practice Report
https://www.fantasyguru.com/patriots-thursday-practice-report-for-patriots-6,patriots-thursday-practice-report-for-patriots-6,2024-12-19T22:55:09.000Z,Practice Report
https://www.fantasyguru.com/cowboys-thursday-practice-report-for-cowboys-8,cowboys-thursday-practice-report-for-cowboys-8,2024-12-19T22:55:08.000Z,Practice Report
https://www.fantasyguru.com/titans-thursday-practice-report-for-titans-3,titans-thursday-practice-report-for-titans-3,2024-12-19T21:55:10.000Z,Practice Report
https://www.fantasyguru.com/colts-thursday-practice-report-for-colts-2,colts-thursday-practice-report-for-colts-2,2024-12-19T21:55:09.000Z,Practice Report
https://www.fantasyguru.com/packers-thursday-practice-report-for-gb-2,packers-thursday-practice-report-for-gb-2,2024-12-19T21:55:08.000Z,Practice Report
https://www.fantasyguru.com/falcons-falcons-thursday-practice-report,falcons-falcons-thursday-practice-report,2024-12-19T21:55:07.000Z,Practice Report
https://www.fantasyguru.com/2024-red-zone-review-after-week-15,2024-red-zone-review-after-week-15,2024-12-19T21:50:29.000Z,
https://www.fantasyguru.com/giants-thursdays-practice-report-for-ny-giants-5,giants-thursdays-practice-report-for-ny-giants-5,2024-12-19T20:55:08.000Z,Practice Report
https://www.fantasyguru.com/2024-nfl-fantasy-billboard-fantasy-football-playoff-tips,2024-nfl-fantasy-billboard-fantasy-football-playoff-tips,2024-12-19T20:37:29.000Z,
https://www.fantasyguru.com/bears-chicagos-thursday-practice-report-2,bears-chicagos-thursday-practice-report-2,2024-12-19T19:55:05.000Z,Practice Report
https://www.fantasyguru.com/2024-week-16-nfl-gameday-matchups,2024-week-16-nfl-gameday-matchups,2024-12-19T19:38:39.000Z,
https://www.fantasyguru.com/2024-week-15-nfl-gameday-matchups,2024-week-15-nfl-gameday-matchups,2024-12-19T16:33:55.000Z,
https://www.fantasyguru.com/snap-counts-usage-from-week-15-2024,snap-counts-usage-from-week-15-2024,2024-12-19T15:08:15.000Z,
https://www.fantasyguru.com/2024-nfl-scoring-trends-preview,2024-nfl-scoring-trends-preview,2024-12-19T13:02:20.000Z,
https://www.fantasyguru.com/dynasty-ratings-update-12-18,dynasty-ratings-update-12-18,2024-12-19T04:08:20.000Z,Dynasty
https://www.fantasyguru.com/nfl-dfs-contest-selection-week-16-2024,nfl-dfs-contest-selection-week-16-2024,2024-12-19T04:00:24.000Z,NFL DFS Breakdown
https://www.fantasyguru.com/buccaneers-wednesday-practice-report-for-bucs-11,buccaneers-wednesday-practice-report-for-bucs-11,2024-12-19T01:55:08.000Z,Practice Report
https://www.fantasyguru.com/rams-wednesday-practice-report-for-rams-12,rams-wednesday-practice-report-for-rams-12,2024-12-19T01:55:07.000Z,Practice Report
https://www.fantasyguru.com/seahawks-wednesday-practice-report-for-seahawks-17,seahawks-wednesday-practice-report-for-seahawks-17,2024-12-19T01:55:06.000Z,Practice Report
https://www.fantasyguru.com/cardinals-arizonas-wednesday-practice-report-3,cardinals-arizonas-wednesday-practice-report-3,2024-12-19T00:55:08.000Z,Practice Report
https://www.fantasyguru.com/dolphins-wednesday-practice-report-for-dolphins-7,dolphins-wednesday-practice-report-for-dolphins-7,2024-12-19T00:55:07.000Z,Practice Report
https://www.fantasyguru.com/49ers-wednesday-practice-report-for-49ers-11,49ers-wednesday-practice-report-for-49ers-11,2024-12-19T00:55:06.000Z,Practice Report
https://www.fantasyguru.com/eagles-wednesday-practice-report-for-philly-4,eagles-wednesday-practice-report-for-philly-4,2024-12-18T23:55:09.000Z,Practice Report
https://www.fantasyguru.com/jets-wednesday-practice-report-for-jets-7,jets-wednesday-practice-report-for-jets-7,2024-12-18T23:55:08.000Z,Practice Report
https://www.fantasyguru.com/ravens-wednesday-practice-report-for-ravens-6,ravens-wednesday-practice-report-for-ravens-6,2024-12-18T23:55:07.000Z,Practice Report
https://www.fantasyguru.com/lions-detroits-wednesday-practice-report-7,lions-detroits-wednesday-practice-report-7,2024-12-18T22:55:08.000Z,Practice Report
https://www.fantasyguru.com/texans-wednesday-practice-report-for-texans-6,texans-wednesday-practice-report-for-texans-6,2024-12-18T22:55:06.000Z,Practice Report
https://www.fantasyguru.com/patriots-wednesday-practice-report-for-patriots-10,patriots-wednesday-practice-report-for-patriots-10,2024-12-18T21:55:12.000Z,Practice Report
https://www.fantasyguru.com/steelers-wednesday-practice-report-for-steelers-8,steelers-wednesday-practice-report-for-steelers-8,2024-12-18T21:55:11.000Z,Practice Report
https://www.fantasyguru.com/panthers-wednesday-practice-report-for-panthers-11,panthers-wednesday-practice-report-for-panthers-11,2024-12-18T21:55:10.000Z,Practice Report
https://www.fantasyguru.com/chiefs-wednesday-practice-report-for-kc,chiefs-wednesday-practice-report-for-kc,2024-12-18T21:55:09.000Z,Practice Report
https://www.fantasyguru.com/jaguars-wednesday-practice-report-for-jaguars-10,jaguars-wednesday-practice-report-for-jaguars-10,2024-12-18T21:55:09.000Z,Practice Report
https://www.fantasyguru.com/giants-wednesday-practice-report-for-giants-6,giants-wednesday-practice-report-for-giants-6,2024-12-18T20:55:08.000Z,Practice Report
https://www.fantasyguru.com/titans-titans-make-qb-change-official,titans-titans-make-qb-change-official,2024-12-18T19:55:08.000Z,QB Analysis
https://www.fantasyguru.com/2024-nfl-weekly-streamers-week-16,2024-nfl-weekly-streamers-week-16,2024-12-18T18:01:40.000Z,
https://www.fantasyguru.com/browns-browns-make-a-qb-change,browns-browns-make-a-qb-change,2024-12-18T17:55:08.000Z,QB Analysis
https://www.fantasyguru.com/nfl-teddy-bridgewater-making-a-comeback,nfl-teddy-bridgewater-making-a-comeback,2024-12-18T01:55:06.000Z,
https://www.fantasyguru.com/falcons-falcons-make-qb-change,falcons-falcons-make-qb-change,2024-12-18T01:55:06.000Z,QB Analysis
https://www.fantasyguru.com/texans-tuesday-practice-report-for-texans,texans-tuesday-practice-report-for-texans,2024-12-17T23:55:10.000Z,Practice Report
https://www.fantasyguru.com/steelers-tuesday-practice-report-for-steelers,steelers-tuesday-practice-report-for-steelers,2024-12-17T23:55:09.000Z,Practice Report
https://www.fantasyguru.com/falcons-atlanta-considering-qb-change,falcons-atlanta-considering-qb-change,2024-12-17T22:55:07.000Z,QB Analysis
https://www.fantasyguru.com/ravens-tuesday-practice-report-for-ravens,ravens-tuesday-practice-report-for-ravens,2024-12-17T22:55:06.000Z,Practice Report
https://www.fantasyguru.com/chiefs-tuesday-practice-report-for-chiefs-2,chiefs-tuesday-practice-report-for-chiefs-2,2024-12-17T22:55:06.000Z,Practice Report
https://www.fantasyguru.com/targets-and-touches-week-15-4,targets-and-touches-week-15-4,2024-12-17T22:31:37.000Z,Targets & Touches
https://www.fantasyguru.com/2024-qb-coach-week-16,2024-qb-coach-week-16,2024-12-17T19:56:36.000Z,QB Analysis
https://www.fantasyguru.com/2024-idp-leagues-week-15-performers-week-16-waiver-wire-targets,2024-idp-leagues-week-15-performers-week-16-waiver-wire-targets,2024-12-17T19:13:20.000Z,Waiver Wire
https://www.fantasyguru.com/falcons-deangelo-malone-gets-to-qb-twice,falcons-deangelo-malone-gets-to-qb-twice,2024-12-17T06:55:07.000Z,QB Analysis
https://www.fantasyguru.com/bears-demarcus-walker-records-four-qb-hits,bears-demarcus-walker-records-four-qb-hits,2024-12-17T05:55:07.000Z,QB Analysis
https://www.fantasyguru.com/nfl-dfs-cash-game-review-week-15-2024,nfl-dfs-cash-game-review-week-15-2024,2024-12-17T01:14:39.000Z,NFL DFS Breakdown
https://www.fantasyguru.com/nfl-odell-beckham-clears-waivers,nfl-odell-beckham-clears-waivers,2024-12-17T00:55:06.000Z,
https://www.fantasyguru.com/chargers-monday-practice-report-for-chargers,chargers-monday-practice-report-for-chargers,2024-12-16T21:55:10.000Z,Practice Report
https://www.fantasyguru.com/broncos-monday-practice-report-for-denver,broncos-monday-practice-report-for-denver,2024-12-16T21:55:09.000Z,Practice Report
https://www.fantasyguru.com/browns-cleveland-considering-qb-change,browns-cleveland-considering-qb-change,2024-12-16T20:55:08.000Z,QB Analysis
https://www.fantasyguru.com/nfl-dfs-monday-night-breakdown-week-15,nfl-dfs-monday-night-breakdown-week-15,2024-12-16T19:04:29.000Z,NFL DFS Breakdown
https://www.fantasyguru.com/nfl-drew-allar-returning-to-psu,nfl-drew-allar-returning-to-psu,2024-12-16T16:55:06.000Z,
https://www.fantasyguru.com/buccaneers-logan-hall-gets-to-the-quarterback,buccaneers-logan-hall-gets-to-the-quarterback,2024-12-16T04:55:06.000Z,QB Analysis
https://www.fantasyguru.com/nfl-odell-beckham-looking-at-a-few-teams,nfl-odell-beckham-looking-at-a-few-teams,2024-12-15T17:55:06.000Z,
https://www.fantasyguru.com/nfl-dfs-wr-coach-week-15-2024,nfl-dfs-wr-coach-week-15-2024,2024-12-15T15:34:03.000Z,NFL DFS Breakdown
https://www.fantasyguru.com/2024-nfl-injury-report-week-15,2024-nfl-injury-report-week-15,2024-12-15T13:44:48.000Z,
https://www.fantasyguru.com/nfl-gpp-breakdown-week-15-2024,nfl-gpp-breakdown-week-15-2024,2024-12-14T21:29:47.000Z,
https://www.fantasyguru.com/nfl-core-4-dfs-livestream-recap-dec-13-2024,nfl-core-4-dfs-livestream-recap-dec-13-2024,2024-12-14T18:25:47.000Z,Podcast/Livestream
https://www.fantasyguru.com/jeff-mans-dfs-nfl-cash-game-breakdown-week-14,jeff-mans-dfs-nfl-cash-game-breakdown-week-14,2024-12-14T13:26:17.000Z,NFL DFS Breakdown
https://www.fantasyguru.com/raiders-friday-practice-report-for-vegas-3,raiders-friday-practice-report-for-vegas-3,2024-12-13T22:55:08.000Z,Practice Report
https://www.fantasyguru.com/falcons-friday-practice-report-for-falcons,falcons-friday-practice-report-for-falcons,2024-12-13T22:55:07.000Z,Practice Report
https://www.fantasyguru.com/buccaneers-bucs-final-week-15-practice-report,buccaneers-bucs-final-week-15-practice-report,2024-12-13T22:55:06.000Z,Practice Report
https://www.fantasyguru.com/vikings-minnesotas-fridays-practice-report,vikings-minnesotas-fridays-practice-report,2024-12-13T20:55:10.000Z,Practice Report
https://www.fantasyguru.com/bears-friday-practice-report-for-bears,bears-friday-practice-report-for-bears,2024-12-13T20:55:08.000Z,Practice Report
https://www.fantasyguru.com/packers-thursday-practice-report-for-packers-5,packers-thursday-practice-report-for-packers-5,2024-12-13T01:55:06.000Z,Practice Report
https://www.fantasyguru.com/seahawks-thursday-practice-report-for-seahawks-11,seahawks-thursday-practice-report-for-seahawks-11,2024-12-13T00:55:05.000Z,Practice Report
https://www.fantasyguru.com/buccaneers-thursday-practice-report-for-tb,buccaneers-thursday-practice-report-for-tb,2024-12-12T23:55:09.000Z,Practice Report
https://www.fantasyguru.com/chargers-chargers-thursday-practice-report,chargers-chargers-thursday-practice-report,2024-12-12T22:55:13.000Z,Practice Report
https://www.fantasyguru.com/cowboys-thursday-practice-report-for-cowboys-7,cowboys-thursday-practice-report-for-cowboys-7,2024-12-12T22:55:12.000Z,Practice Report
https://www.fantasyguru.com/broncos-denvers-thursday-practice-report,broncos-denvers-thursday-practice-report,2024-12-12T22:55:12.000Z,Practice Report
https://www.fantasyguru.com/texans-thursday-practice-report-for-texans-3,texans-thursday-practice-report-for-texans-3,2024-12-12T21:55:09.000Z,Practice Report
https://www.fantasyguru.com/cardinals-arizonas-thursday-practice-report-3,cardinals-arizonas-thursday-practice-report-3,2024-12-12T21:55:08.000Z,Practice Report
https://www.fantasyguru.com/dolphins-thursday-practice-report-for-miami,dolphins-thursday-practice-report-for-miami,2024-12-12T21:55:06.000Z,Practice Report
https://www.fantasyguru.com/bills-buffalos-thursday-practice-report-6,bills-buffalos-thursday-practice-report-6,2024-12-12T20:55:10.000Z,Practice Report
https://www.fantasyguru.com/giants-thursdays-practice-report-for-ny-giants-4,giants-thursdays-practice-report-for-ny-giants-4,2024-12-12T20:55:07.000Z,Practice Report
https://www.fantasyguru.com/panthers-thursdays-practice-report-for-carolina-5,panthers-thursdays-practice-report-for-carolina-5,2024-12-12T19:55:07.000Z,Practice Report
https://www.fantasyguru.com/vikings-minnesotas-practice-report-for-thursday,vikings-minnesotas-practice-report-for-thursday,2024-12-12T19:55:06.000Z,Practice Report
https://www.fantasyguru.com/bears-chicagos-thursday-practice-report,bears-chicagos-thursday-practice-report,2024-12-12T19:00:11.000Z,Practice Report
https://www.fantasyguru.com/2024-red-zone-review-after-week-14,2024-red-zone-review-after-week-14,2024-12-12T15:55:13.000Z,
https://www.fantasyguru.com/2024-nfl-fantasy-billboard-fantasy-football-rule-book,2024-nfl-fantasy-billboard-fantasy-football-rule-book,2024-12-12T13:05:24.000Z,
https://www.fantasyguru.com/buccaneers-wednesday-practice-report-for-bucs-10,buccaneers-wednesday-practice-report-for-bucs-10,2024-12-12T01:55:08.000Z,Practice Report
https://www.fantasyguru.com/chargers-wednesday-practice-report-for-lac-4,chargers-wednesday-practice-report-for-lac-4,2024-12-12T01:55:07.000Z,Practice Report
https://www.fantasyguru.com/seahawks-wednesday-practice-report-for-seahawks-16,seahawks-wednesday-practice-report-for-seahawks-16,2024-12-12T01:55:06.000Z,Practice Report
https://www.fantasyguru.com/packers-wednesday-practice-report-for-packers-6,packers-wednesday-practice-report-for-packers-6,2024-12-12T00:55:08.000Z,Practice Report
https://www.fantasyguru.com/cardinals-wednesday-practice-report-for-cardinals-11,cardinals-wednesday-practice-report-for-cardinals-11,2024-12-12T00:55:08.000Z,Practice Report
https://www.fantasyguru.com/titans-wednesday-practice-report-for-titans-11,titans-wednesday-practice-report-for-titans-11,2024-12-12T00:55:07.000Z,Practice Report
https://www.fantasyguru.com/saints-wednesday-practice-report-for-saints-11,saints-wednesday-practice-report-for-saints-11,2024-12-12T00:55:06.000Z,Practice Report
https://www.fantasyguru.com/dynasty-ratings-update-12-11-24,dynasty-ratings-update-12-11-24,2024-12-12T00:26:23.000Z,Dynasty
https://www.fantasyguru.com/nfl-dfs-contest-selection-week-15-2024,nfl-dfs-contest-selection-week-15-2024,2024-12-12T00:21:05.000Z,NFL DFS Breakdown
https://www.fantasyguru.com/eagles-wednesday-practice-report-for-philly-3,eagles-wednesday-practice-report-for-philly-3,2024-12-11T23:55:10.000Z,Practice Report
https://www.fantasyguru.com/browns-wednesday-practice-report-for-browns-11,browns-wednesday-practice-report-for-browns-11,2024-12-11T23:55:09.000Z,Practice Report
https://www.fantasyguru.com/texans-houstons-wednesday-practice-report-2,texans-houstons-wednesday-practice-report-2,2024-12-11T23:55:08.000Z,Practice Report
https://www.fantasyguru.com/colts-wednesday-practice-report-for-colts-8,colts-wednesday-practice-report-for-colts-8,2024-12-11T23:55:05.000Z,Practice Report
https://www.fantasyguru.com/cowboys-wednesday-practice-report-for-cowboys-7,cowboys-wednesday-practice-report-for-cowboys-7,2024-12-11T22:55:14.000Z,Practice Report
https://www.fantasyguru.com/broncos-wednesday-practice-report-for-broncos-6,broncos-wednesday-practice-report-for-broncos-6,2024-12-11T22:55:14.000Z,Practice Report
https://www.fantasyguru.com/dolphins-wednesday-practice-report-for-dolphins-6,dolphins-wednesday-practice-report-for-dolphins-6,2024-12-11T22:55:12.000Z,Practice Report
https://www.fantasyguru.com/patriots-wednesday-practice-report-for-patriots-9,patriots-wednesday-practice-report-for-patriots-9,2024-12-11T22:55:11.000Z,Practice Report
https://www.fantasyguru.com/jaguars-wednesday-practice-report-for-jaguars-9,jaguars-wednesday-practice-report-for-jaguars-9,2024-12-11T21:55:12.000Z,Practice Report
https://www.fantasyguru.com/chiefs-wednesday-practice-report-for-chiefs-10,chiefs-wednesday-practice-report-for-chiefs-10,2024-12-11T21:55:12.000Z,Practice Report
https://www.fantasyguru.com/commanders-wednesday-practice-report-for-was-7,commanders-wednesday-practice-report-for-was-7,2024-12-11T21:55:11.000Z,Practice Report
https://www.fantasyguru.com/lions-detroits-wednesday-practice-report-6,lions-detroits-wednesday-practice-report-6,2024-12-11T21:55:10.000Z,Practice Report
https://www.fantasyguru.com/giants-wednesday-practice-report-for-giants-5,giants-wednesday-practice-report-for-giants-5,2024-12-11T20:55:06.000Z,Practice Report
https://www.fantasyguru.com/panthers-carolinas-wednesday-practice-report-2,panthers-carolinas-wednesday-practice-report-2,2024-12-11T19:55:07.000Z,Practice Report
https://www.fantasyguru.com/2024-nfl-weekly-streamers-week-15,2024-nfl-weekly-streamers-week-15,2024-12-11T18:35:50.000Z,
https://www.fantasyguru.com/snap-counts-amp-usage-from-week-14-2024,snap-counts-amp-usage-from-week-14-2024,2024-12-11T17:16:06.000Z,
https://www.fantasyguru.com/49ers-49ers-tuesday-practice-report,49ers-49ers-tuesday-practice-report,2024-12-11T03:55:05.000Z,Practice Report
https://www.fantasyguru.com/nfl-jason-pierre-paul-looking-for-work,nfl-jason-pierre-paul-looking-for-work,2024-12-11T01:55:06.000Z,
https://www.fantasyguru.com/targets-and-touches-week-14-4,targets-and-touches-week-14-4,2024-12-11T01:50:18.000Z,Targets & Touches
https://www.fantasyguru.com/2024-qb-coach-week-15,2024-qb-coach-week-15,2024-12-10T21:33:47.000Z,QB Analysis
https://www.fantasyguru.com/nfl-henry-anderson-calls-it-a-career,nfl-henry-anderson-calls-it-a-career,2024-12-10T19:05:05.000Z,
https://www.fantasyguru.com/2024-idp-leagues-week-14-performers-week-15-waiver-wire-targets,2024-idp-leagues-week-14-performers-week-15-waiver-wire-targets,2024-12-10T17:44:15.000Z,Waiver Wire
https://www.fantasyguru.com/2024-idp-leagues-week-13-performers-week-14-waiver-wire-targets,2024-idp-leagues-week-13-performers-week-14-waiver-wire-targets,2024-12-10T17:01:43.000Z,Waiver Wire
https://www.fantasyguru.com/nfl-mason-graham-declares-for-nfl-draft,nfl-mason-graham-declares-for-nfl-draft,2024-12-10T15:55:05.000Z,
https://www.fantasyguru.com/nfl-dfs-cash-game-review-week-14-2024,nfl-dfs-cash-game-review-week-14-2024,2024-12-10T13:19:31.000Z,NFL DFS Breakdown
https://www.fantasyguru.com/49ers-monday-practice-report-for-49ers-2,49ers-monday-practice-report-for-49ers-2,2024-12-10T01:55:07.000Z,Practice Report
https://www.fantasyguru.com/rams-monday-practice-report-for-rams-3,rams-monday-practice-report-for-rams-3,2024-12-10T01:55:05.000Z,Practice Report
https://www.fantasyguru.com/panthers-ashawn-robinson-gets-to-quarterback,panthers-ashawn-robinson-gets-to-quarterback,2024-12-08T21:55:09.000Z,QB Analysis
https://www.fantasyguru.com/jets-nyj-may-draft-quarterback-in-2025,jets-nyj-may-draft-quarterback-in-2025,2024-12-08T19:00:11.000Z,QB Analysis
https://www.fantasyguru.com/2024-nfl-injury-report-week-14,2024-nfl-injury-report-week-14,2024-12-08T18:03:51.000Z,
https://www.fantasyguru.com/nfl-gpp-breakdown-week-14-2024,nfl-gpp-breakdown-week-14-2024,2024-12-08T16:29:27.000Z,
https://www.fantasyguru.com/nfl-dfs-wr-coach-week-14-2024,nfl-dfs-wr-coach-week-14-2024,2024-12-08T14:45:03.000Z,NFL DFS Breakdown
https://www.fantasyguru.com/nfl-core-4-dfs-livestream-recap-dec-6-2024,nfl-core-4-dfs-livestream-recap-dec-6-2024,2024-12-07T16:54:43.000Z,Podcast/Livestream
https://www.fantasyguru.com/seahawks-seahawks-final-week-14-practice-report,seahawks-seahawks-final-week-14-practice-report,2024-12-06T22:55:08.000Z,Practice Report
https://www.fantasyguru.com/2024-week-14-nfl-gameday-matchups,2024-week-14-nfl-gameday-matchups,2024-12-06T17:42:54.000Z,
https://www.fantasyguru.com/seahawks-thursday-practice-report-for-seahawks-10,seahawks-thursday-practice-report-for-seahawks-10,2024-12-06T01:55:06.000Z,Practice Report
https://www.fantasyguru.com/49ers-thursday-practice-report-for-49ers-11,49ers-thursday-practice-report-for-49ers-11,2024-12-06T00:55:07.000Z,Practice Report
https://www.fantasyguru.com/cardinals-thursday-practice-report-for-cardinals-6,cardinals-thursday-practice-report-for-cardinals-6,2024-12-06T00:55:06.000Z,Practice Report
https://www.fantasyguru.com/rams-thursday-practice-report-for-rams-7,rams-thursday-practice-report-for-rams-7,2024-12-05T23:55:06.000Z,Practice Report
https://www.fantasyguru.com/bengals-thursday-practice-report-for-bengals-8,bengals-thursday-practice-report-for-bengals-8,2024-12-05T22:55:08.000Z,Practice Report
https://www.fantasyguru.com/browns-thursday-practice-report-for-browns-4,browns-thursday-practice-report-for-browns-4,2024-12-05T22:55:05.000Z,Practice Report
https://www.fantasyguru.com/buccaneers-bucs-thursday-practice-report,buccaneers-bucs-thursday-practice-report,2024-12-05T21:55:08.000Z,Practice Report
https://www.fantasyguru.com/jaguars-thursday-practice-report-for-jaguars-4,jaguars-thursday-practice-report-for-jaguars-4,2024-12-05T21:55:08.000Z,Practice Report
https://www.fantasyguru.com/titans-thursday-practice-report-for-titans-2,titans-thursday-practice-report-for-titans-2,2024-12-05T21:55:07.000Z,Practice Report
https://www.fantasyguru.com/bills-buffalos-thursday-practice-report-5,bills-buffalos-thursday-practice-report-5,2024-12-05T20:55:08.000Z,Practice Report
https://www.fantasyguru.com/steelers-pittsburghs-practice-report-for-thursday,steelers-pittsburghs-practice-report-for-thursday,2024-12-05T20:55:07.000Z,Practice Report
https://www.fantasyguru.com/panthers-carolinas-thursday-practice-report-5,panthers-carolinas-thursday-practice-report-5,2024-12-05T19:55:07.000Z,Practice Report
https://www.fantasyguru.com/2024-red-zone-review-after-week-13,2024-red-zone-review-after-week-13,2024-12-05T18:07:04.000Z,
https://www.fantasyguru.com/2024-nfl-fantasy-billboard-night-before-fantasy-football-playoffs,2024-nfl-fantasy-billboard-night-before-fantasy-football-playoffs,2024-12-05T13:30:57.000Z,
https://www.fantasyguru.com/rams-wednesday-practice-report-for-rams-11,rams-wednesday-practice-report-for-rams-11,2024-12-05T01:55:09.000Z,Practice Report
https://www.fantasyguru.com/49ers-wednesday-practice-report-for-49ers-10,49ers-wednesday-practice-report-for-49ers-10,2024-12-05T01:55:08.000Z,Practice Report
https://www.fantasyguru.com/seahawks-wednesday-practice-report-for-seahawks-15,seahawks-wednesday-practice-report-for-seahawks-15,2024-12-05T01:55:07.000Z,Practice Report
https://www.fantasyguru.com/buccaneers-wednesday-practice-report-for-bucs-9,buccaneers-wednesday-practice-report-for-bucs-9,2024-12-05T00:55:08.000Z,Practice Report
https://www.fantasyguru.com/raiders-wednesday-practice-report-for-raiders-8,raiders-wednesday-practice-report-for-raiders-8,2024-12-05T00:55:07.000Z,Practice Report
https://www.fantasyguru.com/chargers-wednesday-practice-report-for-chargers-5,chargers-wednesday-practice-report-for-chargers-5,2024-12-05T00:55:07.000Z,Practice Report
https://www.fantasyguru.com/eagles-phillys-wednesday-practice-report,eagles-phillys-wednesday-practice-report,2024-12-04T23:55:11.000Z,Practice Report
https://www.fantasyguru.com/cardinals-wednesday-practice-report-for-cardinals-6,cardinals-wednesday-practice-report-for-cardinals-6,2024-12-04T23:55:10.000Z,Practice Report
https://www.fantasyguru.com/browns-wednesday-practice-report-for-browns-10,browns-wednesday-practice-report-for-browns-10,2024-12-04T23:55:09.000Z,Practice Report
https://www.fantasyguru.com/falcons-wednesday-practice-report-for-falcons-5,falcons-wednesday-practice-report-for-falcons-5,2024-12-04T23:55:09.000Z,Practice Report
https://www.fantasyguru.com/dynasty-ratings-update-12-4-24,dynasty-ratings-update-12-4-24,2024-12-04T23:45:38.000Z,Dynasty
https://www.fantasyguru.com/bears-wednesday-practice-report-for-bears-6,bears-wednesday-practice-report-for-bears-6,2024-12-04T22:55:08.000Z,Practice Report
https://www.fantasyguru.com/saints-wednesday-practice-report-for-saints-10,saints-wednesday-practice-report-for-saints-10,2024-12-04T22:55:07.000Z,Practice Report
https://www.fantasyguru.com/dolphins-wednesday-practice-report-for-miami,dolphins-wednesday-practice-report-for-miami,2024-12-04T22:55:05.000Z,Practice Report
https://www.fantasyguru.com/steelers-wednesday-practice-report-for-steelers-7,steelers-wednesday-practice-report-for-steelers-7,2024-12-04T21:55:08.000Z,Practice Report
https://www.fantasyguru.com/chiefs-wednesday-practice-report-for-chiefs-9,chiefs-wednesday-practice-report-for-chiefs-9,2024-12-04T21:55:06.000Z,Practice Report
https://www.fantasyguru.com/jaguars-wednesday-practice-report-for-jaguars-8,jaguars-wednesday-practice-report-for-jaguars-8,2024-12-04T21:55:06.000Z,Practice Report
https://www.fantasyguru.com/giants-wednesday-practice-report-for-giants-4,giants-wednesday-practice-report-for-giants-4,2024-12-04T20:55:06.000Z,Practice Report
https://www.fantasyguru.com/nfl-dfs-contest-selection-week-14-2024,nfl-dfs-contest-selection-week-14-2024,2024-12-04T19:39:21.000Z,NFL DFS Breakdown
https://www.fantasyguru.com/nfl-eric-ebron-retires,nfl-eric-ebron-retires,2024-12-04T18:55:08.000Z,
https://www.fantasyguru.com/snap-counts-amp-usage-from-week-13-2024,snap-counts-amp-usage-from-week-13-2024,2024-12-04T18:29:49.000Z,
https://www.fantasyguru.com/2024-nfl-weekly-streamers-week-13,2024-nfl-weekly-streamers-week-13,2024-12-04T17:16:33.000Z,
https://www.fantasyguru.com/2024-nfl-weekly-streamers-week-14,2024-nfl-weekly-streamers-week-14,2024-12-04T17:15:20.000Z,
https://www.fantasyguru.com/targets-and-touches-week-13-4,targets-and-touches-week-13-4,2024-12-04T03:09:23.000Z,Targets & Touches
https://www.fantasyguru.com/2024-qb-coach-week-14,2024-qb-coach-week-14,2024-12-03T22:05:06.000Z,QB Analysis
https://www.fantasyguru.com/packers-tuesdays-practice-report-for-green-bay,packers-tuesdays-practice-report-for-green-bay,2024-12-03T21:55:08.000Z,Practice Report
https://www.fantasyguru.com/lions-detroits-tuesday-practice-report-3,lions-detroits-tuesday-practice-report-3,2024-12-03T21:55:07.000Z,Practice Report
https://www.fantasyguru.com/jeff-mans-dfs-nfl-cash-game-breakdown-week-13-2024,jeff-mans-dfs-nfl-cash-game-breakdown-week-13-2024,2024-12-03T01:14:03.000Z,NFL DFS Breakdown
https://www.fantasyguru.com/nfl-dfs-cash-game-review-week-13-2024,nfl-dfs-cash-game-review-week-13-2024,2024-12-03T00:39:49.000Z,NFL DFS Breakdown
https://www.fantasyguru.com/packers-monday-practice-report-for-packers,packers-monday-practice-report-for-packers,2024-12-02T22:55:06.000Z,Practice Report
https://www.fantasyguru.com/lions-monday-practice-report-for-lions,lions-monday-practice-report-for-lions,2024-12-02T21:55:07.000Z,Practice Report
https://www.fantasyguru.com/nfl-luther-burden-to-enter-nfl-draft,nfl-luther-burden-to-enter-nfl-draft,2024-12-02T18:55:05.000Z,
https://www.fantasyguru.com/armando-marsals-nfl-recap-week-13-2024,armando-marsals-nfl-recap-week-13-2024,2024-12-02T15:32:04.000Z,
https://www.fantasyguru.com/buccaneers-anthony-nelson-hits-qb-frequently,buccaneers-anthony-nelson-hits-qb-frequently,2024-12-02T03:55:08.000Z,QB Analysis
https://www.fantasyguru.com/2024-nfl-injury-report-week-13,2024-nfl-injury-report-week-13,2024-12-01T16:06:31.000Z,
https://www.fantasyguru.com/nfl-gpp-breakdown-week-13-2024,nfl-gpp-breakdown-week-13-2024,2024-11-30T23:15:44.000Z,
https://www.fantasyguru.com/nfl-core-4-dfs-livestream-recap-nov-29-2024,nfl-core-4-dfs-livestream-recap-nov-29-2024,2024-11-30T17:50:29.000Z,Podcast/Livestream
https://www.fantasyguru.com/browns-friday-practice-report-for-browns,browns-friday-practice-report-for-browns,2024-11-29T22:55:07.000Z,Practice Report
https://www.fantasyguru.com/broncos-friday-practice-report-for-broncos,broncos-friday-practice-report-for-broncos,2024-11-29T22:55:05.000Z,Practice Report
https://www.fantasyguru.com/2024-week-13-nfl-gameday-matchups,2024-week-13-nfl-gameday-matchups,2024-11-29T18:25:47.000Z,
https://www.fantasyguru.com/falcons-thursday-practice-report-for-falcons,falcons-thursday-practice-report-for-falcons,2024-11-28T23:55:12.000Z,Practice Report
https://www.fantasyguru.com/colts-thursday-practice-report-for-colts,colts-thursday-practice-report-for-colts,2024-11-28T23:55:12.000Z,Practice Report
https://www.fantasyguru.com/seahawks-thursday-practice-report-for-seattle,seahawks-thursday-practice-report-for-seattle,2024-11-28T23:55:10.000Z,Practice Report
https://www.fantasyguru.com/patriots-thursday-practice-report-for-patriots-4,patriots-thursday-practice-report-for-patriots-4,2024-11-28T22:55:10.000Z,Practice Report
https://www.fantasyguru.com/jets-thursday-practice-report-for-jets-4,jets-thursday-practice-report-for-jets-4,2024-11-28T22:55:09.000Z,Practice Report
https://www.fantasyguru.com/bengals-thursday-practice-report-for-bengals-7,bengals-thursday-practice-report-for-bengals-7,2024-11-28T22:55:08.000Z,Practice Report
https://www.fantasyguru.com/texans-houston-thursday-practice-report,texans-houston-thursday-practice-report,2024-11-28T22:55:07.000Z,Practice Report
https://www.fantasyguru.com/saints-new-orleans-practice-report-for-thursday,saints-new-orleans-practice-report-for-thursday,2024-11-28T21:55:09.000Z,Practice Report
https://www.fantasyguru.com/rams-thursdays-practice-report-for-la-rams-2,rams-thursdays-practice-report-for-la-rams-2,2024-11-28T21:55:09.000Z,Practice Report
https://www.fantasyguru.com/eagles-thursday-practice-report-for-eagles-8,eagles-thursday-practice-report-for-eagles-8,2024-11-28T21:55:08.000Z,Practice Report
https://www.fantasyguru.com/commanders-thursday-practice-report-for-commanders-4,commanders-thursday-practice-report-for-commanders-4,2024-11-28T21:55:06.000Z,Practice Report
https://www.fantasyguru.com/panthers-carolinas-thursday-practice-report-4,panthers-carolinas-thursday-practice-report-4,2024-11-28T20:55:08.000Z,Practice Report
https://www.fantasyguru.com/buccaneers-thursdays-practice-report-for-tampa-bay,buccaneers-thursdays-practice-report-for-tampa-bay,2024-11-28T20:55:07.000Z,Practice Report
https://www.fantasyguru.com/chargers-thursdays-practice-report-for-la-chargers,chargers-thursdays-practice-report-for-la-chargers,2024-11-28T20:55:06.000Z,Practice Report
https://www.fantasyguru.com/steelers-thursdays-practice-report-for-pittsburgh-3,steelers-thursdays-practice-report-for-pittsburgh-3,2024-11-28T19:55:07.000Z,Practice Report
https://www.fantasyguru.com/vikings-minnesotas-thursday-practice-report,vikings-minnesotas-thursday-practice-report,2024-11-28T19:55:05.000Z,Practice Report
https://www.fantasyguru.com/49ers-wednesday-practice-report-for-49ers-9,49ers-wednesday-practice-report-for-49ers-9,2024-11-28T01:55:09.000Z,Practice Report
https://www.fantasyguru.com/seahawks-wednesday-practice-report-for-seahawks-14,seahawks-wednesday-practice-report-for-seahawks-14,2024-11-28T01:55:08.000Z,Practice Report
https://www.fantasyguru.com/dynasty-ratings-update-11-27-24,dynasty-ratings-update-11-27-24,2024-11-28T01:19:17.000Z,Dynasty
https://www.fantasyguru.com/jaguars-wednesday-practice-report-for-jaguars-7,jaguars-wednesday-practice-report-for-jaguars-7,2024-11-28T00:55:09.000Z,Practice Report
https://www.fantasyguru.com/chiefs-wednesday-practice-report-for-chiefs-8,chiefs-wednesday-practice-report-for-chiefs-8,2024-11-28T00:55:08.000Z,Practice Report
https://www.fantasyguru.com/raiders-wednesday-practice-report-for-vegas-2,raiders-wednesday-practice-report-for-vegas-2,2024-11-28T00:55:07.000Z,Practice Report
https://www.fantasyguru.com/chargers-wednesday-practice-report-for-lac-3,chargers-wednesday-practice-report-for-lac-3,2024-11-28T00:55:07.000Z,Practice Report
https://www.fantasyguru.com/rams-wednesday-practice-report-for-rams-10,rams-wednesday-practice-report-for-rams-10,2024-11-28T00:55:05.000Z,Practice Report
https://www.fantasyguru.com/jets-wednesday-practice-report-for-jets-6,jets-wednesday-practice-report-for-jets-6,2024-11-27T23:55:09.000Z,Practice Report
https://www.fantasyguru.com/texans-wednesday-practice-report-for-texans-5,texans-wednesday-practice-report-for-texans-5,2024-11-27T23:55:09.000Z,Practice Report
https://www.fantasyguru.com/falcons-wednesday-practice-report-for-falcons-4,falcons-wednesday-practice-report-for-falcons-4,2024-11-27T23:55:07.000Z,Practice Report
https://www.fantasyguru.com/nfl-dfs-contest-selection-week-13-2024,nfl-dfs-contest-selection-week-13-2024,2024-11-27T23:31:00.000Z,NFL DFS Breakdown
https://www.fantasyguru.com/saints-wednesday-practice-report-for-saints-9,saints-wednesday-practice-report-for-saints-9,2024-11-27T22:55:32.000Z,Practice Report
https://www.fantasyguru.com/titans-wednesday-practice-report-for-titans-10,titans-wednesday-practice-report-for-titans-10,2024-11-27T22:55:31.000Z,Practice Report
https://www.fantasyguru.com/nfl-dfs-wr-coach-week-13-2024,nfl-dfs-wr-coach-week-13-2024,2024-11-27T22:45:57.000Z,NFL DFS Breakdown
https://www.fantasyguru.com/bills-wednesday-practice-report-for-bills-4,bills-wednesday-practice-report-for-bills-4,2024-11-27T21:55:09.000Z,Practice Report
https://www.fantasyguru.com/panthers-wednesday-practice-report-for-panthers-10,panthers-wednesday-practice-report-for-panthers-10,2024-11-27T21:55:07.000Z,Practice Report
https://www.fantasyguru.com/patriots-wednesday-practice-report-for-patriots-8,patriots-wednesday-practice-report-for-patriots-8,2024-11-27T21:55:06.000Z,Practice Report
https://www.fantasyguru.com/snap-counts-amp-usage-from-week-12-2024,snap-counts-amp-usage-from-week-12-2024,2024-11-27T20:59:37.000Z,
https://www.fantasyguru.com/steelers-wednesday-practice-report-for-steelers-6,steelers-wednesday-practice-report-for-steelers-6,2024-11-27T20:55:07.000Z,Practice Report
https://www.fantasyguru.com/buccaneers-wednesday-practice-report-for-bucs-8,buccaneers-wednesday-practice-report-for-bucs-8,2024-11-27T20:55:06.000Z,Practice Report
https://www.fantasyguru.com/2024-week-12-nfl-gameday-matchups,2024-week-12-nfl-gameday-matchups,2024-11-27T20:02:41.000Z,
https://www.fantasyguru.com/2024-red-zone-review-after-week-12,2024-red-zone-review-after-week-12,2024-11-27T13:56:33.000Z,
https://www.fantasyguru.com/2024-nfl-fantasy-billboard-fantasy-football-giving-thanks,2024-nfl-fantasy-billboard-fantasy-football-giving-thanks,2024-11-27T13:26:21.000Z,
https://www.fantasyguru.com/cardinals-darius-robinson-likely-to-make-nfl-debut-in-week-13,cardinals-darius-robinson-likely-to-make-nfl-debut-in-week-13,2024-11-27T04:55:06.000Z,
https://www.fantasyguru.com/dolphins-tuesday-practice-report-for-dolphins,dolphins-tuesday-practice-report-for-dolphins,2024-11-27T00:55:07.000Z,Practice Report
https://www.fantasyguru.com/cowboys-tuesday-practice-report-for-cowboys,cowboys-tuesday-practice-report-for-cowboys,2024-11-26T23:55:08.000Z,Practice Report
https://www.fantasyguru.com/packers-tuesday-practice-report-for-packers,packers-tuesday-practice-report-for-packers,2024-11-26T23:55:05.000Z,Practice Report
https://www.fantasyguru.com/targets-and-touches-week-12-4,targets-and-touches-week-12-4,2024-11-26T23:22:27.000Z,Targets & Touches
https://www.fantasyguru.com/chiefs-tuesday-practice-report-for-chiefs,chiefs-tuesday-practice-report-for-chiefs,2024-11-26T22:55:06.000Z,Practice Report
https://www.fantasyguru.com/lions-detroits-tuesday-practice-report,lions-detroits-tuesday-practice-report,2024-11-26T21:55:08.000Z,Practice Report
https://www.fantasyguru.com/2024-qb-coach-week-13,2024-qb-coach-week-13,2024-11-26T21:53:03.000Z,QB Analysis
https://www.fantasyguru.com/giants-tuesdays-practice-report-for-ny-giants-2,giants-tuesdays-practice-report-for-ny-giants-2,2024-11-26T20:55:06.000Z,Practice Report
https://www.fantasyguru.com/bears-tuesdays-practice-report-for-chicago,bears-tuesdays-practice-report-for-chicago,2024-11-26T19:55:06.000Z,Practice Report
https://www.fantasyguru.com/2024-idp-leagues-week-12-performers-week-13-waiver-wire-targets,2024-idp-leagues-week-12-performers-week-13-waiver-wire-targets,2024-11-26T17:45:15.000Z,Waiver Wire
https://www.fantasyguru.com/2024-idp-leagues-week-11-performers-week-12-waiver-wire-targets,2024-idp-leagues-week-11-performers-week-12-waiver-wire-targets,2024-11-26T17:44:39.000Z,Waiver Wire
https://www.fantasyguru.com/dolphins-miamis-monday-practice-report,dolphins-miamis-monday-practice-report,2024-11-25T23:55:10.000Z,Practice Report
https://www.fantasyguru.com/nfl-dfs-cash-game-review-week-12-2024,nfl-dfs-cash-game-review-week-12-2024,2024-11-25T23:02:14.000Z,NFL DFS Breakdown
https://www.fantasyguru.com/lions-monday-practice-report-for-detroit,lions-monday-practice-report-for-detroit,2024-11-25T21:55:11.000Z,Practice Report
https://www.fantasyguru.com/armando-marsals-nfl-recap-week-12-2024,armando-marsals-nfl-recap-week-12-2024,2024-11-25T06:22:18.000Z,
https://www.fantasyguru.com/eagles-milton-williams-gets-to-qb-twice,eagles-milton-williams-gets-to-qb-twice,2024-11-25T05:55:08.000Z,QB Analysis
https://www.fantasyguru.com/vikings-andrew-ginkel-gets-to-quarterback,vikings-andrew-ginkel-gets-to-quarterback,2024-11-25T02:55:08.000Z,QB Analysis
https://www.fantasyguru.com/chiefs-mike-danna-gets-to-quarterback,chiefs-mike-danna-gets-to-quarterback,2024-11-24T22:55:10.000Z,QB Analysis
https://www.fantasyguru.com/nfl-dfs-wr-coach-week-12-2024,nfl-dfs-wr-coach-week-12-2024,2024-11-24T15:18:07.000Z,NFL DFS Breakdown
https://www.fantasyguru.com/2024-nfl-injury-report-week-12,2024-nfl-injury-report-week-12,2024-11-24T14:52:50.000Z,
https://www.fantasyguru.com/jeff-mans-dfs-nfl-cash-game-breakdown-week-12-2024,jeff-mans-dfs-nfl-cash-game-breakdown-week-12-2024,2024-11-24T14:35:52.000Z,NFL DFS Breakdown
https://www.fantasyguru.com/nfl-gpp-breakdown-week-12-2024,nfl-gpp-breakdown-week-12-2024,2024-11-23T23:34:31.000Z,
https://www.fantasyguru.com/nfl-gpp-breakdown-week-11-2024,nfl-gpp-breakdown-week-11-2024,2024-11-23T17:35:48.000Z,
https://www.fantasyguru.com/nfl-core-4-dfs-livestream-recap-nov-22-2024,nfl-core-4-dfs-livestream-recap-nov-22-2024,2024-11-23T17:19:23.000Z,Podcast/Livestream
https://www.fantasyguru.com/ravens-friday-practice-report-for-ravens,ravens-friday-practice-report-for-ravens,2024-11-22T23:55:07.000Z,Practice Report
https://www.fantasyguru.com/broncos-denvers-final-practice-report,broncos-denvers-final-practice-report,2024-11-22T22:55:06.000Z,Practice Report
https://www.fantasyguru.com/nfl-travis-hunter-to-play-both-ways,nfl-travis-hunter-to-play-both-ways,2024-11-22T15:55:05.000Z,
https://www.fantasyguru.com/nfl-d-j-humphries-cleared,nfl-d-j-humphries-cleared,2024-11-22T13:55:05.000Z,
https://www.fantasyguru.com/2024-nfl-practice-report-week-12-thursday,2024-nfl-practice-report-week-12-thursday,2024-11-22T01:02:30.000Z,Practice Report
https://www.fantasyguru.com/packers-thursday-practice-report-for-packers-4,packers-thursday-practice-report-for-packers-4,2024-11-22T00:55:07.000Z,Practice Report
https://www.fantasyguru.com/seahawks-thursday-practice-report-for-seahawks-9,seahawks-thursday-practice-report-for-seahawks-9,2024-11-22T00:55:06.000Z,Practice Report
https://www.fantasyguru.com/cardinals-thursday-practice-report-for-cardinals-5,cardinals-thursday-practice-report-for-cardinals-5,2024-11-22T00:55:05.000Z,Practice Report
https://www.fantasyguru.com/rams-thursday-practice-report-for-lar-2,rams-thursday-practice-report-for-lar-2,2024-11-21T23:55:10.000Z,Practice Report
https://www.fantasyguru.com/raiders-thursday-practice-report-for-raiders-5,raiders-thursday-practice-report-for-raiders-5,2024-11-21T23:55:09.000Z,Practice Report
https://www.fantasyguru.com/49ers-thursday-practice-report-for-49ers-10,49ers-thursday-practice-report-for-49ers-10,2024-11-21T23:55:08.000Z,Practice Report
https://www.fantasyguru.com/snap-counts-amp-usage-from-week-11-2024,snap-counts-amp-usage-from-week-11-2024,2024-11-21T23:01:35.000Z,
https://www.fantasyguru.com/ravens-thursday-practice-report-for-ravens-3,ravens-thursday-practice-report-for-ravens-3,2024-11-21T22:55:07.000Z,Practice Report
https://www.fantasyguru.com/eagles-thursday-practice-report-for-eagles-7,eagles-thursday-practice-report-for-eagles-7,2024-11-21T22:55:06.000Z,Practice Report
https://www.fantasyguru.com/2024-red-zone-review-after-week-11,2024-red-zone-review-after-week-11,2024-11-21T22:16:19.000Z,
https://www.fantasyguru.com/cowboys-thursday-practice-report-for-cowboys-6,cowboys-thursday-practice-report-for-cowboys-6,2024-11-21T21:55:08.000Z,Practice Report
https://www.fantasyguru.com/vikings-thursday-practice-report-for-vikings-5,vikings-thursday-practice-report-for-vikings-5,2024-11-21T21:55:05.000Z,Practice Report
https://www.fantasyguru.com/panthers-thursday-practice-report-for-carolina,panthers-thursday-practice-report-for-carolina,2024-11-21T20:55:08.000Z,Practice Report
https://www.fantasyguru.com/nfl-travis-hunter-plans-to-enter-draft,nfl-travis-hunter-plans-to-enter-draft,2024-11-21T20:55:07.000Z,
https://www.fantasyguru.com/bears-thursday-practice-report-for-bears,bears-thursday-practice-report-for-bears,2024-11-21T20:55:06.000Z,Practice Report
https://www.fantasyguru.com/2024-nfl-fantasy-billboard-fantasy-football-draft-day-turkeys,2024-nfl-fantasy-billboard-fantasy-football-draft-day-turkeys,2024-11-21T16:27:31.000Z,
https://www.fantasyguru.com/2024-nfl-fantasy-billboard-fantasy-football-draft-day-steals,2024-nfl-fantasy-billboard-fantasy-football-draft-day-steals,2024-11-21T13:56:44.000Z,
https://www.fantasyguru.com/seahawks-wednesday-practice-report-for-seahawks-9,seahawks-wednesday-practice-report-for-seahawks-9,2024-11-21T01:55:06.000Z,Practice Report
https://www.fantasyguru.com/dynasty-ratings-update-11-20-24,dynasty-ratings-update-11-20-24,2024-11-21T01:02:02.000Z,Dynasty
https://www.fantasyguru.com/rams-wednesday-practice-report-for-rams-9,rams-wednesday-practice-report-for-rams-9,2024-11-21T00:55:08.000Z,Practice Report
https://www.fantasyguru.com/raiders-wednesday-practice-report-for-raiders-7,raiders-wednesday-practice-report-for-raiders-7,2024-11-21T00:55:08.000Z,Practice Report
https://www.fantasyguru.com/49ers-wednesday-practice-report-for-49ers-8,49ers-wednesday-practice-report-for-49ers-8,2024-11-21T00:55:07.000Z,Practice Report
https://www.fantasyguru.com/cardinals-wednesday-practice-report-for-cardinals-5,cardinals-wednesday-practice-report-for-cardinals-5,2024-11-21T00:55:05.000Z,Practice Report
https://www.fantasyguru.com/dolphins-wednesday-practice-report-for-dolphins-5,dolphins-wednesday-practice-report-for-dolphins-5,2024-11-20T23:55:10.000Z,Practice Report
https://www.fantasyguru.com/eagles-wednesday-practice-report-for-eagles-4,eagles-wednesday-practice-report-for-eagles-4,2024-11-20T23:55:09.000Z,Practice Report
https://www.fantasyguru.com/vikings-wednesday-practice-report-for-vikings-4,vikings-wednesday-practice-report-for-vikings-4,2024-11-20T23:55:08.000Z,Practice Report
https://www.fantasyguru.com/broncos-denvers-wednesday-practice-report-2,broncos-denvers-wednesday-practice-report-2,2024-11-20T23:55:08.000Z,Practice Report
https://www.fantasyguru.com/packers-wednesday-practice-report-for-packers-5,packers-wednesday-practice-report-for-packers-5,2024-11-20T23:55:05.000Z,Practice Report
https://www.fantasyguru.com/2024-nfl-practice-report-week-12-wednesday,2024-nfl-practice-report-week-12-wednesday,2024-11-20T23:15:29.000Z,Practice Report
https://www.fantasyguru.com/buccaneers-wednesday-practice-report-for-bucs-7,buccaneers-wednesday-practice-report-for-bucs-7,2024-11-20T22:55:07.000Z,Practice Report
https://www.fantasyguru.com/titans-wednesday-practice-report-for-titans-9,titans-wednesday-practice-report-for-titans-9,2024-11-20T22:55:06.000Z,Practice Report
https://www.fantasyguru.com/nfl-dfs-contest-selection-week-12-2024,nfl-dfs-contest-selection-week-12-2024,2024-11-20T22:43:06.000Z,NFL DFS Breakdown
https://www.fantasyguru.com/patriots-wednesday-practice-report-for-patriots-7,patriots-wednesday-practice-report-for-patriots-7,2024-11-20T21:55:08.000Z,Practice Report
https://www.fantasyguru.com/giants-wednesday-practice-report-for-giants-3,giants-wednesday-practice-report-for-giants-3,2024-11-20T21:55:07.000Z,Practice Report
https://www.fantasyguru.com/lions-detroits-wednesday-practice-report-5,lions-detroits-wednesday-practice-report-5,2024-11-20T21:55:07.000Z,Practice Report
https://www.fantasyguru.com/commanders-wednesday-practice-report-for-was-6,commanders-wednesday-practice-report-for-was-6,2024-11-20T21:55:06.000Z,Practice Report
https://www.fantasyguru.com/chiefs-wednesday-practice-report-for-chiefs-7,chiefs-wednesday-practice-report-for-chiefs-7,2024-11-20T21:55:05.000Z,Practice Report
https://www.fantasyguru.com/panthers-wednesday-practice-report-for-panthers-9,panthers-wednesday-practice-report-for-panthers-9,2024-11-20T20:55:07.000Z,Practice Report
https://www.fantasyguru.com/bears-wednesday-practice-report-for-bears-5,bears-wednesday-practice-report-for-bears-5,2024-11-20T20:55:06.000Z,Practice Report
https://www.fantasyguru.com/colts-wednesday-practice-report-for-indy,colts-wednesday-practice-report-for-indy,2024-11-20T20:55:05.000Z,Practice Report
https://www.fantasyguru.com/2024-nfl-weekly-streamers-week-12,2024-nfl-weekly-streamers-week-12,2024-11-20T19:36:13.000Z,
https://www.fantasyguru.com/fbs-ray-lewis-may-enter-coaching-pool,fbs-ray-lewis-may-enter-coaching-pool,2024-11-20T16:55:05.000Z,
https://www.fantasyguru.com/targets-and-touches-week-11-3,targets-and-touches-week-11-3,2024-11-19T23:50:16.000Z,Targets & Touches
https://www.fantasyguru.com/2024-qb-coach-week-12,2024-qb-coach-week-12,2024-11-19T22:09:09.000Z,QB Analysis
https://www.fantasyguru.com/steelers-pittsburghs-tuesday-practice-report,steelers-pittsburghs-tuesday-practice-report,2024-11-19T21:55:07.000Z,Practice Report
https://www.fantasyguru.com/browns-tuesdays-practice-report-for-cleveland,browns-tuesdays-practice-report-for-cleveland,2024-11-19T21:55:06.000Z,Practice Report
https://www.fantasyguru.com/seahawks-johnathan-hankins-records-first-nfl-int,seahawks-johnathan-hankins-records-first-nfl-int,2024-11-19T06:55:05.000Z,
https://www.fantasyguru.com/nfl-dfs-cash-game-review-week-11-2024,nfl-dfs-cash-game-review-week-11-2024,2024-11-19T06:04:41.000Z,NFL DFS Breakdown
https://www.fantasyguru.com/browns-monday-practice-report-for-browns,browns-monday-practice-report-for-browns,2024-11-18T21:55:04.000Z,Practice Report
https://www.fantasyguru.com/armando-marsals-nfl-recap-week-11-2024,armando-marsals-nfl-recap-week-11-2024,2024-11-18T05:34:35.000Z,
https://www.fantasyguru.com/packers-rashan-gary-gets-to-quarterback,packers-rashan-gary-gets-to-quarterback,2024-11-17T21:55:06.000Z,QB Analysis
https://www.fantasyguru.com/nfl-dfs-wr-coach-week-11-2024,nfl-dfs-wr-coach-week-11-2024,2024-11-17T13:31:59.000Z,NFL DFS Breakdown
https://www.fantasyguru.com/2024-nfl-injury-report-week-11,2024-nfl-injury-report-week-11,2024-11-17T13:06:48.000Z,
https://www.fantasyguru.com/jeff-mans-dfs-nfl-cash-game-breakdown-week-11-2024,jeff-mans-dfs-nfl-cash-game-breakdown-week-11-2024,2024-11-17T08:28:35.000Z,NFL DFS Breakdown
https://www.fantasyguru.com/nfl-core-4-dfs-livestream-recap-nov-15-2024,nfl-core-4-dfs-livestream-recap-nov-15-2024,2024-11-16T18:11:07.000Z,Podcast/Livestream
https://www.fantasyguru.com/2024-nfl-weekly-streamers-week-11,2024-nfl-weekly-streamers-week-11,2024-11-16T15:10:42.000Z,
https://www.fantasyguru.com/jeff-mans-dfs-nfl-cash-game-breakdown-week-10-2024,jeff-mans-dfs-nfl-cash-game-breakdown-week-10-2024,2024-11-16T14:50:09.000Z,NFL DFS Breakdown
https://www.fantasyguru.com/chargers-lac-works-out-two-tight-ends,chargers-lac-works-out-two-tight-ends,2024-11-16T01:55:06.000Z,
https://www.fantasyguru.com/2024-week-11-nfl-gameday-matchups,2024-week-11-nfl-gameday-matchups,2024-11-16T00:57:20.000Z,
https://www.fantasyguru.com/jaguars-jags-final-practice-report-for-week-11,jaguars-jags-final-practice-report-for-week-11,2024-11-15T21:55:05.000Z,Practice Report
https://www.fantasyguru.com/seahawks-thursday-practice-report-for-sea,seahawks-thursday-practice-report-for-sea,2024-11-15T01:55:05.000Z,Practice Report
https://www.fantasyguru.com/2024-nfl-practice-report-week-11-thursday,2024-nfl-practice-report-week-11-thursday,2024-11-15T01:30:37.000Z,Practice Report
https://www.fantasyguru.com/patriots-thursday-practice-report-for-patriots-3,patriots-thursday-practice-report-for-patriots-3,2024-11-15T00:55:07.000Z,Practice Report
https://www.fantasyguru.com/rams-thursday-practice-report-for-rams-6,rams-thursday-practice-report-for-rams-6,2024-11-15T00:55:07.000Z,Practice Report
https://www.fantasyguru.com/49ers-thursday-practice-report-for-49ers-9,49ers-thursday-practice-report-for-49ers-9,2024-11-15T00:55:05.000Z,Practice Report
https://www.fantasyguru.com/bengals-thursday-practice-report-for-bengals-6,bengals-thursday-practice-report-for-bengals-6,2024-11-14T22:55:08.000Z,Practice Report
https://www.fantasyguru.com/broncos-thursday-practice-report-for-broncos-5,broncos-thursday-practice-report-for-broncos-5,2024-11-14T22:55:08.000Z,Practice Report
https://www.fantasyguru.com/chargers-thursday-practice-report-for-lac-2,chargers-thursday-practice-report-for-lac-2,2024-11-14T22:55:05.000Z,Practice Report
https://www.fantasyguru.com/2024-red-zone-review-after-week-10,2024-red-zone-review-after-week-10,2024-11-14T21:56:56.000Z,
https://www.fantasyguru.com/packers-thursday-practice-report-for-packers-3,packers-thursday-practice-report-for-packers-3,2024-11-14T21:55:07.000Z,Practice Report
https://www.fantasyguru.com/jets-thursday-practice-report-for-jets-3,jets-thursday-practice-report-for-jets-3,2024-11-14T21:55:06.000Z,Practice Report
https://www.fantasyguru.com/bills-buffalos-thursday-practice-report-4,bills-buffalos-thursday-practice-report-4,2024-11-14T20:55:07.000Z,Practice Report
https://www.fantasyguru.com/colts-thursdays-practice-report-for-indianapolis,colts-thursdays-practice-report-for-indianapolis,2024-11-14T20:55:06.000Z,Practice Report
https://www.fantasyguru.com/bears-chicagos-practice-report-for-thursday,bears-chicagos-practice-report-for-thursday,2024-11-14T20:55:05.000Z,Practice Report
https://www.fantasyguru.com/seahawks-wednesday-practice-report-for-seahawks-8,seahawks-wednesday-practice-report-for-seahawks-8,2024-11-14T01:55:06.000Z,Practice Report
https://www.fantasyguru.com/raiders-wednesday-practice-report-for-raiders-6,raiders-wednesday-practice-report-for-raiders-6,2024-11-14T00:55:07.000Z,Practice Report
https://www.fantasyguru.com/chargers-wednesday-practice-report-for-lac-2,chargers-wednesday-practice-report-for-lac-2,2024-11-14T00:55:07.000Z,Practice Report
https://www.fantasyguru.com/rams-wednesday-practice-report-for-rams-8,rams-wednesday-practice-report-for-rams-8,2024-11-14T00:55:06.000Z,Practice Report
https://www.fantasyguru.com/49ers-wednesday-practice-report-for-49ers-7,49ers-wednesday-practice-report-for-49ers-7,2024-11-14T00:55:05.000Z,Practice Report
https://www.fantasyguru.com/nfl-dfs-contest-selection-week-11-2024,nfl-dfs-contest-selection-week-11-2024,2024-11-14T00:45:50.000Z,NFL DFS Breakdown
https://www.fantasyguru.com/dynasty-ratings-update-11-13-24,dynasty-ratings-update-11-13-24,2024-11-13T23:56:51.000Z,Dynasty
https://www.fantasyguru.com/falcons-wednesday-practice-report-for-atlanta,falcons-wednesday-practice-report-for-atlanta,2024-11-13T23:55:08.000Z,Practice Report
https://www.fantasyguru.com/saints-wednesday-practice-report-for-saints-8,saints-wednesday-practice-report-for-saints-8,2024-11-13T23:55:07.000Z,Practice Report
https://www.fantasyguru.com/jaguars-wednesday-practice-report-for-jaguars-6,jaguars-wednesday-practice-report-for-jaguars-6,2024-11-13T23:55:06.000Z,Practice Report
https://www.fantasyguru.com/titans-wednesday-practice-report-for-titans-8,titans-wednesday-practice-report-for-titans-8,2024-11-13T23:55:05.000Z,Practice Report
https://www.fantasyguru.com/bengals-wednesday-practice-report-for-bengals-7,bengals-wednesday-practice-report-for-bengals-7,2024-11-13T22:55:07.000Z,Practice Report
https://www.fantasyguru.com/dolphins-wednesday-practice-report-for-dolphins-4,dolphins-wednesday-practice-report-for-dolphins-4,2024-11-13T22:55:06.000Z,Practice Report
https://www.fantasyguru.com/browns-wednesday-practice-report-for-browns-9,browns-wednesday-practice-report-for-browns-9,2024-11-13T22:55:06.000Z,Practice Report
https://www.fantasyguru.com/packers-wednesday-practice-report-for-gb,packers-wednesday-practice-report-for-gb,2024-11-13T22:55:05.000Z,Practice Report
https://www.fantasyguru.com/2024-nfl-practice-report-week-11-wednesday,2024-nfl-practice-report-week-11-wednesday,2024-11-13T22:50:05.000Z,Practice Report
https://www.fantasyguru.com/colts-wednesday-practice-report-for-colts-7,colts-wednesday-practice-report-for-colts-7,2024-11-13T21:55:08.000Z,Practice Report
https://www.fantasyguru.com/lions-detroits-wednesday-practice-report-4,lions-detroits-wednesday-practice-report-4,2024-11-13T21:55:07.000Z,Practice Report
https://www.fantasyguru.com/steelers-wednesday-practice-report-for-steelers-5,steelers-wednesday-practice-report-for-steelers-5,2024-11-13T21:55:06.000Z,Practice Report
https://www.fantasyguru.com/jets-wednesday-practice-report-for-jets-5,jets-wednesday-practice-report-for-jets-5,2024-11-13T21:55:05.000Z,Practice Report
https://www.fantasyguru.com/snap-counts-amp-usage-from-week-10-2024,snap-counts-amp-usage-from-week-10-2024,2024-11-13T21:18:56.000Z,
https://www.fantasyguru.com/eagles-tuesday-practice-report-for-eagles,eagles-tuesday-practice-report-for-eagles,2024-11-12T23:55:07.000Z,Practice Report
https://www.fantasyguru.com/commanders-tuesdays-practice-report-for-washington,commanders-tuesdays-practice-report-for-washington,2024-11-12T22:55:05.000Z,Practice Report
https://www.fantasyguru.com/targets-and-touches,targets-and-touches,2024-11-12T22:49:52.000Z,Targets & Touches
https://www.fantasyguru.com/2024-qb-coach-week-11,2024-qb-coach-week-11,2024-11-12T21:53:41.000Z,QB Analysis
https://www.fantasyguru.com/2024-idp-leagues-week-10-performers-week-11-waiver-wire-targets,2024-idp-leagues-week-10-performers-week-11-waiver-wire-targets,2024-11-12T17:34:28.000Z,Waiver Wire
https://www.fantasyguru.com/rams-kobie-turner-gets-to-the-quarterback,rams-kobie-turner-gets-to-the-quarterback,2024-11-12T05:55:06.000Z,QB Analysis
https://www.fantasyguru.com/eagles-monday-practice-report-for-eagles,eagles-monday-practice-report-for-eagles,2024-11-11T22:55:06.000Z,Practice Report
https://www.fantasyguru.com/commanders-monday-practice-report-for-was,commanders-monday-practice-report-for-was,2024-11-11T21:55:05.000Z,Practice Report
https://www.fantasyguru.com/nfl-dfs-cash-game-review-week-10-2024,nfl-dfs-cash-game-review-week-10-2024,2024-11-11T21:14:35.000Z,NFL DFS Breakdown
https://www.fantasyguru.com/armando-marsals-nfl-recap-week-10-2024,armando-marsals-nfl-recap-week-10-2024,2024-11-11T04:58:09.000Z,
https://www.fantasyguru.com/49ers-ricky-pearsall-scores-first-nfl-td,49ers-ricky-pearsall-scores-first-nfl-td,2024-11-11T01:55:08.000Z,
https://www.fantasyguru.com/vikings-andrew-van-ginkel-gets-to-quarterback,vikings-andrew-van-ginkel-gets-to-quarterback,2024-11-10T21:55:06.000Z,QB Analysis
https://www.fantasyguru.com/2024-nfl-injury-report-week-10,2024-nfl-injury-report-week-10,2024-11-10T16:53:58.000Z,
https://www.fantasyguru.com/nfl-dfs-wr-coach-week-10-2024,nfl-dfs-wr-coach-week-10-2024,2024-11-10T15:01:43.000Z,NFL DFS Breakdown
https://www.fantasyguru.com/nfl-gpp-breakdown-week-10-2024,nfl-gpp-breakdown-week-10-2024,2024-11-10T13:41:11.000Z,
https://www.fantasyguru.com/nfl-core-4-dfs-livestream-recap-nov-8-2024,nfl-core-4-dfs-livestream-recap-nov-8-2024,2024-11-09T19:11:17.000Z,Podcast/Livestream
https://www.fantasyguru.com/rams-friday-practice-report-for-rams,rams-friday-practice-report-for-rams,2024-11-09T00:55:05.000Z,Practice Report
https://www.fantasyguru.com/2024-week-10-nfl-gameday-matchups,2024-week-10-nfl-gameday-matchups,2024-11-09T00:46:06.000Z,
https://www.fantasyguru.com/2024-idp-leagues-week-9-performers-week-10-waiver-wire-targets,2024-idp-leagues-week-9-performers-week-10-waiver-wire-targets,2024-11-08T17:08:51.000Z,Waiver Wire
https://www.fantasyguru.com/2024-nfl-practice-report-week-10-thursday,2024-nfl-practice-report-week-10-thursday,2024-11-08T02:36:13.000Z,Practice Report
https://www.fantasyguru.com/rams-thursday-practice-report-for-rams-5,rams-thursday-practice-report-for-rams-5,2024-11-08T01:55:07.000Z,Practice Report
https://www.fantasyguru.com/buccaneers-thursday-practice-report-for-tampa,buccaneers-thursday-practice-report-for-tampa,2024-11-08T00:55:05.000Z,Practice Report
https://www.fantasyguru.com/cowboys-thursday-practice-report-for-cowboys-5,cowboys-thursday-practice-report-for-cowboys-5,2024-11-07T23:55:08.000Z,Practice Report
https://www.fantasyguru.com/49ers-thursday-practice-report-for-49ers-8,49ers-thursday-practice-report-for-49ers-8,2024-11-07T23:55:05.000Z,Practice Report
https://www.fantasyguru.com/jets-thursday-practice-report-for-jets-2,jets-thursday-practice-report-for-jets-2,2024-11-07T21:55:07.000Z,Practice Report
https://www.fantasyguru.com/cardinals-arizonas-thursday-practice-report-2,cardinals-arizonas-thursday-practice-report-2,2024-11-07T21:55:07.000Z,Practice Report
https://www.fantasyguru.com/vikings-thursday-practice-report-for-vikings-4,vikings-thursday-practice-report-for-vikings-4,2024-11-07T21:55:05.000Z,Practice Report
https://www.fantasyguru.com/2024-red-zone-review-after-week-9,2024-red-zone-review-after-week-9,2024-11-07T21:35:53.000Z,
https://www.fantasyguru.com/2024-nfl-fantasy-billboard-fantasy-football-at-the-movies,2024-nfl-fantasy-billboard-fantasy-football-at-the-movies,2024-11-07T21:10:59.000Z,
https://www.fantasyguru.com/steelers-pittsburghs-thursday-practice-report,steelers-pittsburghs-thursday-practice-report,2024-11-07T20:55:07.000Z,Practice Report
https://www.fantasyguru.com/bills-buffalos-practice-report-for-thursday-2,bills-buffalos-practice-report-for-thursday-2,2024-11-07T20:55:06.000Z,Practice Report
https://www.fantasyguru.com/panthers-thursdays-practice-report-for-carolina-4,panthers-thursdays-practice-report-for-carolina-4,2024-11-07T18:55:05.000Z,Practice Report
https://www.fantasyguru.com/nfl-dfs-contest-selection-week-10-2024,nfl-dfs-contest-selection-week-10-2024,2024-11-07T03:28:48.000Z,NFL DFS Breakdown
https://www.fantasyguru.com/buccaneers-wednesday-practice-report-for-bucs-6,buccaneers-wednesday-practice-report-for-bucs-6,2024-11-07T01:55:08.000Z,Practice Report
https://www.fantasyguru.com/chiefs-wednesday-practice-report-for-chiefs-6,chiefs-wednesday-practice-report-for-chiefs-6,2024-11-07T01:55:07.000Z,Practice Report
https://www.fantasyguru.com/49ers-wednesday-practice-report-for-49ers-6,49ers-wednesday-practice-report-for-49ers-6,2024-11-07T01:55:06.000Z,Practice Report
https://www.fantasyguru.com/saints-wednesday-practice-report-for-saints-7,saints-wednesday-practice-report-for-saints-7,2024-11-07T00:55:08.000Z,Practice Report
https://www.fantasyguru.com/jaguars-wednesday-practice-report-for-jaguars-5,jaguars-wednesday-practice-report-for-jaguars-5,2024-11-07T00:55:07.000Z,Practice Report
https://www.fantasyguru.com/cardinals-wednesday-practice-report-for-cardinals-4,cardinals-wednesday-practice-report-for-cardinals-4,2024-11-07T00:55:06.000Z,Practice Report
https://www.fantasyguru.com/titans-wednesday-practice-report-for-titans-7,titans-wednesday-practice-report-for-titans-7,2024-11-07T00:55:05.000Z,Practice Report
https://www.fantasyguru.com/texans-houstons-wednesday-practice-report,texans-houstons-wednesday-practice-report,2024-11-06T23:55:08.000Z,Practice Report
https://www.fantasyguru.com/broncos-wednesday-practice-report-for-broncos-5,broncos-wednesday-practice-report-for-broncos-5,2024-11-06T23:55:07.000Z,Practice Report
https://www.fantasyguru.com/chargers-wednesday-practice-report-for-chargers-4,chargers-wednesday-practice-report-for-chargers-4,2024-11-06T23:55:07.000Z,Practice Report
https://www.fantasyguru.com/eagles-wednesday-practice-report-for-eagles-3,eagles-wednesday-practice-report-for-eagles-3,2024-11-06T23:55:05.000Z,Practice Report
https://www.fantasyguru.com/2024-nfl-practice-report-week-10-wednesday,2024-nfl-practice-report-week-10-wednesday,2024-11-06T23:29:45.000Z,Practice Report
https://www.fantasyguru.com/dynasty-ratings-update-11-6-24,dynasty-ratings-update-11-6-24,2024-11-06T23:07:12.000Z,Dynasty
https://www.fantasyguru.com/giants-wednesday-practice-report-for-giants-2,giants-wednesday-practice-report-for-giants-2,2024-11-06T22:55:07.000Z,Practice Report
https://www.fantasyguru.com/patriots-wednesday-practice-report-for-pats,patriots-wednesday-practice-report-for-pats,2024-11-06T22:55:07.000Z,Practice Report
https://www.fantasyguru.com/jets-wednesday-practice-report-for-jets-4,jets-wednesday-practice-report-for-jets-4,2024-11-06T22:55:06.000Z,Practice Report
https://www.fantasyguru.com/falcons-wednesday-practice-report-for-falcons-3,falcons-wednesday-practice-report-for-falcons-3,2024-11-06T22:55:05.000Z,Practice Report
https://www.fantasyguru.com/bears-wednesday-practice-report-for-bears-4,bears-wednesday-practice-report-for-bears-4,2024-11-06T21:55:07.000Z,Practice Report
https://www.fantasyguru.com/commanders-wednesday-practice-report-for-was-5,commanders-wednesday-practice-report-for-was-5,2024-11-06T21:55:06.000Z,Practice Report
https://www.fantasyguru.com/panthers-wednesday-practice-report-for-panthers-8,panthers-wednesday-practice-report-for-panthers-8,2024-11-06T20:55:06.000Z,Practice Report
https://www.fantasyguru.com/2024-nfl-weekly-streamers-week-10,2024-nfl-weekly-streamers-week-10,2024-11-06T18:27:33.000Z,
https://www.fantasyguru.com/snap-counts-amp-usage-from-week-9-2024,snap-counts-amp-usage-from-week-9-2024,2024-11-06T17:56:26.000Z,
https://www.fantasyguru.com/nfl-jimmy-moreland-suspended,nfl-jimmy-moreland-suspended,2024-11-06T01:55:06.000Z,
https://www.fantasyguru.com/targets-and-touches-week-9-4,targets-and-touches-week-9-4,2024-11-05T23:15:38.000Z,Targets & Touches
https://www.fantasyguru.com/bengals-tuesday-practice-report-for-baltimore,bengals-tuesday-practice-report-for-baltimore,2024-11-05T22:55:06.000Z,Practice Report
https://www.fantasyguru.com/ravens-tuesday-practice-report-for-baltimore-3,ravens-tuesday-practice-report-for-baltimore-3,2024-11-05T22:55:05.000Z,Practice Report
https://www.fantasyguru.com/2024-qb-coach-week-10,2024-qb-coach-week-10,2024-11-05T22:10:37.000Z,QB Analysis
https://www.fantasyguru.com/buccaneers-calijah-kancey-gets-to-qb-twice,buccaneers-calijah-kancey-gets-to-qb-twice,2024-11-05T05:55:05.000Z,QB Analysis
https://www.fantasyguru.com/nfl-dfs-cash-game-review-week-9-2024,nfl-dfs-cash-game-review-week-9-2024,2024-11-05T04:53:31.000Z,NFL DFS Breakdown
https://www.fantasyguru.com/ravens-monday-practice-report-for-ravens,ravens-monday-practice-report-for-ravens,2024-11-04T22:55:07.000Z,Practice Report
https://www.fantasyguru.com/bengals-monday-practice-report-for-bengals-2,bengals-monday-practice-report-for-bengals-2,2024-11-04T22:55:06.000Z,Practice Report
https://www.fantasyguru.com/panthers-no-decision-on-week-10-quarterback,panthers-no-decision-on-week-10-quarterback,2024-11-04T21:55:06.000Z,QB Analysis
https://www.fantasyguru.com/armando-marsals-nfl-recap-week-9-2024,armando-marsals-nfl-recap-week-9-2024,2024-11-04T06:26:56.000Z,
https://www.fantasyguru.com/2024-nfl-injury-report-week-9,2024-nfl-injury-report-week-9,2024-11-03T16:55:56.000Z,
https://www.fantasyguru.com/jeff-mans-dfs-nfl-cash-game-breakdown-week-9-2024,jeff-mans-dfs-nfl-cash-game-breakdown-week-9-2024,2024-11-03T16:45:42.000Z,NFL DFS Breakdown
https://www.fantasyguru.com/nfl-dfs-wr-coach-week-9-2024,nfl-dfs-wr-coach-week-9-2024,2024-11-03T13:12:30.000Z,NFL DFS Breakdown
https://www.fantasyguru.com/nfl-gpp-breakdown-week-9-2024,nfl-gpp-breakdown-week-9-2024,2024-11-02T20:51:31.000Z,
https://www.fantasyguru.com/nfl-core-4-dfs-livestream-recap-nov-1-2024,nfl-core-4-dfs-livestream-recap-nov-1-2024,2024-11-02T16:29:20.000Z,Podcast/Livestream
https://www.fantasyguru.com/jeff-mans-dfs-nfl-cash-game-breakdown-week-8-2024,jeff-mans-dfs-nfl-cash-game-breakdown-week-8-2024,2024-11-02T12:40:30.000Z,NFL DFS Breakdown
https://www.fantasyguru.com/titans-starting-qb-uncertain-for-titans,titans-starting-qb-uncertain-for-titans,2024-11-02T00:55:06.000Z,QB Analysis
https://www.fantasyguru.com/2024-week-nine-nfl-gameday-matchups,2024-week-nine-nfl-gameday-matchups,2024-11-01T23:13:17.000Z,
https://www.fantasyguru.com/buccaneers-friday-practice-report-for-bucs,buccaneers-friday-practice-report-for-bucs,2024-11-01T22:55:06.000Z,Practice Report
https://www.fantasyguru.com/bears-bears-final-practice-report,bears-bears-final-practice-report,2024-11-01T21:55:07.000Z,Practice Report
https://www.fantasyguru.com/chiefs-friday-practice-report-for-chiefs,chiefs-friday-practice-report-for-chiefs,2024-11-01T21:55:04.000Z,Practice Report
https://www.fantasyguru.com/2024-nfl-practice-report-week-9-thursday,2024-nfl-practice-report-week-9-thursday,2024-11-01T11:52:35.000Z,Practice Report
https://www.fantasyguru.com/seahawks-thursday-practice-report-for-seahawks-8,seahawks-thursday-practice-report-for-seahawks-8,2024-11-01T00:55:07.000Z,Practice Report
https://www.fantasyguru.com/raiders-thursday-practice-report-for-raiders-4,raiders-thursday-practice-report-for-raiders-4,2024-11-01T00:55:06.000Z,Practice Report
https://www.fantasyguru.com/chargers-thursday-practice-report-for-lac,chargers-thursday-practice-report-for-lac,2024-11-01T00:55:04.000Z,Practice Report
https://www.fantasyguru.com/browns-thursday-practice-report-for-browns-3,browns-thursday-practice-report-for-browns-3,2024-10-31T23:55:07.000Z,Practice Report
https://www.fantasyguru.com/broncos-thursday-practice-report-for-broncos-4,broncos-thursday-practice-report-for-broncos-4,2024-10-31T23:55:07.000Z,Practice Report
https://www.fantasyguru.com/saints-thursday-practice-report-for-saints-4,saints-thursday-practice-report-for-saints-4,2024-10-31T23:55:06.000Z,Practice Report
https://www.fantasyguru.com/buccaneers-thursday-practice-report-for-bucs-2,buccaneers-thursday-practice-report-for-bucs-2,2024-10-31T23:55:05.000Z,Practice Report
https://www.fantasyguru.com/colts-indys-thursday-practice-report-3,colts-indys-thursday-practice-report-3,2024-10-31T22:55:07.000Z,Practice Report
https://www.fantasyguru.com/jaguars-thursday-practice-report-for-jaguars-3,jaguars-thursday-practice-report-for-jaguars-3,2024-10-31T22:55:06.000Z,Practice Report
https://www.fantasyguru.com/2024-red-zone-review-after-week-8,2024-red-zone-review-after-week-8,2024-10-31T22:13:03.000Z,
https://www.fantasyguru.com/eagles-thursday-practice-report-for-eagles-6,eagles-thursday-practice-report-for-eagles-6,2024-10-31T21:55:07.000Z,Practice Report
https://www.fantasyguru.com/ravens-thursday-practice-report-for-ravens-2,ravens-thursday-practice-report-for-ravens-2,2024-10-31T21:55:07.000Z,Practice Report
https://www.fantasyguru.com/bengals-thursday-practice-report-for-bengals-5,bengals-thursday-practice-report-for-bengals-5,2024-10-31T21:55:06.000Z,Practice Report
https://www.fantasyguru.com/packers-thursday-practice-report-for-packers-2,packers-thursday-practice-report-for-packers-2,2024-10-31T21:55:06.000Z,Practice Report
https://www.fantasyguru.com/vikings-thursday-practice-report-for-vikings-3,vikings-thursday-practice-report-for-vikings-3,2024-10-31T21:55:05.000Z,Practice Report
https://www.fantasyguru.com/lions-thursday-practice-report-for-lions,lions-thursday-practice-report-for-lions,2024-10-31T20:55:08.000Z,Practice Report
https://www.fantasyguru.com/commanders-thursday-practice-report-for-was-3,commanders-thursday-practice-report-for-was-3,2024-10-31T20:55:07.000Z,Practice Report
https://www.fantasyguru.com/dolphins-thursday-practice-report-for-dolphins-6,dolphins-thursday-practice-report-for-dolphins-6,2024-10-31T20:55:06.000Z,Practice Report
https://www.fantasyguru.com/panthers-thursdays-practice-report-for-carolina-3,panthers-thursdays-practice-report-for-carolina-3,2024-10-31T19:55:08.000Z,Practice Report
https://www.fantasyguru.com/bills-buffalos-thursday-practice-report-3,bills-buffalos-thursday-practice-report-3,2024-10-31T19:55:06.000Z,Practice Report
https://www.fantasyguru.com/2024-nfl-fantasy-billboard-fantasy-football-showboats-celebrations-of-doom,2024-nfl-fantasy-billboard-fantasy-football-showboats-celebrations-of-doom,2024-10-31T19:39:50.000Z,
https://www.fantasyguru.com/2024-week-7-nfl-gameday-matchups,2024-week-7-nfl-gameday-matchups,2024-10-31T14:41:30.000Z,
https://www.fantasyguru.com/seahawks-wednesday-practice-report-for-seahawks-7,seahawks-wednesday-practice-report-for-seahawks-7,2024-10-31T00:55:07.000Z,Practice Report
https://www.fantasyguru.com/rams-wednesday-practice-report-for-rams-7,rams-wednesday-practice-report-for-rams-7,2024-10-31T00:55:07.000Z,Practice Report
https://www.fantasyguru.com/raiders-wednesday-practice-report-for-raiders-5,raiders-wednesday-practice-report-for-raiders-5,2024-10-31T00:55:06.000Z,Practice Report
https://www.fantasyguru.com/dynasty-ratings-update-10-30-24,dynasty-ratings-update-10-30-24,2024-10-31T00:00:59.000Z,Dynasty
https://www.fantasyguru.com/jaguars-wednesday-practice-report-for-jaguars-4,jaguars-wednesday-practice-report-for-jaguars-4,2024-10-30T23:55:08.000Z,Practice Report
https://www.fantasyguru.com/titans-wednesday-practice-report-for-titans-6,titans-wednesday-practice-report-for-titans-6,2024-10-30T23:55:07.000Z,Practice Report
https://www.fantasyguru.com/saints-wednesday-practice-report-for-saints-6,saints-wednesday-practice-report-for-saints-6,2024-10-30T23:55:06.000Z,Practice Report
https://www.fantasyguru.com/broncos-wednesday-practice-report-for-broncos-4,broncos-wednesday-practice-report-for-broncos-4,2024-10-30T22:55:07.000Z,Practice Report
https://www.fantasyguru.com/cardinals-arizonas-wednesday-practice-report-2,cardinals-arizonas-wednesday-practice-report-2,2024-10-30T22:55:07.000Z,Practice Report
https://www.fantasyguru.com/colts-wednesday-practice-report-for-colts-6,colts-wednesday-practice-report-for-colts-6,2024-10-30T22:55:06.000Z,Practice Report
https://www.fantasyguru.com/browns-wednesday-practice-report-for-browns-8,browns-wednesday-practice-report-for-browns-8,2024-10-30T22:55:04.000Z,Practice Report
https://www.fantasyguru.com/2024-nfl-practice-report-week-9-wednesday,2024-nfl-practice-report-week-9-wednesday,2024-10-30T22:31:14.000Z,Practice Report
https://www.fantasyguru.com/nfl-dfs-contest-selection-week-9-2024,nfl-dfs-contest-selection-week-9-2024,2024-10-30T22:00:53.000Z,NFL DFS Breakdown
https://www.fantasyguru.com/vikings-wednesday-practice-report-for-vikings-3,vikings-wednesday-practice-report-for-vikings-3,2024-10-30T21:55:07.000Z,Practice Report
https://www.fantasyguru.com/patriots-wednesday-practice-report-for-patriots-6,patriots-wednesday-practice-report-for-patriots-6,2024-10-30T21:55:06.000Z,Practice Report
https://www.fantasyguru.com/giants-wednesday-practice-report-for-nyg-2,giants-wednesday-practice-report-for-nyg-2,2024-10-30T20:55:07.000Z,Practice Report
https://www.fantasyguru.com/cowboys-wednesday-practice-report-for-cowboys-6,cowboys-wednesday-practice-report-for-cowboys-6,2024-10-30T20:55:07.000Z,Practice Report
https://www.fantasyguru.com/falcons-atlantas-wednesday-practice-report-2,falcons-atlantas-wednesday-practice-report-2,2024-10-30T20:55:06.000Z,Practice Report
https://www.fantasyguru.com/lions-wednesday-practice-report-for-lions-3,lions-wednesday-practice-report-for-lions-3,2024-10-30T20:55:05.000Z,Practice Report
https://www.fantasyguru.com/bills-wednesday-practice-report-for-bills-3,bills-wednesday-practice-report-for-bills-3,2024-10-30T19:55:04.000Z,Practice Report
https://www.fantasyguru.com/2024-nfl-weekly-streamers-week-9,2024-nfl-weekly-streamers-week-9,2024-10-30T19:00:31.000Z,
https://www.fantasyguru.com/snap-counts-amp-usage-from-week-8-2024,snap-counts-amp-usage-from-week-8-2024,2024-10-30T17:04:35.000Z,
https://www.fantasyguru.com/roster-coach-nfl-livestream-recording-10-29,roster-coach-nfl-livestream-recording-10-29,2024-10-30T03:13:54.000Z,Podcast/Livestream
https://www.fantasyguru.com/nfl-will-parks-reinstated,nfl-will-parks-reinstated,2024-10-30T01:55:05.000Z,
https://www.fantasyguru.com/jets-tuesday-practice-report-for-jets-2,jets-tuesday-practice-report-for-jets-2,2024-10-29T23:55:07.000Z,Practice Report
https://www.fantasyguru.com/texans-tuesday-practice-report-for-houston-4,texans-tuesday-practice-report-for-houston-4,2024-10-29T22:55:05.000Z,Practice Report
https://www.fantasyguru.com/2024-qb-coach-week-9,2024-qb-coach-week-9,2024-10-29T21:42:15.000Z,QB Analysis
https://www.fantasyguru.com/targets-and-touches-week-8-4,targets-and-touches-week-8-4,2024-10-29T20:54:46.000Z,Targets & Touches
https://www.fantasyguru.com/2024-idp-leagues-week-8-performers-week-9-waiver-wire-targets,2024-idp-leagues-week-8-performers-week-9-waiver-wire-targets,2024-10-29T14:41:18.000Z,Waiver Wire
https://www.fantasyguru.com/giants-brian-burns-gets-to-the-quarterback,giants-brian-burns-gets-to-the-quarterback,2024-10-29T04:55:06.000Z,QB Analysis
https://www.fantasyguru.com/steelers-alex-highsmith-meets-at-the-quarterback,steelers-alex-highsmith-meets-at-the-quarterback,2024-10-29T04:55:06.000Z,QB Analysis
https://www.fantasyguru.com/jets-monday-practice-report-for-jets-3,jets-monday-practice-report-for-jets-3,2024-10-28T20:55:06.000Z,Practice Report
https://www.fantasyguru.com/texans-monday-practice-report-for-texans,texans-monday-practice-report-for-texans,2024-10-28T20:55:05.000Z,Practice Report
https://www.fantasyguru.com/nfl-dfs-cash-game-review-week-8-2024,nfl-dfs-cash-game-review-week-8-2024,2024-10-28T19:05:26.000Z,NFL DFS Breakdown
https://www.fantasyguru.com/armando-marsals-nfl-recap-week-8-2024,armando-marsals-nfl-recap-week-8-2024,2024-10-28T07:38:51.000Z,
https://www.fantasyguru.com/49ers-ricky-pearsall-plays-well-in-second-career-nfl-game,49ers-ricky-pearsall-plays-well-in-second-career-nfl-game,2024-10-28T06:55:06.000Z,
https://www.fantasyguru.com/broncos-nate-adkins-scores-first-nfl-td,broncos-nate-adkins-scores-first-nfl-td,2024-10-28T03:55:08.000Z,
https://www.fantasyguru.com/bears-montez-sweat-gets-to-the-quarterback,bears-montez-sweat-gets-to-the-quarterback,2024-10-28T03:55:07.000Z,QB Analysis
https://www.fantasyguru.com/colts-indy-tight-ends-invisible-again,colts-indy-tight-ends-invisible-again,2024-10-27T23:55:07.000Z,
https://www.fantasyguru.com/2024-nfl-injury-report-week-8,2024-nfl-injury-report-week-8,2024-10-27T15:37:58.000Z,
https://www.fantasyguru.com/nfl-dfs-wr-coach-week-8-2024,nfl-dfs-wr-coach-week-8-2024,2024-10-27T14:56:37.000Z,NFL DFS Breakdown
https://www.fantasyguru.com/national-cash-game-week,national-cash-game-week,2024-10-26T22:17:55.000Z,NFL DFS Breakdown
https://www.fantasyguru.com/nfl-gpp-breakdown-week-8-2024,nfl-gpp-breakdown-week-8-2024,2024-10-26T20:30:21.000Z,
https://www.fantasyguru.com/nfl-core-4-dfs-livestream-recap-oct-25-2024,nfl-core-4-dfs-livestream-recap-oct-25-2024,2024-10-26T12:31:49.000Z,Podcast/Livestream
https://www.fantasyguru.com/jeff-mans-dfs-nfl-cash-game-breakdown-week-7-2024,jeff-mans-dfs-nfl-cash-game-breakdown-week-7-2024,2024-10-26T02:18:29.000Z,NFL DFS Breakdown
https://www.fantasyguru.com/jeff-mans-dfs-nfl-cash-game-breakdown-week-3-2024,jeff-mans-dfs-nfl-cash-game-breakdown-week-3-2024,2024-10-26T02:15:53.000Z,NFL DFS Breakdown
https://www.fantasyguru.com/jeff-mans-dfs-nfl-cash-game-breakdown-week-4-2024,jeff-mans-dfs-nfl-cash-game-breakdown-week-4-2024,2024-10-26T02:14:19.000Z,NFL DFS Breakdown
https://www.fantasyguru.com/jeff-mans-dfs-nfl-cash-game-breakdown-week-5-2024,jeff-mans-dfs-nfl-cash-game-breakdown-week-5-2024,2024-10-26T02:13:47.000Z,NFL DFS Breakdown
https://www.fantasyguru.com/jeff-mans-dfs-nfl-cash-game-breakdown-week-6-2024,jeff-mans-dfs-nfl-cash-game-breakdown-week-6-2024,2024-10-26T02:13:23.000Z,NFL DFS Breakdown
https://www.fantasyguru.com/browns-browns-friday-practice-report,browns-browns-friday-practice-report,2024-10-25T20:55:08.000Z,Practice Report
https://www.fantasyguru.com/giants-friday-practice-report-for-giants,giants-friday-practice-report-for-giants,2024-10-25T20:55:08.000Z,Practice Report
https://www.fantasyguru.com/steelers-friday-practice-report-for-pit,steelers-friday-practice-report-for-pit,2024-10-25T20:55:05.000Z,Practice Report
https://www.fantasyguru.com/2024-week-8-nfl-gameday-matchups,2024-week-8-nfl-gameday-matchups,2024-10-25T05:52:21.000Z,
https://www.fantasyguru.com/seahawks-thursday-practice-report-for-seahawks-7,seahawks-thursday-practice-report-for-seahawks-7,2024-10-25T00:55:08.000Z,Practice Report
https://www.fantasyguru.com/2024-nfl-practice-report-week-8-thursday,2024-nfl-practice-report-week-8-thursday,2024-10-25T00:27:13.000Z,Practice Report
https://www.fantasyguru.com/saints-thursday-practice-report-for-saints-3,saints-thursday-practice-report-for-saints-3,2024-10-24T23:55:09.000Z,Practice Report
https://www.fantasyguru.com/broncos-thursday-practice-report-for-broncos-3,broncos-thursday-practice-report-for-broncos-3,2024-10-24T23:55:09.000Z,Practice Report
https://www.fantasyguru.com/chargers-thursday-practice-report-for-chargers-4,chargers-thursday-practice-report-for-chargers-4,2024-10-24T23:55:08.000Z,Practice Report
https://www.fantasyguru.com/49ers-thursday-practice-report-for-49ers-7,49ers-thursday-practice-report-for-49ers-7,2024-10-24T23:55:07.000Z,Practice Report
https://www.fantasyguru.com/dolphins-thursday-practice-report-for-dolphins-4,dolphins-thursday-practice-report-for-dolphins-4,2024-10-24T22:55:08.000Z,Practice Report
https://www.fantasyguru.com/bengals-thursday-practice-report-for-bengals-4,bengals-thursday-practice-report-for-bengals-4,2024-10-24T21:55:08.000Z,Practice Report
https://www.fantasyguru.com/eagles-thursday-practice-report-for-eagles-3,eagles-thursday-practice-report-for-eagles-3,2024-10-24T21:55:05.000Z,Practice Report
https://www.fantasyguru.com/2024-red-zone-review-after-week-7,2024-red-zone-review-after-week-7,2024-10-24T21:15:02.000Z,
https://www.fantasyguru.com/commanders-thursday-practice-report-for-commanders,commanders-thursday-practice-report-for-commanders,2024-10-24T20:55:09.000Z,Practice Report
https://www.fantasyguru.com/titans-titans-thursday-practice-report,titans-titans-thursday-practice-report,2024-10-24T20:55:08.000Z,Practice Report
https://www.fantasyguru.com/texans-thursday-practice-report-for-texans-2,texans-thursday-practice-report-for-texans-2,2024-10-24T20:55:08.000Z,Practice Report
https://www.fantasyguru.com/snap-counts-amp-usage-from-week-7-2024,snap-counts-amp-usage-from-week-7-2024,2024-10-24T20:21:50.000Z,
https://www.fantasyguru.com/bills-buffalos-practice-report-for-thursday,bills-buffalos-practice-report-for-thursday,2024-10-24T19:55:08.000Z,Practice Report
https://www.fantasyguru.com/giants-thursdays-practice-report-for-ny-giants-3,giants-thursdays-practice-report-for-ny-giants-3,2024-10-24T19:55:07.000Z,Practice Report
https://www.fantasyguru.com/colts-indys-thursday-practice-report-2,colts-indys-thursday-practice-report-2,2024-10-24T19:55:06.000Z,Practice Report
https://www.fantasyguru.com/2024-nfl-fantasy-billboard-fantasy-football-it-only-hurts-when-i-draft,2024-nfl-fantasy-billboard-fantasy-football-it-only-hurts-when-i-draft,2024-10-24T17:55:02.000Z,
https://www.fantasyguru.com/2024-nfl-practice-report-week-8-wednesday,2024-nfl-practice-report-week-8-wednesday,2024-10-24T05:22:18.000Z,Practice Report
https://www.fantasyguru.com/chargers-wednesday-practice-report-for-chargers-3,chargers-wednesday-practice-report-for-chargers-3,2024-10-24T00:55:10.000Z,Practice Report
https://www.fantasyguru.com/seahawks-wednesday-practice-report-for-seahawks-6,seahawks-wednesday-practice-report-for-seahawks-6,2024-10-24T00:55:09.000Z,Practice Report
https://www.fantasyguru.com/49ers-wednesday-practice-report-for-49ers-5,49ers-wednesday-practice-report-for-49ers-5,2024-10-24T00:55:09.000Z,Practice Report
https://www.fantasyguru.com/dynasty-ratings-update-10-23-24,dynasty-ratings-update-10-23-24,2024-10-24T00:34:55.000Z,Dynasty
https://www.fantasyguru.com/titans-wednesday-practice-report-for-titans-5,titans-wednesday-practice-report-for-titans-5,2024-10-23T23:55:10.000Z,Practice Report
https://www.fantasyguru.com/saints-wednesday-practice-report-for-saints-5,saints-wednesday-practice-report-for-saints-5,2024-10-23T23:55:09.000Z,Practice Report
https://www.fantasyguru.com/chiefs-wednesday-practice-report-for-chiefs-5,chiefs-wednesday-practice-report-for-chiefs-5,2024-10-23T23:55:08.000Z,Practice Report
https://www.fantasyguru.com/cardinals-arizonas-wednesday-practice-report,cardinals-arizonas-wednesday-practice-report,2024-10-23T23:55:08.000Z,Practice Report
https://www.fantasyguru.com/nfl-dfs-contest-selection-week-8-2024,nfl-dfs-contest-selection-week-8-2024,2024-10-23T22:57:27.000Z,NFL DFS Breakdown
https://www.fantasyguru.com/patriots-wednesday-practice-report-for-patriots-5,patriots-wednesday-practice-report-for-patriots-5,2024-10-23T22:55:10.000Z,Practice Report
https://www.fantasyguru.com/eagles-wednesday-practice-report-for-eagles-2,eagles-wednesday-practice-report-for-eagles-2,2024-10-23T22:55:09.000Z,Practice Report
https://www.fantasyguru.com/packers-wednesday-practice-report-for-packers-4,packers-wednesday-practice-report-for-packers-4,2024-10-23T22:55:08.000Z,Practice Report
https://www.fantasyguru.com/jaguars-wednesday-practice-report-for-jaguars-3,jaguars-wednesday-practice-report-for-jaguars-3,2024-10-23T22:55:07.000Z,Practice Report
https://www.fantasyguru.com/browns-wednesday-practice-report-for-browns-7,browns-wednesday-practice-report-for-browns-7,2024-10-23T21:55:09.000Z,Practice Report
https://www.fantasyguru.com/falcons-wednesday-practice-report-for-falcons-2,falcons-wednesday-practice-report-for-falcons-2,2024-10-23T21:55:08.000Z,Practice Report
https://www.fantasyguru.com/buccaneers-wednesday-practice-report-for-bucs-5,buccaneers-wednesday-practice-report-for-bucs-5,2024-10-23T21:55:08.000Z,Practice Report
https://www.fantasyguru.com/jets-wednesday-practice-report-for-jets-3,jets-wednesday-practice-report-for-jets-3,2024-10-23T21:55:05.000Z,Practice Report
https://www.fantasyguru.com/lions-detroits-wednesday-practice-report-3,lions-detroits-wednesday-practice-report-3,2024-10-23T20:55:09.000Z,Practice Report
https://www.fantasyguru.com/commanders-wednesday-practice-report-for-was-4,commanders-wednesday-practice-report-for-was-4,2024-10-23T20:55:08.000Z,Practice Report
https://www.fantasyguru.com/cowboys-wednesday-practice-report-for-cowboys-5,cowboys-wednesday-practice-report-for-cowboys-5,2024-10-23T20:55:07.000Z,Practice Report
https://www.fantasyguru.com/panthers-wednesday-practice-report-for-panthers-7,panthers-wednesday-practice-report-for-panthers-7,2024-10-23T19:55:08.000Z,Practice Report
https://www.fantasyguru.com/2024-nfl-weekly-streamers-week-8,2024-nfl-weekly-streamers-week-8,2024-10-23T18:36:59.000Z,
https://www.fantasyguru.com/2024-qb-coach-week-8,2024-qb-coach-week-8,2024-10-23T00:45:22.000Z,QB Analysis
https://www.fantasyguru.com/vikings-tuesday-practice-report-for-minnesota,vikings-tuesday-practice-report-for-minnesota,2024-10-22T22:55:07.000Z,Practice Report
https://www.fantasyguru.com/targets-and-touches-week-7-5,targets-and-touches-week-7-5,2024-10-22T21:38:17.000Z,Targets & Touches
https://www.fantasyguru.com/nfl-hunter-renfrow-unlikely-to-return-to-football,nfl-hunter-renfrow-unlikely-to-return-to-football,2024-10-22T19:55:07.000Z,
https://www.fantasyguru.com/2024-idp-leagues-week-7-performers-week-8-waiver-wire-targets,2024-idp-leagues-week-7-performers-week-8-waiver-wire-targets,2024-10-22T19:14:37.000Z,Waiver Wire
https://www.fantasyguru.com/rams-monday-practice-report-for-rams,rams-monday-practice-report-for-rams,2024-10-21T21:55:07.000Z,Practice Report
https://www.fantasyguru.com/vikings-monday-practice-report-for-vikings,vikings-monday-practice-report-for-vikings,2024-10-21T20:55:09.000Z,Practice Report
https://www.fantasyguru.com/nfl-dfs-monday-night-breakdown-week-7,nfl-dfs-monday-night-breakdown-week-7,2024-10-21T19:06:23.000Z,NFL DFS Breakdown
https://www.fantasyguru.com/nfl-dfs-cash-game-review-week-7-2024,nfl-dfs-cash-game-review-week-7-2024,2024-10-21T16:33:25.000Z,NFL DFS Breakdown
https://www.fantasyguru.com/armando-marsals-nfl-recap-week-7-2024,armando-marsals-nfl-recap-week-7-2024,2024-10-21T04:14:07.000Z,
https://www.fantasyguru.com/commanders-ben-sinnott-records-first-nfl-td,commanders-ben-sinnott-records-first-nfl-td,2024-10-21T03:55:10.000Z,
https://www.fantasyguru.com/49ers-brock-purdy-terrible-in-super-bowl-rematch,49ers-brock-purdy-terrible-in-super-bowl-rematch,2024-10-21T03:55:10.000Z,
https://www.fantasyguru.com/bengals-trey-hendrickson-records-five-qb-hits,bengals-trey-hendrickson-records-five-qb-hits,2024-10-20T22:55:08.000Z,QB Analysis
https://www.fantasyguru.com/giants-dexter-lawrence-gets-to-qb-twice,giants-dexter-lawrence-gets-to-qb-twice,2024-10-20T21:55:09.000Z,QB Analysis
https://www.fantasyguru.com/nfl-dfs-wr-coach-week-7-2024,nfl-dfs-wr-coach-week-7-2024,2024-10-20T15:33:48.000Z,NFL DFS Breakdown
https://www.fantasyguru.com/2024-nfl-injury-report-week-7,2024-nfl-injury-report-week-7,2024-10-20T14:42:36.000Z,
https://www.fantasyguru.com/lions-aidan-hutchinson-eyeing-super-bowl,lions-aidan-hutchinson-eyeing-super-bowl,2024-10-20T01:55:05.000Z,
https://www.fantasyguru.com/nfl-core-4-dfs-livestream-recap-oct-18-2024,nfl-core-4-dfs-livestream-recap-oct-18-2024,2024-10-19T17:07:37.000Z,Podcast/Livestream
https://www.fantasyguru.com/nfl-gpp-breakdown-week-7-2024,nfl-gpp-breakdown-week-7-2024,2024-10-19T16:47:56.000Z,
https://www.fantasyguru.com/chargers-friday-practice-report-for-chargers,chargers-friday-practice-report-for-chargers,2024-10-18T22:55:07.000Z,Practice Report
https://www.fantasyguru.com/cardinals-friday-practice-report-for-cardinals,cardinals-friday-practice-report-for-cardinals,2024-10-18T22:55:06.000Z,Practice Report
https://www.fantasyguru.com/49ers-49ers-final-week-7-practice-report,49ers-49ers-final-week-7-practice-report,2024-10-18T21:55:06.000Z,Practice Report
https://www.fantasyguru.com/raiders-thursday-practice-report-for-vegas,raiders-thursday-practice-report-for-vegas,2024-10-18T00:55:09.000Z,Practice Report
https://www.fantasyguru.com/rams-thursday-practice-report-for-rams-4,rams-thursday-practice-report-for-rams-4,2024-10-18T00:55:08.000Z,Practice Report
https://www.fantasyguru.com/2024-nfl-practice-report-week-7-thursday,2024-nfl-practice-report-week-7-thursday,2024-10-18T00:38:05.000Z,Practice Report
https://www.fantasyguru.com/cardinals-thursday-practice-report-for-cardinals-4,cardinals-thursday-practice-report-for-cardinals-4,2024-10-17T23:55:08.000Z,Practice Report
https://www.fantasyguru.com/49ers-thursday-practice-report-for-49ers-6,49ers-thursday-practice-report-for-49ers-6,2024-10-17T23:55:07.000Z,Practice Report
https://www.fantasyguru.com/seahawks-thursday-practice-report-for-seahawks-6,seahawks-thursday-practice-report-for-seahawks-6,2024-10-17T23:55:06.000Z,Practice Report
https://www.fantasyguru.com/eagles-thursday-practice-report-for-eagles-2,eagles-thursday-practice-report-for-eagles-2,2024-10-17T22:55:09.000Z,Practice Report
https://www.fantasyguru.com/vikings-thursday-practice-report-for-vikings-2,vikings-thursday-practice-report-for-vikings-2,2024-10-17T22:55:08.000Z,Practice Report
https://www.fantasyguru.com/chiefs-thursday-practice-report-for-chiefs-2,chiefs-thursday-practice-report-for-chiefs-2,2024-10-17T22:55:08.000Z,Practice Report
https://www.fantasyguru.com/packers-thursday-practice-report-for-gb,packers-thursday-practice-report-for-gb,2024-10-17T21:55:08.000Z,Practice Report
https://www.fantasyguru.com/ravens-baltimores-thursday-practice-report,ravens-baltimores-thursday-practice-report,2024-10-17T21:55:07.000Z,Practice Report
https://www.fantasyguru.com/2024-red-zone-review-after-week-6,2024-red-zone-review-after-week-6,2024-10-17T21:42:09.000Z,
https://www.fantasyguru.com/patriots-thursday-practice-report-for-patriots-2,patriots-thursday-practice-report-for-patriots-2,2024-10-17T20:55:09.000Z,Practice Report
https://www.fantasyguru.com/jaguars-thursday-practice-report-for-jaguars-2,jaguars-thursday-practice-report-for-jaguars-2,2024-10-17T20:55:07.000Z,Practice Report
https://www.fantasyguru.com/panthers-thursdays-practice-report-for-carolina-2,panthers-thursdays-practice-report-for-carolina-2,2024-10-17T19:55:09.000Z,Practice Report
https://www.fantasyguru.com/bills-thursday-practice-report-for-bills,bills-thursday-practice-report-for-bills,2024-10-17T19:55:06.000Z,Practice Report
https://www.fantasyguru.com/2024-nfl-fantasy-billboard-fantasy-football-hold-on-hold-out,2024-nfl-fantasy-billboard-fantasy-football-hold-on-hold-out,2024-10-17T12:28:04.000Z,
https://www.fantasyguru.com/titans-wednesday-practice-report-for-titans-4,titans-wednesday-practice-report-for-titans-4,2024-10-17T00:55:09.000Z,Practice Report
https://www.fantasyguru.com/raiders-wednesday-practice-report-for-raiders-4,raiders-wednesday-practice-report-for-raiders-4,2024-10-17T00:55:08.000Z,Practice Report
https://www.fantasyguru.com/rams-wednesday-practice-report-for-rams-6,rams-wednesday-practice-report-for-rams-6,2024-10-17T00:55:07.000Z,Practice Report
https://www.fantasyguru.com/49ers-wednesday-practice-report-for-sf,49ers-wednesday-practice-report-for-sf,2024-10-17T00:55:06.000Z,Practice Report
https://www.fantasyguru.com/2024-nfl-practice-report-week-7-wednesday,2024-nfl-practice-report-week-7-wednesday,2024-10-17T00:03:16.000Z,Practice Report
https://www.fantasyguru.com/vikings-wednesday-practice-report-for-min-2,vikings-wednesday-practice-report-for-min-2,2024-10-16T23:55:09.000Z,Practice Report
https://www.fantasyguru.com/seahawks-wednesday-practice-report-for-seahawks-5,seahawks-wednesday-practice-report-for-seahawks-5,2024-10-16T23:55:08.000Z,Practice Report
https://www.fantasyguru.com/texans-wednesday-practice-report-for-texans-4,texans-wednesday-practice-report-for-texans-4,2024-10-16T23:55:08.000Z,Practice Report
https://www.fantasyguru.com/colts-wednesday-practice-report-for-colts-5,colts-wednesday-practice-report-for-colts-5,2024-10-16T23:55:06.000Z,Practice Report
https://www.fantasyguru.com/dolphins-wednesday-practice-report-for-dolphins-3,dolphins-wednesday-practice-report-for-dolphins-3,2024-10-16T22:55:08.000Z,Practice Report
https://www.fantasyguru.com/patriots-wednesday-practice-report-for-patriots-4,patriots-wednesday-practice-report-for-patriots-4,2024-10-16T22:55:07.000Z,Practice Report
https://www.fantasyguru.com/jets-wednesday-practice-report-for-jets-2,jets-wednesday-practice-report-for-jets-2,2024-10-16T22:55:06.000Z,Practice Report
https://www.fantasyguru.com/dynasty-ratings-update-10-16-24,dynasty-ratings-update-10-16-24,2024-10-16T22:05:52.000Z,Dynasty
https://www.fantasyguru.com/eagles-wednesday-practice-report-for-philly-2,eagles-wednesday-practice-report-for-philly-2,2024-10-16T21:55:08.000Z,Practice Report
https://www.fantasyguru.com/lions-wednesday-practice-report-for-lions-2,lions-wednesday-practice-report-for-lions-2,2024-10-16T20:55:10.000Z,Practice Report
https://www.fantasyguru.com/commanders-wednesday-practice-report-for-was-3,commanders-wednesday-practice-report-for-was-3,2024-10-16T20:55:09.000Z,Practice Report
https://www.fantasyguru.com/falcons-wednesday-practice-report-for-falcons,falcons-wednesday-practice-report-for-falcons,2024-10-16T20:55:08.000Z,Practice Report
https://www.fantasyguru.com/bengals-wednesday-practice-report-for-bengals-6,bengals-wednesday-practice-report-for-bengals-6,2024-10-16T20:55:08.000Z,Practice Report
https://www.fantasyguru.com/chiefs-wednesday-practice-report-for-chiefs-4,chiefs-wednesday-practice-report-for-chiefs-4,2024-10-16T20:55:05.000Z,Practice Report
https://www.fantasyguru.com/nfl-dfs-contest-selection-week-7-2024,nfl-dfs-contest-selection-week-7-2024,2024-10-16T20:34:32.000Z,NFL DFS Breakdown
https://www.fantasyguru.com/panthers-carolinas-wednesday-practice-report,panthers-carolinas-wednesday-practice-report,2024-10-16T19:55:07.000Z,Practice Report
https://www.fantasyguru.com/2024-nfl-weekly-streamers-week-7,2024-nfl-weekly-streamers-week-7,2024-10-16T19:31:06.000Z,
https://www.fantasyguru.com/snap-counts-amp-usage-from-week-6-2024,snap-counts-amp-usage-from-week-6-2024,2024-10-16T17:15:10.000Z,
https://www.fantasyguru.com/targets-and-touches-week-6-3,targets-and-touches-week-6-3,2024-10-16T06:48:44.000Z,Targets & Touches
https://www.fantasyguru.com/nfl-hayden-hatten-back-from-suspension,nfl-hayden-hatten-back-from-suspension,2024-10-16T00:55:06.000Z,
https://www.fantasyguru.com/saints-tuesday-practice-report-for-new-orleans,saints-tuesday-practice-report-for-new-orleans,2024-10-15T22:55:07.000Z,Practice Report
https://www.fantasyguru.com/broncos-tuesday-practice-report-for-denver,broncos-tuesday-practice-report-for-denver,2024-10-15T21:55:06.000Z,Practice Report
https://www.fantasyguru.com/2024-qb-coach-week-7,2024-qb-coach-week-7,2024-10-15T21:42:30.000Z,QB Analysis
https://www.fantasyguru.com/2024-idp-leagues-week-6-performers-week-7-waiver-wire-targets,2024-idp-leagues-week-6-performers-week-7-waiver-wire-targets,2024-10-15T19:22:36.000Z,Waiver Wire
https://www.fantasyguru.com/bills-a-j-epenesa-gets-to-quarterback-twice,bills-a-j-epenesa-gets-to-quarterback-twice,2024-10-15T04:55:07.000Z,QB Analysis
https://www.fantasyguru.com/nfl-dfs-cash-game-review-week-6-2024,nfl-dfs-cash-game-review-week-6-2024,2024-10-15T01:44:07.000Z,NFL DFS Breakdown
https://www.fantasyguru.com/saints-monday-practice-report-for-saints,saints-monday-practice-report-for-saints,2024-10-14T21:55:07.000Z,Practice Report
https://www.fantasyguru.com/broncos-monday-practice-report-for-broncos,broncos-monday-practice-report-for-broncos,2024-10-14T20:55:08.000Z,Practice Report
https://www.fantasyguru.com/armando-marsals-nfl-recap-week-6-2024,armando-marsals-nfl-recap-week-6-2024,2024-10-14T05:02:25.000Z,
https://www.fantasyguru.com/2024-nfl-injury-report-week-6,2024-nfl-injury-report-week-6,2024-10-13T16:37:03.000Z,
https://www.fantasyguru.com/nfl-dfs-wr-coach-week-6-2024,nfl-dfs-wr-coach-week-6-2024,2024-10-13T14:42:00.000Z,NFL DFS Breakdown
https://www.fantasyguru.com/jets-jets-final-practice-report-for-week-6,jets-jets-final-practice-report-for-week-6,2024-10-12T20:55:07.000Z,Practice Report
https://www.fantasyguru.com/nfl-gpp-breakdown-week-6-2024,nfl-gpp-breakdown-week-6-2024,2024-10-12T17:08:15.000Z,
https://www.fantasyguru.com/nfl-core-4-dfs-livestream-recap-oct-11-2024,nfl-core-4-dfs-livestream-recap-oct-11-2024,2024-10-12T17:07:19.000Z,Podcast/Livestream
https://www.fantasyguru.com/nfl-jabril-cox-receives-clearance-by-doctors,nfl-jabril-cox-receives-clearance-by-doctors,2024-10-12T14:55:06.000Z,
https://www.fantasyguru.com/jets-friday-practice-report-for-jets-2,jets-friday-practice-report-for-jets-2,2024-10-11T21:55:06.000Z,Practice Report
https://www.fantasyguru.com/bills-fridays-practice-report-for-buffalo-2,bills-fridays-practice-report-for-buffalo-2,2024-10-11T17:55:07.000Z,Practice Report
https://www.fantasyguru.com/2024-nfl-practice-report-week-6-thursday,2024-nfl-practice-report-week-6-thursday,2024-10-11T00:11:56.000Z,Practice Report
https://www.fantasyguru.com/broncos-thursday-practice-report-for-broncos-2,broncos-thursday-practice-report-for-broncos-2,2024-10-10T23:55:08.000Z,Practice Report
https://www.fantasyguru.com/raiders-thursday-practice-report-for-raiders-3,raiders-thursday-practice-report-for-raiders-3,2024-10-10T23:55:07.000Z,Practice Report
https://www.fantasyguru.com/chargers-thursday-practice-report-for-chargers-3,chargers-thursday-practice-report-for-chargers-3,2024-10-10T23:55:04.000Z,Practice Report
https://www.fantasyguru.com/browns-thursday-practice-report-for-browns-2,browns-thursday-practice-report-for-browns-2,2024-10-10T22:55:06.000Z,Practice Report
https://www.fantasyguru.com/jaguars-thursday-practice-report-for-jaguars,jaguars-thursday-practice-report-for-jaguars,2024-10-10T22:55:06.000Z,Practice Report
https://www.fantasyguru.com/eagles-thursday-practice-report-for-eagles,eagles-thursday-practice-report-for-eagles,2024-10-10T21:55:08.000Z,Practice Report
https://www.fantasyguru.com/cardinals-thursday-practice-report-for-cardinals-3,cardinals-thursday-practice-report-for-cardinals-3,2024-10-10T21:55:07.000Z,Practice Report
https://www.fantasyguru.com/colts-colts-practice-report-for-thursday,colts-colts-practice-report-for-thursday,2024-10-10T20:55:09.000Z,Practice Report
https://www.fantasyguru.com/bengals-thursday-practice-report-for-bengals-3,bengals-thursday-practice-report-for-bengals-3,2024-10-10T20:55:08.000Z,Practice Report
https://www.fantasyguru.com/panthers-carolinas-thursday-practice-report-3,panthers-carolinas-thursday-practice-report-3,2024-10-10T19:55:08.000Z,Practice Report
https://www.fantasyguru.com/bills-thursdays-practice-report-for-buffalo,bills-thursdays-practice-report-for-buffalo,2024-10-10T19:55:07.000Z,Practice Report
https://www.fantasyguru.com/2024-red-zone-review-after-week-5,2024-red-zone-review-after-week-5,2024-10-10T19:25:13.000Z,
https://www.fantasyguru.com/2024-week-6-nfl-gameday-matchups,2024-week-6-nfl-gameday-matchups,2024-10-10T16:43:06.000Z,
https://www.fantasyguru.com/2024-nfl-fantasy-billboard-fantasy-football-family,2024-nfl-fantasy-billboard-fantasy-football-family,2024-10-10T12:45:28.000Z,
https://www.fantasyguru.com/nfl-tariq-carpenter-draws-a-suspension,nfl-tariq-carpenter-draws-a-suspension,2024-10-10T07:55:07.000Z,
https://www.fantasyguru.com/nfl-shi-smith-suspended,nfl-shi-smith-suspended,2024-10-10T07:55:06.000Z,
https://www.fantasyguru.com/browns-wednesday-practice-report-for-browns-6,browns-wednesday-practice-report-for-browns-6,2024-10-10T00:55:08.000Z,Practice Report
https://www.fantasyguru.com/raiders-wednesday-practice-report-for-raiders-3,raiders-wednesday-practice-report-for-raiders-3,2024-10-10T00:55:07.000Z,Practice Report
https://www.fantasyguru.com/nfl-dfs-contest-selection-week-6-2024,nfl-dfs-contest-selection-week-6-2024,2024-10-10T00:54:01.000Z,NFL DFS Breakdown
https://www.fantasyguru.com/titans-wednesday-practice-report-for-titans-3,titans-wednesday-practice-report-for-titans-3,2024-10-09T23:55:09.000Z,Practice Report
https://www.fantasyguru.com/saints-wednesday-practice-report-for-saints-4,saints-wednesday-practice-report-for-saints-4,2024-10-09T23:55:08.000Z,Practice Report
https://www.fantasyguru.com/buccaneers-wednesday-practice-report-for-bucs-4,buccaneers-wednesday-practice-report-for-bucs-4,2024-10-09T23:55:08.000Z,Practice Report
https://www.fantasyguru.com/broncos-wednesday-practice-report-for-broncos-3,broncos-wednesday-practice-report-for-broncos-3,2024-10-09T23:55:07.000Z,Practice Report
https://www.fantasyguru.com/2024-nfl-practice-report-week-6-wednesday,2024-nfl-practice-report-week-6-wednesday,2024-10-09T23:47:01.000Z,Practice Report
https://www.fantasyguru.com/eagles-wednesday-practice-report-for-philly,eagles-wednesday-practice-report-for-philly,2024-10-09T22:55:08.000Z,Practice Report
https://www.fantasyguru.com/bengals-wednesday-practice-report-for-bengals-5,bengals-wednesday-practice-report-for-bengals-5,2024-10-09T22:55:05.000Z,Practice Report
https://www.fantasyguru.com/colts-wednesday-practice-report-for-colts-4,colts-wednesday-practice-report-for-colts-4,2024-10-09T21:55:09.000Z,Practice Report
https://www.fantasyguru.com/ravens-wednesday-practice-report-for-ravens-5,ravens-wednesday-practice-report-for-ravens-5,2024-10-09T21:55:08.000Z,Practice Report
https://www.fantasyguru.com/falcons-atlantas-wednesday-practice-report,falcons-atlantas-wednesday-practice-report,2024-10-09T21:55:08.000Z,Practice Report
https://www.fantasyguru.com/lions-detroits-wednesday-practice-report-2,lions-detroits-wednesday-practice-report-2,2024-10-09T20:55:09.000Z,Practice Report
https://www.fantasyguru.com/cowboys-wednesday-practice-report-for-cowboys-4,cowboys-wednesday-practice-report-for-cowboys-4,2024-10-09T20:55:09.000Z,Practice Report
https://www.fantasyguru.com/commanders-wednesday-practice-report-for-commanders-3,commanders-wednesday-practice-report-for-commanders-3,2024-10-09T20:55:08.000Z,Practice Report
https://www.fantasyguru.com/jaguars-wednesday-practice-report-for-jaguars-2,jaguars-wednesday-practice-report-for-jaguars-2,2024-10-09T20:55:06.000Z,Practice Report
https://www.fantasyguru.com/snap-counts-usage-from-week-5-2024,snap-counts-usage-from-week-5-2024,2024-10-09T20:48:16.000Z,
https://www.fantasyguru.com/panthers-wednesday-practice-report-for-panthers-6,panthers-wednesday-practice-report-for-panthers-6,2024-10-09T19:55:08.000Z,Practice Report
https://www.fantasyguru.com/steelers-wednesday-practice-report-for-steelers-4,steelers-wednesday-practice-report-for-steelers-4,2024-10-09T19:55:05.000Z,Practice Report
https://www.fantasyguru.com/2024-nfl-weekly-streamers-week-6,2024-nfl-weekly-streamers-week-6,2024-10-09T18:09:18.000Z,
https://www.fantasyguru.com/dynasty-ratings-update-10-9-24,dynasty-ratings-update-10-9-24,2024-10-09T05:40:42.000Z,Dynasty
https://www.fantasyguru.com/targets-and-touches-week-5-4,targets-and-touches-week-5-4,2024-10-09T04:14:45.000Z,Targets & Touches
https://www.fantasyguru.com/49ers-tuesdays-practice-report-for-san-francisco,49ers-tuesdays-practice-report-for-san-francisco,2024-10-08T21:55:07.000Z,Practice Report
https://www.fantasyguru.com/2024-qb-coach-week-6,2024-qb-coach-week-6,2024-10-08T20:58:50.000Z,QB Analysis
https://www.fantasyguru.com/2024-idp-leagues-week-5-performers-week-6-waiver-wire-targets,2024-idp-leagues-week-5-performers-week-6-waiver-wire-targets,2024-10-08T16:43:37.000Z,Waiver Wire
https://www.fantasyguru.com/49ers-monday-practice-report-for-49ers,49ers-monday-practice-report-for-49ers,2024-10-08T01:55:09.000Z,Practice Report
https://www.fantasyguru.com/seahawks-monday-practice-report-for-seattle,seahawks-monday-practice-report-for-seattle,2024-10-08T01:55:08.000Z,Practice Report
https://www.fantasyguru.com/raiders-no-qb-decision-yet,raiders-no-qb-decision-yet,2024-10-08T01:55:08.000Z,QB Analysis
https://www.fantasyguru.com/nfl-dfs-cash-game-review-week-5-2024,nfl-dfs-cash-game-review-week-5-2024,2024-10-07T20:01:15.000Z,NFL DFS Breakdown
https://www.fantasyguru.com/armando-marsals-nfl-recap-week-5-2024,armando-marsals-nfl-recap-week-5-2024,2024-10-07T15:20:48.000Z,
https://www.fantasyguru.com/2024-nfl-injury-report-week-5,2024-nfl-injury-report-week-5,2024-10-06T16:46:33.000Z,
https://www.fantasyguru.com/nfl-dfs-wr-coach-week-5-2024,nfl-dfs-wr-coach-week-5-2024,2024-10-06T15:28:10.000Z,NFL DFS Breakdown
https://www.fantasyguru.com/nfl-gpp-breakdown-week-5-2024,nfl-gpp-breakdown-week-5-2024,2024-10-06T00:04:53.000Z,
https://www.fantasyguru.com/nfl-core-4-dfs-livestream-recap-oct-4-2024,nfl-core-4-dfs-livestream-recap-oct-4-2024,2024-10-05T13:38:20.000Z,Podcast/Livestream
https://www.fantasyguru.com/saints-friday-practice-report-for-saints,saints-friday-practice-report-for-saints,2024-10-04T23:55:08.000Z,Practice Report
https://www.fantasyguru.com/steelers-pittsburgh-ruled-out-two-running-backs,steelers-pittsburgh-ruled-out-two-running-backs,2024-10-04T19:55:07.000Z,
https://www.fantasyguru.com/2024-week-5-nfl-gameday-matchups,2024-week-5-nfl-gameday-matchups,2024-10-04T11:49:18.000Z,
https://www.fantasyguru.com/2024-nfl-practice-report-week-5-thursday,2024-nfl-practice-report-week-5-thursday,2024-10-04T02:51:16.000Z,Practice Report
https://www.fantasyguru.com/rams-thursday-practice-report-for-lar,rams-thursday-practice-report-for-lar,2024-10-04T00:55:07.000Z,Practice Report
https://www.fantasyguru.com/49ers-thursday-practice-report-for-49ers-5,49ers-thursday-practice-report-for-49ers-5,2024-10-03T23:55:08.000Z,Practice Report
https://www.fantasyguru.com/seahawks-thursday-practice-report-for-seahawks-5,seahawks-thursday-practice-report-for-seahawks-5,2024-10-03T23:55:07.000Z,Practice Report
https://www.fantasyguru.com/packers-thursday-practice-report-for-packers,packers-thursday-practice-report-for-packers,2024-10-03T23:55:05.000Z,Practice Report
https://www.fantasyguru.com/broncos-thursday-practice-report-for-broncos,broncos-thursday-practice-report-for-broncos,2024-10-03T22:55:09.000Z,Practice Report
https://www.fantasyguru.com/raiders-thursday-practice-report-for-raiders-2,raiders-thursday-practice-report-for-raiders-2,2024-10-03T22:55:08.000Z,Practice Report
https://www.fantasyguru.com/dolphins-thursday-practice-report-for-dolphins-3,dolphins-thursday-practice-report-for-dolphins-3,2024-10-03T21:55:09.000Z,Practice Report
https://www.fantasyguru.com/ravens-thursday-practice-report-for-ravens,ravens-thursday-practice-report-for-ravens,2024-10-03T21:55:09.000Z,Practice Report
https://www.fantasyguru.com/cowboys-thursday-practice-report-for-cowboys-2,cowboys-thursday-practice-report-for-cowboys-2,2024-10-03T20:55:07.000Z,Practice Report
https://www.fantasyguru.com/commanders-commanders-thursday-practice-report,commanders-commanders-thursday-practice-report,2024-10-03T20:55:05.000Z,Practice Report
https://www.fantasyguru.com/bills-buffalos-thursday-practice-report-2,bills-buffalos-thursday-practice-report-2,2024-10-03T19:55:08.000Z,Practice Report
https://www.fantasyguru.com/panthers-carolinas-practice-report-for-thursday,panthers-carolinas-practice-report-for-thursday,2024-10-03T19:55:07.000Z,Practice Report
https://www.fantasyguru.com/2024-nfl-fantasy-billboard-fantasy-football-gods-hate-me,2024-nfl-fantasy-billboard-fantasy-football-gods-hate-me,2024-10-03T18:17:32.000Z,
https://www.fantasyguru.com/2024-red-zone-review-after-week-4,2024-red-zone-review-after-week-4,2024-10-03T15:50:38.000Z,
https://www.fantasyguru.com/seahawks-wednesday-practice-report-for-seahawks-4,seahawks-wednesday-practice-report-for-seahawks-4,2024-10-03T01:55:06.000Z,Practice Report
https://www.fantasyguru.com/packers-wednesday-practice-report-for-packers-3,packers-wednesday-practice-report-for-packers-3,2024-10-03T00:55:07.000Z,Practice Report
https://www.fantasyguru.com/rams-wednesday-practice-report-for-rams-5,rams-wednesday-practice-report-for-rams-5,2024-10-03T00:55:07.000Z,Practice Report
https://www.fantasyguru.com/dynasty-ratings-update-10-2-24,dynasty-ratings-update-10-2-24,2024-10-03T00:22:10.000Z,Dynasty
https://www.fantasyguru.com/cardinals-wednesday-practice-report-for-cards-2,cardinals-wednesday-practice-report-for-cards-2,2024-10-02T23:55:09.000Z,Practice Report
https://www.fantasyguru.com/raiders-wednesday-practice-report-for-raiders-2,raiders-wednesday-practice-report-for-raiders-2,2024-10-02T23:55:08.000Z,Practice Report
https://www.fantasyguru.com/49ers-wednesday-practice-report-for-49ers-4,49ers-wednesday-practice-report-for-49ers-4,2024-10-02T23:55:07.000Z,Practice Report
https://www.fantasyguru.com/2024-nfl-practice-report-week-5-wednesday,2024-nfl-practice-report-week-5-wednesday,2024-10-02T23:54:17.000Z,Practice Report
https://www.fantasyguru.com/commanders-wednesday-practice-report-for-commanders-2,commanders-wednesday-practice-report-for-commanders-2,2024-10-02T22:55:07.000Z,Practice Report
https://www.fantasyguru.com/browns-wednesday-practice-report-for-browns-5,browns-wednesday-practice-report-for-browns-5,2024-10-02T22:55:06.000Z,Practice Report
https://www.fantasyguru.com/texans-wednesday-practice-report-for-texans-3,texans-wednesday-practice-report-for-texans-3,2024-10-02T22:55:04.000Z,Practice Report
https://www.fantasyguru.com/drafters-nba-bestball-strategy,drafters-nba-bestball-strategy,2024-10-02T21:56:34.000Z,Best Ball
https://www.fantasyguru.com/dolphins-wednesday-practice-report-for-dolphins-2,dolphins-wednesday-practice-report-for-dolphins-2,2024-10-02T21:55:07.000Z,Practice Report
https://www.fantasyguru.com/giants-wednesday-practice-report-for-nyg,giants-wednesday-practice-report-for-nyg,2024-10-02T21:55:07.000Z,Practice Report
https://www.fantasyguru.com/vikings-wednesday-practice-report-for-vikings-2,vikings-wednesday-practice-report-for-vikings-2,2024-10-02T21:55:07.000Z,Practice Report
https://www.fantasyguru.com/ravens-wednesday-practice-report-for-ravens-4,ravens-wednesday-practice-report-for-ravens-4,2024-10-02T21:55:06.000Z,Practice Report
https://www.fantasyguru.com/bengals-wednesday-practice-report-for-bengals-4,bengals-wednesday-practice-report-for-bengals-4,2024-10-02T21:55:05.000Z,Practice Report
https://www.fantasyguru.com/snap-counts-usage-from-week-4-2024,snap-counts-usage-from-week-4-2024,2024-10-02T21:42:22.000Z,
https://www.fantasyguru.com/bills-wednesday-practice-report-for-bills-2,bills-wednesday-practice-report-for-bills-2,2024-10-02T20:55:08.000Z,Practice Report
https://www.fantasyguru.com/bears-wednesday-practice-report-for-bears-3,bears-wednesday-practice-report-for-bears-3,2024-10-02T20:55:08.000Z,Practice Report
https://www.fantasyguru.com/cowboys-wednesday-practice-report-for-cowboys-3,cowboys-wednesday-practice-report-for-cowboys-3,2024-10-02T20:55:07.000Z,Practice Report
https://www.fantasyguru.com/jets-wednesday-practice-report-for-nyj-2,jets-wednesday-practice-report-for-nyj-2,2024-10-02T20:55:07.000Z,Practice Report
https://www.fantasyguru.com/colts-wednesday-practice-report-for-colts-3,colts-wednesday-practice-report-for-colts-3,2024-10-02T20:55:07.000Z,Practice Report
https://www.fantasyguru.com/panthers-wednesday-practice-report-for-panthers-5,panthers-wednesday-practice-report-for-panthers-5,2024-10-02T19:55:07.000Z,Practice Report
https://www.fantasyguru.com/steelers-wednesday-practice-report-for-steelers-3,steelers-wednesday-practice-report-for-steelers-3,2024-10-02T19:55:05.000Z,Practice Report
https://www.fantasyguru.com/nfl-dfs-contest-selection-week-5-2024,nfl-dfs-contest-selection-week-5-2024,2024-10-02T18:46:20.000Z,NFL DFS Breakdown
https://www.fantasyguru.com/2024-nfl-weekly-streamers-week-5,2024-nfl-weekly-streamers-week-5,2024-10-02T18:01:52.000Z,
https://www.fantasyguru.com/targets-and-touches-week-4-4,targets-and-touches-week-4-4,2024-10-01T22:58:59.000Z,Targets & Touches
https://www.fantasyguru.com/buccaneers-tuesdays-practice-report-for-tampa-bay,buccaneers-tuesdays-practice-report-for-tampa-bay,2024-10-01T20:55:07.000Z,Practice Report
https://www.fantasyguru.com/falcons-atlantas-tuesday-practice-report,falcons-atlantas-tuesday-practice-report,2024-10-01T20:55:07.000Z,Practice Report
https://www.fantasyguru.com/2024-qb-coach-week-5,2024-qb-coach-week-5,2024-10-01T20:20:58.000Z,QB Analysis
https://www.fantasyguru.com/2024-idp-leagues-week-4-performers-week-5-waiver-wire-targets,2024-idp-leagues-week-4-performers-week-5-waiver-wire-targets,2024-10-01T14:40:33.000Z,Waiver Wire
https://www.fantasyguru.com/nfl-dfs-cash-game-review-week-4-2024,nfl-dfs-cash-game-review-week-4-2024,2024-10-01T12:15:21.000Z,NFL DFS Breakdown
https://www.fantasyguru.com/falcons-monday-practice-report-for-falcons,falcons-monday-practice-report-for-falcons,2024-09-30T20:55:07.000Z,Practice Report
https://www.fantasyguru.com/buccaneers-monday-practice-report-for-bucs,buccaneers-monday-practice-report-for-bucs,2024-09-30T20:55:06.000Z,Practice Report
https://www.fantasyguru.com/nfl-dfs-monday-night-breakdown-week-4,nfl-dfs-monday-night-breakdown-week-4,2024-09-30T19:22:32.000Z,NFL DFS Breakdown
https://www.fantasyguru.com/armando-marsals-nfl-recap-week-4-2024,armando-marsals-nfl-recap-week-4-2024,2024-09-30T06:02:29.000Z,
https://www.fantasyguru.com/patriots-deatrich-wise-jr-gets-to-quarterback,patriots-deatrich-wise-jr-gets-to-quarterback,2024-09-30T03:55:10.000Z,QB Analysis
https://www.fantasyguru.com/colts-dayo-odeyingbo-gets-to-quarterback,colts-dayo-odeyingbo-gets-to-quarterback,2024-09-29T23:55:08.000Z,QB Analysis
https://www.fantasyguru.com/2024-nfl-injury-report-week-4,2024-nfl-injury-report-week-4,2024-09-29T14:55:23.000Z,
https://www.fantasyguru.com/nfl-dfs-wr-coach-week-4-2024,nfl-dfs-wr-coach-week-4-2024,2024-09-29T13:02:13.000Z,NFL DFS Breakdown
https://www.fantasyguru.com/nfl-gpp-breakdown-week-4-2024,nfl-gpp-breakdown-week-4-2024,2024-09-28T20:08:35.000Z,
https://www.fantasyguru.com/nfl-core-4-dfs-livestream-recap-sept-27-2024,nfl-core-4-dfs-livestream-recap-sept-27-2024,2024-09-28T17:32:56.000Z,Podcast/Livestream
https://www.fantasyguru.com/49ers-thursday-practice-report-for-49ers-4,49ers-thursday-practice-report-for-49ers-4,2024-09-27T00:55:07.000Z,Practice Report
https://www.fantasyguru.com/2024-nfl-practice-report-week-4-thursday,2024-nfl-practice-report-week-4-thursday,2024-09-27T00:06:02.000Z,Practice Report
https://www.fantasyguru.com/cardinals-thursday-practice-report-for-cardinals-2,cardinals-thursday-practice-report-for-cardinals-2,2024-09-26T23:55:09.000Z,Practice Report
https://www.fantasyguru.com/seahawks-thursday-practice-report-for-seahawks-4,seahawks-thursday-practice-report-for-seahawks-4,2024-09-26T23:55:08.000Z,Practice Report
https://www.fantasyguru.com/rams-thursday-practice-report-for-rams-3,rams-thursday-practice-report-for-rams-3,2024-09-26T23:55:07.000Z,Practice Report
https://www.fantasyguru.com/patriots-thursday-practice-report-for-patriots,patriots-thursday-practice-report-for-patriots,2024-09-26T22:55:07.000Z,Practice Report
https://www.fantasyguru.com/commanders-thursday-practice-report-for-was-2,commanders-thursday-practice-report-for-was-2,2024-09-26T22:55:07.000Z,Practice Report
https://www.fantasyguru.com/bengals-thursday-practice-report-for-bengals-2,bengals-thursday-practice-report-for-bengals-2,2024-09-26T21:55:09.000Z,Practice Report
https://www.fantasyguru.com/texans-thursday-practice-report-for-texans,texans-thursday-practice-report-for-texans,2024-09-26T21:55:08.000Z,Practice Report
https://www.fantasyguru.com/2024-red-zone-review-after-week-3,2024-red-zone-review-after-week-3,2024-09-26T21:01:21.000Z,
https://www.fantasyguru.com/chiefs-thursday-practice-report-for-chiefs,chiefs-thursday-practice-report-for-chiefs,2024-09-26T20:55:09.000Z,Practice Report
https://www.fantasyguru.com/dolphins-dolphins-thursday-practice-report,dolphins-dolphins-thursday-practice-report,2024-09-26T20:55:08.000Z,Practice Report
https://www.fantasyguru.com/vikings-thursday-practice-report-for-vikings,vikings-thursday-practice-report-for-vikings,2024-09-26T20:55:07.000Z,Practice Report
https://www.fantasyguru.com/2024-week-4-nfl-gameday-matchups,2024-week-4-nfl-gameday-matchups,2024-09-26T20:23:53.000Z,
https://www.fantasyguru.com/bills-buffalos-thursday-practice-report,bills-buffalos-thursday-practice-report,2024-09-26T19:55:09.000Z,Practice Report
https://www.fantasyguru.com/colts-indys-thursday-practice-report,colts-indys-thursday-practice-report,2024-09-26T19:55:08.000Z,Practice Report
https://www.fantasyguru.com/steelers-thursdays-practice-report-for-pittsburgh-2,steelers-thursdays-practice-report-for-pittsburgh-2,2024-09-26T19:55:08.000Z,Practice Report
https://www.fantasyguru.com/broncos-denvers-practice-report-for-thursday,broncos-denvers-practice-report-for-thursday,2024-09-26T19:55:05.000Z,Practice Report
https://www.fantasyguru.com/2024-nfl-fantasy-billboard-fantasy-football-survivor-pools,2024-nfl-fantasy-billboard-fantasy-football-survivor-pools,2024-09-26T14:02:07.000Z,
https://www.fantasyguru.com/dynasty-ratings-update-9-25-24,dynasty-ratings-update-9-25-24,2024-09-26T01:57:27.000Z,Dynasty
https://www.fantasyguru.com/49ers-wednesday-practice-report-for-49ers-3,49ers-wednesday-practice-report-for-49ers-3,2024-09-26T00:55:08.000Z,Practice Report
https://www.fantasyguru.com/rams-wednesday-practice-report-for-rams-4,rams-wednesday-practice-report-for-rams-4,2024-09-26T00:55:08.000Z,Practice Report
https://www.fantasyguru.com/2024-nfl-practice-report-week-4-wednesday,2024-nfl-practice-report-week-4-wednesday,2024-09-25T23:59:34.000Z,Practice Report
https://www.fantasyguru.com/buccaneers-wednesday-practice-report-for-bucs-3,buccaneers-wednesday-practice-report-for-bucs-3,2024-09-25T23:55:08.000Z,Practice Report
https://www.fantasyguru.com/patriots-wednesday-practice-report-for-patriots-3,patriots-wednesday-practice-report-for-patriots-3,2024-09-25T23:55:08.000Z,Practice Report
https://www.fantasyguru.com/cardinals-wednesday-practice-report-for-cardinals-3,cardinals-wednesday-practice-report-for-cardinals-3,2024-09-25T23:55:07.000Z,Practice Report
https://www.fantasyguru.com/chargers-wednesday-practice-report-for-lac,chargers-wednesday-practice-report-for-lac,2024-09-25T23:55:06.000Z,Practice Report
https://www.fantasyguru.com/commanders-wednesday-practice-report-for-was-2,commanders-wednesday-practice-report-for-was-2,2024-09-25T22:55:07.000Z,Practice Report
https://www.fantasyguru.com/browns-wednesday-practice-report-for-browns-4,browns-wednesday-practice-report-for-browns-4,2024-09-25T22:55:06.000Z,Practice Report
https://www.fantasyguru.com/texans-wednesday-practice-report-for-texans-2,texans-wednesday-practice-report-for-texans-2,2024-09-25T22:55:05.000Z,Practice Report
https://www.fantasyguru.com/ravens-wednesday-practice-report-for-ravens-3,ravens-wednesday-practice-report-for-ravens-3,2024-09-25T21:55:07.000Z,Practice Report
https://www.fantasyguru.com/vikings-wednesday-practice-report-for-min,vikings-wednesday-practice-report-for-min,2024-09-25T21:55:06.000Z,Practice Report
https://www.fantasyguru.com/packers-wednesday-practice-report-for-packers-2,packers-wednesday-practice-report-for-packers-2,2024-09-25T21:55:06.000Z,Practice Report
https://www.fantasyguru.com/chiefs-wednesday-practice-report-for-chiefs-3,chiefs-wednesday-practice-report-for-chiefs-3,2024-09-25T21:55:05.000Z,Practice Report
https://www.fantasyguru.com/eagles-wednesday-practice-report-for-eagles,eagles-wednesday-practice-report-for-eagles,2024-09-25T21:55:04.000Z,Practice Report
https://www.fantasyguru.com/snap-counts-amp-usage-from-week-3-2024,snap-counts-amp-usage-from-week-3-2024,2024-09-25T21:07:07.000Z,
https://www.fantasyguru.com/colts-wednesday-practice-report-for-colts-2,colts-wednesday-practice-report-for-colts-2,2024-09-25T20:55:06.000Z,Practice Report
https://www.fantasyguru.com/bears-wednesday-practice-report-for-bears-2,bears-wednesday-practice-report-for-bears-2,2024-09-25T20:55:05.000Z,Practice Report
https://www.fantasyguru.com/broncos-wednesday-practice-report-for-broncos-2,broncos-wednesday-practice-report-for-broncos-2,2024-09-25T20:55:05.000Z,Practice Report
https://www.fantasyguru.com/jets-wednesday-practice-report-for-nyj,jets-wednesday-practice-report-for-nyj,2024-09-25T20:55:05.000Z,Practice Report
https://www.fantasyguru.com/bengals-wednesday-practice-report-for-bengals-3,bengals-wednesday-practice-report-for-bengals-3,2024-09-25T20:55:04.000Z,Practice Report
https://www.fantasyguru.com/saints-wednesday-practice-report-for-saints-3,saints-wednesday-practice-report-for-saints-3,2024-09-25T20:55:03.000Z,Practice Report
https://www.fantasyguru.com/panthers-wednesday-practice-report-for-panthers-4,panthers-wednesday-practice-report-for-panthers-4,2024-09-25T19:55:19.000Z,Practice Report
https://www.fantasyguru.com/bills-wednesday-practice-report-for-bills,bills-wednesday-practice-report-for-bills,2024-09-25T19:55:19.000Z,Practice Report
https://www.fantasyguru.com/nfl-dfs-contest-selection-week-4-2024,nfl-dfs-contest-selection-week-4-2024,2024-09-25T19:41:46.000Z,NFL DFS Breakdown
https://www.fantasyguru.com/2024-nfl-weekly-streamers-week-4,2024-nfl-weekly-streamers-week-4,2024-09-25T16:41:59.000Z,
https://www.fantasyguru.com/targets-and-touches-week-3-4,targets-and-touches-week-3-4,2024-09-24T22:29:55.000Z,Targets & Touches
https://www.fantasyguru.com/2024-qb-coach-week-4,2024-qb-coach-week-4,2024-09-24T21:24:12.000Z,QB Analysis
https://www.fantasyguru.com/giants-tuesdays-practice-report-for-ny-giants,giants-tuesdays-practice-report-for-ny-giants,2024-09-24T20:55:08.000Z,Practice Report
https://www.fantasyguru.com/raiders-gardner-minshew-remains-the-starting-quarterback,raiders-gardner-minshew-remains-the-starting-quarterback,2024-09-24T19:55:06.000Z,QB Analysis
https://www.fantasyguru.com/2024-idp-leagues-week-3-performers-week-4-waiver-wire-targets,2024-idp-leagues-week-3-performers-week-4-waiver-wire-targets,2024-09-24T16:30:15.000Z,Waiver Wire
https://www.fantasyguru.com/bills-keon-coleman-scores-first-nfl-touchdown,bills-keon-coleman-scores-first-nfl-touchdown,2024-09-24T03:55:06.000Z,
https://www.fantasyguru.com/cowboys-monday-practice-report-for-cowboys,cowboys-monday-practice-report-for-cowboys,2024-09-23T22:55:12.000Z,Practice Report
https://www.fantasyguru.com/giants-monday-practice-report-for-giants,giants-monday-practice-report-for-giants,2024-09-23T20:55:06.000Z,Practice Report
https://www.fantasyguru.com/raiders-las-vegas-considering-qb-change,raiders-las-vegas-considering-qb-change,2024-09-23T19:55:06.000Z,QB Analysis
https://www.fantasyguru.com/nfl-dfs-monday-night-breakdown-week-3-2,nfl-dfs-monday-night-breakdown-week-3-2,2024-09-23T19:35:16.000Z,NFL DFS Breakdown
https://www.fantasyguru.com/nfl-dfs-cash-game-review-week-3-2024,nfl-dfs-cash-game-review-week-3-2024,2024-09-23T16:13:16.000Z,NFL DFS Breakdown
https://www.fantasyguru.com/armando-marsals-nfl-recap-week-3-2024,armando-marsals-nfl-recap-week-3-2024,2024-09-23T15:07:29.000Z,
https://www.fantasyguru.com/packers-preston-smith-gets-after-the-quarterback-in-week-3,packers-preston-smith-gets-after-the-quarterback-in-week-3,2024-09-23T06:55:06.000Z,QB Analysis
https://www.fantasyguru.com/saints-new-orleans-dl-duo-put-major-heat-on-qb-in-week-3,saints-new-orleans-dl-duo-put-major-heat-on-qb-in-week-3,2024-09-23T05:55:09.000Z,QB Analysis
https://www.fantasyguru.com/steelers-russell-wilson-will-be-no-3-qb-again,steelers-russell-wilson-will-be-no-3-qb-again,2024-09-22T15:55:06.000Z,QB Analysis
https://www.fantasyguru.com/nfl-dfs-wr-coach-week-3-2024,nfl-dfs-wr-coach-week-3-2024,2024-09-22T14:08:32.000Z,NFL DFS Breakdown
https://www.fantasyguru.com/2024-nfl-injury-report-week-3,2024-nfl-injury-report-week-3,2024-09-22T12:55:10.000Z,
https://www.fantasyguru.com/lions-qb-looking-at-jameson-williams,lions-qb-looking-at-jameson-williams,2024-09-22T02:55:05.000Z,QB Analysis
https://www.fantasyguru.com/nfl-gpp-breakdown-week-3-2024,nfl-gpp-breakdown-week-3-2024,2024-09-21T21:43:24.000Z,
https://www.fantasyguru.com/nfl-core-4-dfs-livestream-recap-sept-20-2024,nfl-core-4-dfs-livestream-recap-sept-20-2024,2024-09-21T17:03:09.000Z,Podcast/Livestream
https://www.fantasyguru.com/nfl-core-4-dfs-livestream-recap-sept-13-2024,nfl-core-4-dfs-livestream-recap-sept-13-2024,2024-09-21T16:22:39.000Z,Podcast/Livestream
https://www.fantasyguru.com/2024-nfl-practice-report-week-3-thursday,2024-nfl-practice-report-week-3-thursday,2024-09-21T11:33:54.000Z,Practice Report
https://www.fantasyguru.com/2024-week-3-nfl-gameday-matchups,2024-week-3-nfl-gameday-matchups,2024-09-20T22:36:14.000Z,
https://www.fantasyguru.com/commanders-friday-practice-report-for-was,commanders-friday-practice-report-for-was,2024-09-20T20:55:08.000Z,Practice Report
https://www.fantasyguru.com/bills-fridays-practice-report-for-buffalo,bills-fridays-practice-report-for-buffalo,2024-09-20T19:55:08.000Z,Practice Report
https://www.fantasyguru.com/seahawks-thursday-practice-report-for-seahawks-3,seahawks-thursday-practice-report-for-seahawks-3,2024-09-20T00:55:07.000Z,Practice Report
https://www.fantasyguru.com/rams-thursday-practice-report-for-rams-2,rams-thursday-practice-report-for-rams-2,2024-09-19T23:55:07.000Z,Practice Report
https://www.fantasyguru.com/dolphins-thursday-practice-report-for-dolphins-2,dolphins-thursday-practice-report-for-dolphins-2,2024-09-19T23:55:06.000Z,Practice Report
https://www.fantasyguru.com/buccaneers-thursday-practice-report-for-bucs,buccaneers-thursday-practice-report-for-bucs,2024-09-19T22:55:07.000Z,Practice Report
https://www.fantasyguru.com/49ers-thursday-practice-report-for-49ers-3,49ers-thursday-practice-report-for-49ers-3,2024-09-19T22:55:06.000Z,Practice Report
https://www.fantasyguru.com/panthers-carolinas-thursday-practice-report-2,panthers-carolinas-thursday-practice-report-2,2024-09-19T21:55:06.000Z,Practice Report
https://www.fantasyguru.com/saints-thursday-practice-report-for-saints-2,saints-thursday-practice-report-for-saints-2,2024-09-19T21:55:06.000Z,Practice Report
https://www.fantasyguru.com/chiefs-chiefs-thursday-practice-report,chiefs-chiefs-thursday-practice-report,2024-09-19T20:55:09.000Z,Practice Report
https://www.fantasyguru.com/bengals-bengals-thursday-practice-report,bengals-bengals-thursday-practice-report,2024-09-19T20:55:08.000Z,Practice Report
https://www.fantasyguru.com/browns-thursday-practice-report-for-browns,browns-thursday-practice-report-for-browns,2024-09-19T20:55:07.000Z,Practice Report
https://www.fantasyguru.com/steelers-thursdays-practice-report-for-pittsburgh,steelers-thursdays-practice-report-for-pittsburgh,2024-09-19T19:55:08.000Z,Practice Report
https://www.fantasyguru.com/giants-thursday-practice-report-for-giants,giants-thursday-practice-report-for-giants,2024-09-19T19:55:07.000Z,Practice Report
https://www.fantasyguru.com/2024-red-zone-review-after-week-2,2024-red-zone-review-after-week-2,2024-09-19T17:21:38.000Z,
https://www.fantasyguru.com/2024-nfl-fantasy-billboard-fantasy-football-to-the-rescue,2024-nfl-fantasy-billboard-fantasy-football-to-the-rescue,2024-09-19T14:03:55.000Z,
https://www.fantasyguru.com/2024-nfl-fantasy-billboard-fantasy-football-is-it-live-or-is-it-memorex,2024-nfl-fantasy-billboard-fantasy-football-is-it-live-or-is-it-memorex,2024-09-19T12:52:58.000Z,Podcast/Livestream
https://www.fantasyguru.com/49ers-wednesday-practice-report-for-49ers-2,49ers-wednesday-practice-report-for-49ers-2,2024-09-19T00:55:07.000Z,Practice Report
https://www.fantasyguru.com/rams-wednesday-practice-report-for-rams-3,rams-wednesday-practice-report-for-rams-3,2024-09-19T00:55:06.000Z,Practice Report
https://www.fantasyguru.com/2024-nfl-practice-report-week-3-wednesday,2024-nfl-practice-report-week-3-wednesday,2024-09-18T23:55:35.000Z,Practice Report
https://www.fantasyguru.com/texans-wednesday-practice-report-for-texans,texans-wednesday-practice-report-for-texans,2024-09-18T23:55:07.000Z,Practice Report
https://www.fantasyguru.com/dolphins-wednesday-practice-report-for-dolphins,dolphins-wednesday-practice-report-for-dolphins,2024-09-18T23:55:07.000Z,Practice Report
https://www.fantasyguru.com/seahawks-wednesday-practice-report-for-seahawks-3,seahawks-wednesday-practice-report-for-seahawks-3,2024-09-18T23:55:06.000Z,Practice Report
https://www.fantasyguru.com/dynasty-ratings-update-9-18-24,dynasty-ratings-update-9-18-24,2024-09-18T23:30:05.000Z,Dynasty
https://www.fantasyguru.com/cowboys-wednesday-practice-report-for-cowboys-2,cowboys-wednesday-practice-report-for-cowboys-2,2024-09-18T22:55:08.000Z,Practice Report
https://www.fantasyguru.com/broncos-denvers-wednesday-practice-report,broncos-denvers-wednesday-practice-report,2024-09-18T22:55:07.000Z,Practice Report
https://www.fantasyguru.com/buccaneers-wednesday-practice-report-for-bucs-2,buccaneers-wednesday-practice-report-for-bucs-2,2024-09-18T22:55:07.000Z,Practice Report
https://www.fantasyguru.com/panthers-wednesday-practice-report-for-panthers-3,panthers-wednesday-practice-report-for-panthers-3,2024-09-18T22:55:07.000Z,Practice Report
https://www.fantasyguru.com/titans-tennessees-wednesday-practice-report,titans-tennessees-wednesday-practice-report,2024-09-18T21:55:07.000Z,Practice Report
https://www.fantasyguru.com/ravens-wednesday-practice-report-for-ravens-2,ravens-wednesday-practice-report-for-ravens-2,2024-09-18T21:55:07.000Z,Practice Report
https://www.fantasyguru.com/cardinals-wednesday-practice-report-for-cardinals-2,cardinals-wednesday-practice-report-for-cardinals-2,2024-09-18T21:55:07.000Z,Practice Report
https://www.fantasyguru.com/colts-wednesday-practice-report-for-colts,colts-wednesday-practice-report-for-colts,2024-09-18T21:55:06.000Z,Practice Report
https://www.fantasyguru.com/saints-wednesday-practice-report-for-saints-2,saints-wednesday-practice-report-for-saints-2,2024-09-18T21:55:06.000Z,Practice Report
https://www.fantasyguru.com/lions-detroits-wednesday-practice-report,lions-detroits-wednesday-practice-report,2024-09-18T20:55:08.000Z,Practice Report
https://www.fantasyguru.com/bears-wednesday-practice-report-for-chi,bears-wednesday-practice-report-for-chi,2024-09-18T20:55:07.000Z,Practice Report
https://www.fantasyguru.com/browns-wednesday-practice-report-for-browns-3,browns-wednesday-practice-report-for-browns-3,2024-09-18T20:55:06.000Z,Practice Report
https://www.fantasyguru.com/chiefs-wednesday-practice-report-for-chiefs-2,chiefs-wednesday-practice-report-for-chiefs-2,2024-09-18T20:55:06.000Z,Practice Report
https://www.fantasyguru.com/nfl-dfs-contest-selection-week-3-2024,nfl-dfs-contest-selection-week-3-2024,2024-09-18T20:16:42.000Z,NFL DFS Breakdown
https://www.fantasyguru.com/giants-wednesday-practice-report-for-giants,giants-wednesday-practice-report-for-giants,2024-09-18T19:55:22.000Z,Practice Report
https://www.fantasyguru.com/2024-nfl-weekly-streamers-week-3,2024-nfl-weekly-streamers-week-3,2024-09-18T19:51:39.000Z,
https://www.fantasyguru.com/snap-counts-amp-usage-from-week-2-2024,snap-counts-amp-usage-from-week-2-2024,2024-09-18T17:39:53.000Z,
https://www.fantasyguru.com/steelers-troy-fautanu-atop-the-depth-chart,steelers-troy-fautanu-atop-the-depth-chart,2024-09-17T23:55:06.000Z,
https://www.fantasyguru.com/jets-tuesday-practice-report-for-jets,jets-tuesday-practice-report-for-jets,2024-09-17T22:55:06.000Z,Practice Report
https://www.fantasyguru.com/patriots-tuesday-practice-report-for-new-england,patriots-tuesday-practice-report-for-new-england,2024-09-17T22:55:05.000Z,Practice Report
https://www.fantasyguru.com/targets-and-touches-week-2-4,targets-and-touches-week-2-4,2024-09-17T22:09:01.000Z,Targets & Touches
https://www.fantasyguru.com/2024-qb-coach-week-3,2024-qb-coach-week-3,2024-09-17T18:33:28.000Z,QB Analysis
https://www.fantasyguru.com/2024-idp-leagues-week-2-performers-week-3-waiver-wire-targets,2024-idp-leagues-week-2-performers-week-3-waiver-wire-targets,2024-09-17T15:25:19.000Z,Waiver Wire
https://www.fantasyguru.com/eagles-milton-williams-gets-to-quarterback,eagles-milton-williams-gets-to-quarterback,2024-09-17T04:55:06.000Z,QB Analysis
https://www.fantasyguru.com/jets-monday-practice-report-for-jets,jets-monday-practice-report-for-jets,2024-09-16T20:55:07.000Z,Practice Report
https://www.fantasyguru.com/patriots-monday-practice-report-for-patriots,patriots-monday-practice-report-for-patriots,2024-09-16T20:55:06.000Z,Practice Report
https://www.fantasyguru.com/nfl-dfs-cash-game-review-week-2-2024,nfl-dfs-cash-game-review-week-2-2024,2024-09-16T18:19:43.000Z,NFL DFS Breakdown
https://www.fantasyguru.com/armando-marsals-nfl-recap-week-2-2024,armando-marsals-nfl-recap-week-2-2024,2024-09-16T13:05:54.000Z,
https://www.fantasyguru.com/bengals-jermaine-burton-goes-big-on-his-first-nfl-catch,bengals-jermaine-burton-goes-big-on-his-first-nfl-catch,2024-09-16T05:55:06.000Z,
https://www.fantasyguru.com/giants-bobby-okereke-gets-to-quarterback,giants-bobby-okereke-gets-to-quarterback,2024-09-16T02:55:06.000Z,QB Analysis
https://www.fantasyguru.com/ravens-odafe-oweh-hits-qb-frequently,ravens-odafe-oweh-hits-qb-frequently,2024-09-15T23:55:06.000Z,QB Analysis
https://www.fantasyguru.com/patriots-jalynn-polk-records-first-nfl-td,patriots-jalynn-polk-records-first-nfl-td,2024-09-15T22:55:07.000Z,
https://www.fantasyguru.com/browns-myles-garrett-gets-to-qb-again,browns-myles-garrett-gets-to-qb-again,2024-09-15T20:55:08.000Z,QB Analysis
https://www.fantasyguru.com/jeff-mans-dfs-nfl-cash-game-breakdown-week-2-2024,jeff-mans-dfs-nfl-cash-game-breakdown-week-2-2024,2024-09-15T20:09:37.000Z,NFL DFS Breakdown
https://www.fantasyguru.com/nfl-dfs-wr-coach-week-2-2024,nfl-dfs-wr-coach-week-2-2024,2024-09-15T14:36:58.000Z,NFL DFS Breakdown
https://www.fantasyguru.com/2024-nfl-injury-report-week-2,2024-nfl-injury-report-week-2,2024-09-15T13:56:12.000Z,
https://www.fantasyguru.com/nfl-gpp-breakdown-week-2-2024,nfl-gpp-breakdown-week-2-2024,2024-09-15T13:45:06.000Z,
https://www.fantasyguru.com/jeff-mans-dfs-nfl-cash-game-breakdown-week-1-2024,jeff-mans-dfs-nfl-cash-game-breakdown-week-1-2024,2024-09-14T04:00:01.000Z,NFL DFS Breakdown
https://www.fantasyguru.com/eagles-eagles-friday-practice-report,eagles-eagles-friday-practice-report,2024-09-13T22:55:06.000Z,Practice Report
https://www.fantasyguru.com/2024-week-2-nfl-gameday-matchups,2024-week-2-nfl-gameday-matchups,2024-09-13T22:13:54.000Z,
https://www.fantasyguru.com/rams-rams-friday-practice-report,rams-rams-friday-practice-report,2024-09-13T20:56:45.000Z,Practice Report
https://www.fantasyguru.com/falcons-atlantas-friday-practice-report,falcons-atlantas-friday-practice-report,2024-09-13T20:56:43.000Z,Practice Report
https://www.fantasyguru.com/2024-nfl-practice-report-week-2-thursday,2024-nfl-practice-report-week-2-thursday,2024-09-13T14:11:43.000Z,Practice Report
https://www.fantasyguru.com/seahawks-thursday-practice-report-for-seahawks-2,seahawks-thursday-practice-report-for-seahawks-2,2024-09-13T00:52:13.000Z,Practice Report
https://www.fantasyguru.com/49ers-thursday-practice-report-for-49ers-2,49ers-thursday-practice-report-for-49ers-2,2024-09-12T23:55:30.000Z,Practice Report
https://www.fantasyguru.com/patriots-thursday-practice-report-for-pats,patriots-thursday-practice-report-for-pats,2024-09-12T23:55:07.000Z,Practice Report
https://www.fantasyguru.com/cardinals-thursday-practice-report-for-cardinals,cardinals-thursday-practice-report-for-cardinals,2024-09-12T23:54:52.000Z,Practice Report
https://www.fantasyguru.com/rams-thursday-practice-report-for-rams,rams-thursday-practice-report-for-rams,2024-09-12T23:54:40.000Z,Practice Report
https://www.fantasyguru.com/packers-thursday-practice-report-for-green-bay,packers-thursday-practice-report-for-green-bay,2024-09-12T22:57:02.000Z,Practice Report
https://www.fantasyguru.com/chargers-thursday-practice-report-for-chargers-2,chargers-thursday-practice-report-for-chargers-2,2024-09-12T22:56:47.000Z,Practice Report
https://www.fantasyguru.com/bengals-thursday-practice-report-for-bengals,bengals-thursday-practice-report-for-bengals,2024-09-12T21:52:15.000Z,Practice Report
https://www.fantasyguru.com/steelers-thursday-practice-report-for-pit,steelers-thursday-practice-report-for-pit,2024-09-12T21:52:12.000Z,Practice Report
https://www.fantasyguru.com/broncos-thursday-practice-report-for-denver,broncos-thursday-practice-report-for-denver,2024-09-12T21:52:11.000Z,Practice Report
https://www.fantasyguru.com/2024-red-zone-review-after-week-1,2024-red-zone-review-after-week-1,2024-09-12T21:36:23.000Z,
https://www.fantasyguru.com/jets-thursday-practice-report-for-jets,jets-thursday-practice-report-for-jets,2024-09-12T20:52:18.000Z,Practice Report
https://www.fantasyguru.com/titans-thursday-practice-report-for-titans,titans-thursday-practice-report-for-titans,2024-09-12T20:52:17.000Z,Practice Report
https://www.fantasyguru.com/cowboys-thursday-practice-report-for-dallas,cowboys-thursday-practice-report-for-dallas,2024-09-12T20:52:14.000Z,Practice Report
https://www.fantasyguru.com/panthers-thursdays-practice-report-for-carolina,panthers-thursdays-practice-report-for-carolina,2024-09-12T19:52:14.000Z,Practice Report
https://www.fantasyguru.com/giants-thursdays-practice-report-for-ny-giants-2,giants-thursdays-practice-report-for-ny-giants-2,2024-09-12T19:52:12.000Z,Practice Report
https://www.fantasyguru.com/2024-nfl-practice-report-week-2-wednesday,2024-nfl-practice-report-week-2-wednesday,2024-09-12T11:56:58.000Z,Practice Report
https://www.fantasyguru.com/seahawks-wednesday-practice-report-for-seahawks-2,seahawks-wednesday-practice-report-for-seahawks-2,2024-09-12T00:52:13.000Z,Practice Report
https://www.fantasyguru.com/cardinals-wednesday-practice-report-for-cardinals,cardinals-wednesday-practice-report-for-cardinals,2024-09-12T00:52:12.000Z,Practice Report
https://www.fantasyguru.com/rams-wednesday-practice-report-for-rams-2,rams-wednesday-practice-report-for-rams-2,2024-09-12T00:52:12.000Z,Practice Report
https://www.fantasyguru.com/chargers-wednesday-practice-report-for-chargers-2,chargers-wednesday-practice-report-for-chargers-2,2024-09-11T23:52:16.000Z,Practice Report
https://www.fantasyguru.com/patriots-wednesday-practice-report-for-patriots-2,patriots-wednesday-practice-report-for-patriots-2,2024-09-11T23:52:14.000Z,Practice Report
https://www.fantasyguru.com/49ers-wednesday-practice-report-for-49ers,49ers-wednesday-practice-report-for-49ers,2024-09-11T23:52:14.000Z,Practice Report
https://www.fantasyguru.com/dynasty-ratings-update-9-11-24,dynasty-ratings-update-9-11-24,2024-09-11T23:12:31.000Z,Dynasty
https://www.fantasyguru.com/browns-wednesday-practice-report-for-browns-2,browns-wednesday-practice-report-for-browns-2,2024-09-11T22:52:18.000Z,Practice Report
https://www.fantasyguru.com/bengals-wednesday-practice-report-for-bengals-2,bengals-wednesday-practice-report-for-bengals-2,2024-09-11T22:52:17.000Z,Practice Report
https://www.fantasyguru.com/ravens-wednesday-practice-report-for-ravens,ravens-wednesday-practice-report-for-ravens,2024-09-11T22:52:16.000Z,Practice Report
https://www.fantasyguru.com/steelers-wednesday-practice-report-for-steelers-2,steelers-wednesday-practice-report-for-steelers-2,2024-09-11T22:52:15.000Z,Practice Report
https://www.fantasyguru.com/raiders-wednesday-practice-report-for-raiders,raiders-wednesday-practice-report-for-raiders,2024-09-11T22:52:15.000Z,Practice Report
https://www.fantasyguru.com/broncos-wednesday-practice-report-for-broncos,broncos-wednesday-practice-report-for-broncos,2024-09-11T22:52:14.000Z,Practice Report
https://www.fantasyguru.com/vikings-wednesday-practice-report-for-vikings,vikings-wednesday-practice-report-for-vikings,2024-09-11T22:52:13.000Z,Practice Report
https://www.fantasyguru.com/titans-wednesday-practice-report-for-titans-2,titans-wednesday-practice-report-for-titans-2,2024-09-11T21:52:18.000Z,Practice Report
https://www.fantasyguru.com/commanders-wednesday-practice-report-for-commanders,commanders-wednesday-practice-report-for-commanders,2024-09-11T21:52:16.000Z,Practice Report
https://www.fantasyguru.com/bears-wednesday-practice-report-for-bears,bears-wednesday-practice-report-for-bears,2024-09-11T21:52:15.000Z,Practice Report
https://www.fantasyguru.com/chiefs-wednesday-practice-report-for-chiefs,chiefs-wednesday-practice-report-for-chiefs,2024-09-11T21:52:15.000Z,Practice Report
https://www.fantasyguru.com/packers-wednesday-practice-report-for-packers,packers-wednesday-practice-report-for-packers,2024-09-11T21:52:14.000Z,Practice Report
https://www.fantasyguru.com/snap-counts-amp-usage-from-week-1-2024,snap-counts-amp-usage-from-week-1-2024,2024-09-11T21:20:42.000Z,
https://www.fantasyguru.com/nfl-dfs-contest-selection-week-2-2024,nfl-dfs-contest-selection-week-2-2024,2024-09-11T20:56:56.000Z,NFL DFS Breakdown
https://www.fantasyguru.com/saints-wednesday-practice-report-for-saints,saints-wednesday-practice-report-for-saints,2024-09-11T20:52:17.000Z,Practice Report
https://www.fantasyguru.com/lions-wednesday-practice-report-for-lions,lions-wednesday-practice-report-for-lions,2024-09-11T20:52:16.000Z,Practice Report
https://www.fantasyguru.com/jaguars-wednesday-practice-report-for-jaguars,jaguars-wednesday-practice-report-for-jaguars,2024-09-11T20:52:15.000Z,Practice Report
https://www.fantasyguru.com/cowboys-wednesday-practice-report-for-cowboys,cowboys-wednesday-practice-report-for-cowboys,2024-09-11T20:52:14.000Z,Practice Report
https://www.fantasyguru.com/buccaneers-wednesday-practice-report-for-tb,buccaneers-wednesday-practice-report-for-tb,2024-09-11T20:52:14.000Z,Practice Report
https://www.fantasyguru.com/jets-wednesday-practice-report-for-jets,jets-wednesday-practice-report-for-jets,2024-09-11T20:52:13.000Z,Practice Report
https://www.fantasyguru.com/panthers-wednesday-practice-report-for-panthers-2,panthers-wednesday-practice-report-for-panthers-2,2024-09-11T19:52:06.000Z,Practice Report
https://www.fantasyguru.com/2024-nfl-weekly-streamers-week-2,2024-nfl-weekly-streamers-week-2,2024-09-11T18:34:49.000Z,
https://www.fantasyguru.com/2024-week-1-nfl-gameday-matchups,2024-week-1-nfl-gameday-matchups,2024-09-11T17:23:28.000Z,
https://www.fantasyguru.com/nfl-three-suspensions-lifted,nfl-three-suspensions-lifted,2024-09-11T01:52:06.000Z,
https://www.fantasyguru.com/dolphins-miamis-tuesday-practice-report,dolphins-miamis-tuesday-practice-report,2024-09-10T21:52:11.000Z,Practice Report
https://www.fantasyguru.com/targets-and-touches-week-1-4,targets-and-touches-week-1-4,2024-09-10T20:28:26.000Z,Targets & Touches
https://www.fantasyguru.com/bills-tuesdays-practice-report-for-buffalo,bills-tuesdays-practice-report-for-buffalo,2024-09-10T19:52:06.000Z,Practice Report
https://www.fantasyguru.com/2024-qb-coach-week-2,2024-qb-coach-week-2,2024-09-10T19:49:27.000Z,QB Analysis
https://www.fantasyguru.com/2024-idp-leagues-week-1-performers-week-2-waiver-wire-targets,2024-idp-leagues-week-1-performers-week-2-waiver-wire-targets,2024-09-10T16:24:45.000Z,Waiver Wire
https://www.fantasyguru.com/browns-cle-hosting-tight-ends,browns-cle-hosting-tight-ends,2024-09-10T15:52:06.000Z,
https://www.fantasyguru.com/bills-monday-practice-report-for-bills,bills-monday-practice-report-for-bills,2024-09-09T21:52:10.000Z,Practice Report
https://www.fantasyguru.com/dolphins-monday-practice-report-for-dolphins,dolphins-monday-practice-report-for-dolphins,2024-09-09T21:52:09.000Z,Practice Report
https://www.fantasyguru.com/nfl-dfs-cash-game-review-week-1-2024,nfl-dfs-cash-game-review-week-1-2024,2024-09-09T17:25:52.000Z,NFL DFS Breakdown
https://www.fantasyguru.com/broncos-limited-action-for-audric-estime-in-nfl-debut,broncos-limited-action-for-audric-estime-in-nfl-debut,2024-09-09T07:52:09.000Z,
https://www.fantasyguru.com/armando-marsals-nfl-recap-week-1-2024,armando-marsals-nfl-recap-week-1-2024,2024-09-09T07:40:14.000Z,
https://www.fantasyguru.com/cowboys-micah-parsons-gets-to-the-quarterback,cowboys-micah-parsons-gets-to-the-quarterback,2024-09-09T02:52:11.000Z,QB Analysis
https://www.fantasyguru.com/panthers-eku-leota-gets-to-the-quarterback,panthers-eku-leota-gets-to-the-quarterback,2024-09-08T21:52:15.000Z,QB Analysis
https://www.fantasyguru.com/jaguars-brian-thomas-jr-scores-in-nfl-debut,jaguars-brian-thomas-jr-scores-in-nfl-debut,2024-09-08T21:52:10.000Z,
https://www.fantasyguru.com/nfl-ryan-tannehill-was-contacted-by-multiple-teams,nfl-ryan-tannehill-was-contacted-by-multiple-teams,2024-09-08T14:55:08.000Z,
https://www.fantasyguru.com/2024-nfl-injury-report-week-1,2024-nfl-injury-report-week-1,2024-09-08T14:41:09.000Z,
https://www.fantasyguru.com/bengals-bengals-elevate-wide-receiver,bengals-bengals-elevate-wide-receiver,2024-09-07T20:52:14.000Z,
https://www.fantasyguru.com/nfl-gpp-breakdown-week-1-2024,nfl-gpp-breakdown-week-1-2024,2024-09-07T20:44:33.000Z,
https://www.fantasyguru.com/core-4-nfl-livestream-recap-sept-6-2024,core-4-nfl-livestream-recap-sept-6-2024,2024-09-07T15:28:55.000Z,Podcast/Livestream
https://www.fantasyguru.com/do-qbs-who-play-indoors-a-lot-outperform-their-adp-in-best-ball-mania,do-qbs-who-play-indoors-a-lot-outperform-their-adp-in-best-ball-mania,2024-09-07T03:26:45.000Z,Best Ball
https://www.fantasyguru.com/jets-friday-practice-report-for-jets,jets-friday-practice-report-for-jets,2024-09-06T23:52:10.000Z,Practice Report
https://www.fantasyguru.com/49ers-friday-practice-report-for-49ers,49ers-friday-practice-report-for-49ers,2024-09-06T23:52:10.000Z,Practice Report
https://www.fantasyguru.com/chiefs-xavier-worthy-logs-two-tds-in-nfl-debut,chiefs-xavier-worthy-logs-two-tds-in-nfl-debut,2024-09-06T06:52:09.000Z,
https://www.fantasyguru.com/2024-nfl-practice-report-week-1-thursday,2024-nfl-practice-report-week-1-thursday,2024-09-06T04:19:49.000Z,Practice Report
https://www.fantasyguru.com/chargers-lac-to-use-hot-hand-at-running-back,chargers-lac-to-use-hot-hand-at-running-back,2024-09-06T01:52:10.000Z,
https://www.fantasyguru.com/49ers-thursday-practice-report-for-49ers,49ers-thursday-practice-report-for-49ers,2024-09-05T23:52:12.000Z,Practice Report
https://www.fantasyguru.com/seahawks-thursday-practice-report-for-seahawks,seahawks-thursday-practice-report-for-seahawks,2024-09-05T23:52:11.000Z,Practice Report
https://www.fantasyguru.com/rams-lars-thursday-practice-report,rams-lars-thursday-practice-report,2024-09-05T23:52:11.000Z,Practice Report
https://www.fantasyguru.com/chargers-thursday-practice-report-for-chargers,chargers-thursday-practice-report-for-chargers,2024-09-05T22:52:12.000Z,Practice Report
https://www.fantasyguru.com/raiders-thursday-practice-report-for-raiders,raiders-thursday-practice-report-for-raiders,2024-09-05T22:52:11.000Z,Practice Report
https://www.fantasyguru.com/jets-thursday-practice-report-for-nyj,jets-thursday-practice-report-for-nyj,2024-09-05T22:52:10.000Z,Practice Report
https://www.fantasyguru.com/dolphins-thursday-practice-report-for-dolphins,dolphins-thursday-practice-report-for-dolphins,2024-09-05T21:52:14.000Z,Practice Report
https://www.fantasyguru.com/cowboys-thursday-practice-report-for-cowboys,cowboys-thursday-practice-report-for-cowboys,2024-09-05T21:52:13.000Z,Practice Report
https://www.fantasyguru.com/browns-clevelands-thursday-practice-report,browns-clevelands-thursday-practice-report,2024-09-05T21:52:09.000Z,Practice Report
https://www.fantasyguru.com/buccaneers-thursday-practice-report-for-buccaneers,buccaneers-thursday-practice-report-for-buccaneers,2024-09-05T20:52:12.000Z,Practice Report
https://www.fantasyguru.com/cardinals-arizonas-thursday-practice-report,cardinals-arizonas-thursday-practice-report,2024-09-05T20:52:11.000Z,Practice Report
https://www.fantasyguru.com/giants-thursdays-practice-report-for-ny-giants,giants-thursdays-practice-report-for-ny-giants,2024-09-05T19:52:11.000Z,Practice Report
https://www.fantasyguru.com/panthers-carolinas-thursday-practice-report,panthers-carolinas-thursday-practice-report,2024-09-05T19:52:11.000Z,Practice Report
https://www.fantasyguru.com/saints-thursday-practice-report-for-saints,saints-thursday-practice-report-for-saints,2024-09-05T19:52:09.000Z,Practice Report
https://www.fantasyguru.com/2024-nfl-fantasy-billboard-fantasy-football-giddy-up-whoa-down,2024-nfl-fantasy-billboard-fantasy-football-giddy-up-whoa-down,2024-09-05T15:12:19.000Z,
https://www.fantasyguru.com/rams-wednesday-practice-report-for-rams,rams-wednesday-practice-report-for-rams,2024-09-05T00:52:11.000Z,Practice Report
https://www.fantasyguru.com/2024-nfl-practice-report-week-1-wednesday,2024-nfl-practice-report-week-1-wednesday,2024-09-04T23:58:07.000Z,Practice Report
https://www.fantasyguru.com/seahawks-wednesday-practice-report-for-seahawks,seahawks-wednesday-practice-report-for-seahawks,2024-09-04T23:52:11.000Z,Practice Report
https://www.fantasyguru.com/nfl-teagan-quitoriano-to-miss-a-few-weeks,nfl-teagan-quitoriano-to-miss-a-few-weeks,2024-09-04T23:52:10.000Z,
https://www.fantasyguru.com/buccaneers-wednesday-practice-report-for-bucs,buccaneers-wednesday-practice-report-for-bucs,2024-09-04T22:52:15.000Z,Practice Report
https://www.fantasyguru.com/chargers-wednesday-practice-report-for-chargers,chargers-wednesday-practice-report-for-chargers,2024-09-04T22:52:14.000Z,Practice Report
https://www.fantasyguru.com/raiders-wednesday-practice-report-for-vegas,raiders-wednesday-practice-report-for-vegas,2024-09-04T22:52:13.000Z,Practice Report
https://www.fantasyguru.com/dynasty-ratings-update-9-4-24,dynasty-ratings-update-9-4-24,2024-09-04T22:38:29.000Z,Dynasty
https://www.fantasyguru.com/bears-chicagos-practice-report-for-wednesday,bears-chicagos-practice-report-for-wednesday,2024-09-04T21:52:15.000Z,Practice Report
https://www.fantasyguru.com/titans-wednesday-practice-report-for-titans,titans-wednesday-practice-report-for-titans,2024-09-04T21:52:15.000Z,Practice Report
https://www.fantasyguru.com/patriots-wednesday-practice-report-for-patriots,patriots-wednesday-practice-report-for-patriots,2024-09-04T21:52:14.000Z,Practice Report
https://www.fantasyguru.com/bengals-wednesday-practice-report-for-bengals,bengals-wednesday-practice-report-for-bengals,2024-09-04T21:52:13.000Z,Practice Report
https://www.fantasyguru.com/dolphins-miamis-wednesday-practice-report,dolphins-miamis-wednesday-practice-report,2024-09-04T21:52:12.000Z,Practice Report
https://www.fantasyguru.com/nfl-dfs-contest-selection-week-1-2024,nfl-dfs-contest-selection-week-1-2024,2024-09-04T21:35:46.000Z,NFL DFS Breakdown
https://www.fantasyguru.com/steelers-wednesday-practice-report-for-steelers,steelers-wednesday-practice-report-for-steelers,2024-09-04T20:52:19.000Z,Practice Report
https://www.fantasyguru.com/giants-nygs-wednesday-practice-report,giants-nygs-wednesday-practice-report,2024-09-04T20:52:18.000Z,Practice Report
https://www.fantasyguru.com/cowboys-wednesday-practice-report-for-dallas,cowboys-wednesday-practice-report-for-dallas,2024-09-04T20:52:18.000Z,Practice Report
https://www.fantasyguru.com/commanders-wednesday-practice-report-for-was,commanders-wednesday-practice-report-for-was,2024-09-04T20:52:17.000Z,Practice Report
https://www.fantasyguru.com/browns-wednesday-practice-report-for-browns,browns-wednesday-practice-report-for-browns,2024-09-04T20:52:16.000Z,Practice Report
https://www.fantasyguru.com/cardinals-wednesday-practice-report-for-cards,cardinals-wednesday-practice-report-for-cards,2024-09-04T20:52:15.000Z,Practice Report
https://www.fantasyguru.com/panthers-wednesday-practice-report-for-panthers,panthers-wednesday-practice-report-for-panthers,2024-09-04T19:52:11.000Z,Practice Report
https://www.fantasyguru.com/bills-buffalos-wednesday-practice-report,bills-buffalos-wednesday-practice-report,2024-09-04T19:52:10.000Z,Practice Report
https://www.fantasyguru.com/nfl-dfs-wr-coach-week-1-2024,nfl-dfs-wr-coach-week-1-2024,2024-09-04T19:09:41.000Z,NFL DFS Breakdown
https://www.fantasyguru.com/2024-nfl-weekly-streamers-week-1,2024-nfl-weekly-streamers-week-1,2024-09-04T05:32:22.000Z,
https://www.fantasyguru.com/eagles-philadelphias-practice-report-for-tuesday,eagles-philadelphias-practice-report-for-tuesday,2024-09-03T20:52:14.000Z,Practice Report
https://www.fantasyguru.com/packers-green-bays-tuesday-practice-report,packers-green-bays-tuesday-practice-report,2024-09-03T20:52:14.000Z,Practice Report
https://www.fantasyguru.com/ravens-tuesdays-practice-report-for-baltimore,ravens-tuesdays-practice-report-for-baltimore,2024-09-03T19:52:11.000Z,Practice Report
https://www.fantasyguru.com/chiefs-kansas-citys-tuesday-practice-report,chiefs-kansas-citys-tuesday-practice-report,2024-09-03T19:52:10.000Z,Practice Report
https://www.fantasyguru.com/2024-qb-coach-week-1,2024-qb-coach-week-1,2024-09-03T18:40:23.000Z,QB Analysis
https://www.fantasyguru.com/panthers-two-tight-ends-miss-practice,panthers-two-tight-ends-miss-practice,2024-09-03T00:55:09.000Z,
https://www.fantasyguru.com/nfl-tae-davis-to-miss-a-few-weeks,nfl-tae-davis-to-miss-a-few-weeks,2024-09-02T22:52:24.000Z,
https://www.fantasyguru.com/nfl-ricky-stromberg-to-undergo-surgery,nfl-ricky-stromberg-to-undergo-surgery,2024-09-02T22:52:23.000Z,
https://www.fantasyguru.com/chiefs-monday-practice-report-for-chiefs,chiefs-monday-practice-report-for-chiefs,2024-09-02T21:52:11.000Z,Practice Report
https://www.fantasyguru.com/ravens-baltimores-monday-practice-report,ravens-baltimores-monday-practice-report,2024-09-02T21:52:11.000Z,Practice Report
https://www.fantasyguru.com/buechers-players-to-target-at-current-adp-2024-edition,buechers-players-to-target-at-current-adp-2024-edition,2024-08-31T16:15:33.000Z,
https://www.fantasyguru.com/nfl-michael-thomas-handed-a-one-game-ban,nfl-michael-thomas-handed-a-one-game-ban,2024-08-30T20:52:14.000Z,
https://www.fantasyguru.com/2024-nfl-fantasy-billboard-face-for-radio,2024-nfl-fantasy-billboard-face-for-radio,2024-08-30T17:55:10.000Z,
https://www.fantasyguru.com/nfl-training-camp-report-8-30-2024,nfl-training-camp-report-8-30-2024,2024-08-30T17:41:56.000Z,Training Camp Report
https://www.fantasyguru.com/saints-new-orleans-swaps-out-practice-squad-tight-ends,saints-new-orleans-swaps-out-practice-squad-tight-ends,2024-08-29T18:52:10.000Z,
https://www.fantasyguru.com/nfl-tyus-bowser-making-the-rounds,nfl-tyus-bowser-making-the-rounds,2024-08-29T02:52:09.000Z,
https://www.fantasyguru.com/dynasty-ratings-update-nfl-roster-cuts,dynasty-ratings-update-nfl-roster-cuts,2024-08-29T00:11:57.000Z,Dynasty
https://www.fantasyguru.com/saints-saints-claim-a-running-back,saints-saints-claim-a-running-back,2024-08-28T17:52:13.000Z,
https://www.fantasyguru.com/panthers-panthers-signing-qb-to-practice-squad,panthers-panthers-signing-qb-to-practice-squad,2024-08-28T16:52:11.000Z,QB Analysis
https://www.fantasyguru.com/broncos-sean-payton-reiterates-qb-plans,broncos-sean-payton-reiterates-qb-plans,2024-08-26T01:52:09.000Z,QB Analysis
https://www.fantasyguru.com/2024-nfl-preseason-dfs-week-3-sunday-slate,2024-nfl-preseason-dfs-week-3-sunday-slate,2024-08-25T15:54:37.000Z,
https://www.fantasyguru.com/2024-nfl-preseason-dfs-week-3-saturday-slate,2024-nfl-preseason-dfs-week-3-saturday-slate,2024-08-24T18:46:32.000Z,
https://www.fantasyguru.com/nfl-chris-claybrooks-received-suspension,nfl-chris-claybrooks-received-suspension,2024-08-24T14:52:12.000Z,
https://www.fantasyguru.com/49ers-sf-undecided-on-backup-quarterback,49ers-sf-undecided-on-backup-quarterback,2024-08-24T14:52:10.000Z,QB Analysis
https://www.fantasyguru.com/nfl-j-c-jackson-suspended-for-opener,nfl-j-c-jackson-suspended-for-opener,2024-08-23T21:52:10.000Z,
https://www.fantasyguru.com/nfl-training-camp-report-8-23-2024,nfl-training-camp-report-8-23-2024,2024-08-23T20:29:46.000Z,Training Camp Report
https://www.fantasyguru.com/2024-nfl-preseason-dfs-week-3-friday-slate,2024-nfl-preseason-dfs-week-3-friday-slate,2024-08-23T19:26:08.000Z,
https://www.fantasyguru.com/nfl-several-teams-interested-in-tyre-phillips,nfl-several-teams-interested-in-tyre-phillips,2024-08-23T17:52:10.000Z,
https://www.fantasyguru.com/2024-nfl-fantasy-billboard-fantasy-football-mailbag,2024-nfl-fantasy-billboard-fantasy-football-mailbag,2024-08-22T23:28:07.000Z,
https://www.fantasyguru.com/seahawks-two-tight-ends-may-be-ready-for-opener,seahawks-two-tight-ends-may-be-ready-for-opener,2024-08-22T22:52:09.000Z,
https://www.fantasyguru.com/chargers-la-chargers-add-a-tight-end,chargers-la-chargers-add-a-tight-end,2024-08-22T18:52:08.000Z,
https://www.fantasyguru.com/2024-nfl-preseason-dfs-week-3-thursday-slate,2024-nfl-preseason-dfs-week-3-thursday-slate,2024-08-22T16:58:05.000Z,
https://www.fantasyguru.com/dynasty-ratings-update-8-21-24,dynasty-ratings-update-8-21-24,2024-08-22T01:59:53.000Z,Dynasty
https://www.fantasyguru.com/nfl-training-camp-report-8-21-2024,nfl-training-camp-report-8-21-2024,2024-08-21T21:00:29.000Z,Training Camp Report
https://www.fantasyguru.com/seahawks-seattle-signs-two-tight-ends,seahawks-seattle-signs-two-tight-ends,2024-08-19T21:52:09.000Z,
https://www.fantasyguru.com/tylers-thoughts-checking-in-on-your-best-ball-bets,tylers-thoughts-checking-in-on-your-best-ball-bets,2024-08-19T17:36:10.000Z,Best Ball
https://www.fantasyguru.com/nfl-colt-mccoy-retires,nfl-colt-mccoy-retires,2024-08-19T15:52:10.000Z,
https://www.fantasyguru.com/2024-drafters-bestball-adp,2024-drafters-bestball-adp,2024-08-19T13:48:47.000Z,Best Ball
https://www.fantasyguru.com/2024-nfl-preseason-dfs-week-2-sunday-slate,2024-nfl-preseason-dfs-week-2-sunday-slate,2024-08-18T19:53:36.000Z,
https://www.fantasyguru.com/2024-nfl-preseason-dfs-week-2-saturday-slate,2024-nfl-preseason-dfs-week-2-saturday-slate,2024-08-17T20:20:23.000Z,
https://www.fantasyguru.com/2024-nfl-fantasy-billboard-its-just-fantasy-football,2024-nfl-fantasy-billboard-its-just-fantasy-football,2024-08-17T00:04:11.000Z,
https://www.fantasyguru.com/nfl-training-camp-report-8-16-2024,nfl-training-camp-report-8-16-2024,2024-08-16T21:17:00.000Z,Training Camp Report
https://www.fantasyguru.com/qbs-who-could-outperform-their-adp-in-best-ball-mania,qbs-who-could-outperform-their-adp-in-best-ball-mania,2024-08-15T15:00:00.000Z,Best Ball
https://www.fantasyguru.com/how-does-oc-experience-affect-qb-performance-in-best-ball-mania,how-does-oc-experience-affect-qb-performance-in-best-ball-mania,2024-08-15T13:53:23.000Z,QB Analysis
https://www.fantasyguru.com/dynasty-rating-update-8-14-24,dynasty-rating-update-8-14-24,2024-08-14T22:34:22.000Z,Dynasty
https://www.fantasyguru.com/chargers-colin-kaepernick-an-option-for-coaching-staff,chargers-colin-kaepernick-an-option-for-coaching-staff,2024-08-14T19:52:10.000Z,
https://www.fantasyguru.com/nfl-tavon-austin-retiring,nfl-tavon-austin-retiring,2024-08-13T22:52:10.000Z,
https://www.fantasyguru.com/tylers-thoughts-exploiting-adp-values-in-home-leagues,tylers-thoughts-exploiting-adp-values-in-home-leagues,2024-08-13T13:20:54.000Z,
https://www.fantasyguru.com/nfl-colin-kaepernick-still-wants-to-play,nfl-colin-kaepernick-still-wants-to-play,2024-08-13T03:52:10.000Z,
https://www.fantasyguru.com/raiders-raiders-qb-decision-coming-soon,raiders-raiders-qb-decision-coming-soon,2024-08-11T20:52:12.000Z,QB Analysis
https://www.fantasyguru.com/2024-nfl-preseason-dfs-week-1-sunday-slate,2024-nfl-preseason-dfs-week-1-sunday-slate,2024-08-11T15:11:54.000Z,
https://www.fantasyguru.com/2024-nfl-preseason-dfs-week-1-saturday-slate,2024-nfl-preseason-dfs-week-1-saturday-slate,2024-08-10T16:07:27.000Z,
https://www.fantasyguru.com/2024-nfl-fantasy-billboard-fantasy-football-beach-perspective,2024-nfl-fantasy-billboard-fantasy-football-beach-perspective,2024-08-10T12:56:18.000Z,
https://www.fantasyguru.com/nfl-training-camp-report-8-9-24,nfl-training-camp-report-8-9-24,2024-08-10T12:20:00.000Z,Training Camp Report
https://www.fantasyguru.com/nfl-training-camp-report-8-7-2024,nfl-training-camp-report-8-7-2024,2024-08-10T12:14:00.000Z,Training Camp Report
https://www.fantasyguru.com/2024-nfl-preseason-dfs-week-1-friday-slate,2024-nfl-preseason-dfs-week-1-friday-slate,2024-08-09T21:57:38.000Z,
https://www.fantasyguru.com/2024-nfl-preseason-dfs-week-1-thursday-slate,2024-nfl-preseason-dfs-week-1-thursday-slate,2024-08-08T22:50:36.000Z,
https://www.fantasyguru.com/nfl-nick-foles-retires,nfl-nick-foles-retires,2024-08-08T15:52:09.000Z,
https://www.fantasyguru.com/dynasty-ratings-update-8-7-24,dynasty-ratings-update-8-7-24,2024-08-08T01:27:25.000Z,Dynasty
https://www.fantasyguru.com/2024-nfl-fantasy-billboard-fantasy-football-commissioner-life,2024-nfl-fantasy-billboard-fantasy-football-commissioner-life,2024-08-03T14:44:18.000Z,
https://www.fantasyguru.com/saints-new-orleans-signs-two-tight-ends,saints-new-orleans-signs-two-tight-ends,2024-08-03T01:52:11.000Z,
https://www.fantasyguru.com/raiders-vegas-tight-ends-to-be-busy,raiders-vegas-tight-ends-to-be-busy,2024-08-03T01:52:11.000Z,
https://www.fantasyguru.com/betting-wide-receiver-and-tight-end-props,betting-wide-receiver-and-tight-end-props,2024-08-03T00:39:35.000Z,Betting/Props
https://www.fantasyguru.com/introduction-to-wagering-nfl-spreads-and-totals,introduction-to-wagering-nfl-spreads-and-totals,2024-08-03T00:32:44.000Z,
https://www.fantasyguru.com/how-to-bet-nfl-teasers-2,how-to-bet-nfl-teasers-2,2024-08-03T00:32:35.000Z,
https://www.fantasyguru.com/betting-quarterback-props,betting-quarterback-props,2024-08-03T00:21:56.000Z,QB Analysis
https://www.fantasyguru.com/betting-running-back-props,betting-running-back-props,2024-08-03T00:18:50.000Z,Betting/Props
https://www.fantasyguru.com/nfl-cole-hikutini-receiving-interest,nfl-cole-hikutini-receiving-interest,2024-08-02T23:52:11.000Z,
https://www.fantasyguru.com/nfl-preseason-breakdown-hof-game-hou-vs-chi,nfl-preseason-breakdown-hof-game-hou-vs-chi,2024-08-01T15:17:11.000Z,
https://www.fantasyguru.com/dynasty-ratings-update-7-31-24,dynasty-ratings-update-7-31-24,2024-08-01T05:12:32.000Z,Dynasty
https://www.fantasyguru.com/2024-quarterback-target-shares,2024-quarterback-target-shares,2024-07-31T20:45:00.000Z,QB Analysis
https://www.fantasyguru.com/steelers-steelers-ink-wide-receiver,steelers-steelers-ink-wide-receiver,2024-07-31T16:52:10.000Z,
https://www.fantasyguru.com/nfl-a-j-klein-calls-it-a-career,nfl-a-j-klein-calls-it-a-career,2024-07-30T20:52:12.000Z,
https://www.fantasyguru.com/49ers-drake-jackson-out-for-training-camp,49ers-drake-jackson-out-for-training-camp,2024-07-29T20:52:16.000Z,Training Camp Report
https://www.fantasyguru.com/wide-receivers-vs-coverage-scheme-2024,wide-receivers-vs-coverage-scheme-2024,2024-07-29T19:09:56.000Z,
https://www.fantasyguru.com/patriots-two-running-backs-activated,patriots-two-running-backs-activated,2024-07-28T21:52:13.000Z,
https://www.fantasyguru.com/nfl-isaiah-buggs-receives-some-legal-punishment,nfl-isaiah-buggs-receives-some-legal-punishment,2024-07-26T17:52:12.000Z,
https://www.fantasyguru.com/projecting-rookie-qb-rushing-attempts-2023-update,projecting-rookie-qb-rushing-attempts-2023-update,2024-07-25T15:10:28.000Z,Rookie Expectation/Profile
https://www.fantasyguru.com/dynasty-ratings-update-7-24-24,dynasty-ratings-update-7-24-24,2024-07-25T00:11:49.000Z,Dynasty
https://www.fantasyguru.com/raiders-no-leading-candidate-in-qb-competition,raiders-no-leading-candidate-in-qb-competition,2024-07-24T01:52:14.000Z,QB Analysis
https://www.fantasyguru.com/steelers-three-wide-receivers-worked-out,steelers-three-wide-receivers-worked-out,2024-07-23T23:52:14.000Z,
https://www.fantasyguru.com/nfl-kenyan-drake-hanging-up-his-cleats,nfl-kenyan-drake-hanging-up-his-cleats,2024-07-19T20:52:10.000Z,
https://www.fantasyguru.com/nfl-tyre-phillips-to-be-cleared-soon,nfl-tyre-phillips-to-be-cleared-soon,2024-07-19T02:52:10.000Z,
https://www.fantasyguru.com/nfl-randall-cobb-not-officially-retired,nfl-randall-cobb-not-officially-retired,2024-07-18T17:52:11.000Z,
https://www.fantasyguru.com/nfl-randall-cobb-stepping-into-booth,nfl-randall-cobb-stepping-into-booth,2024-07-18T14:52:11.000Z,
https://www.fantasyguru.com/do-running-qbs-outperform-their-adp,do-running-qbs-outperform-their-adp,2024-07-18T13:21:37.000Z,
https://www.fantasyguru.com/dynasty-ratings-update-7-17-24,dynasty-ratings-update-7-17-24,2024-07-18T00:44:03.000Z,Dynasty
https://www.fantasyguru.com/nfl-justin-simmons-looking-for-contender,nfl-justin-simmons-looking-for-contender,2024-07-17T20:52:10.000Z,
https://www.fantasyguru.com/nfl-stephon-gilmore-still-waiting,nfl-stephon-gilmore-still-waiting,2024-07-16T21:52:09.000Z,
https://www.fantasyguru.com/nfl-shedeur-sanders-refutes-team-preference-report,nfl-shedeur-sanders-refutes-team-preference-report,2024-07-16T17:52:12.000Z,
https://www.fantasyguru.com/nfl-deven-thompkins-wont-face-discipline,nfl-deven-thompkins-wont-face-discipline,2024-07-16T16:52:09.000Z,
https://www.fantasyguru.com/2024-ppr-running-back-myth-fantasy-football,2024-ppr-running-back-myth-fantasy-football,2024-07-14T18:42:30.000Z,
https://www.fantasyguru.com/nfl-justin-simmons-not-sure-when-hell-sign,nfl-justin-simmons-not-sure-when-hell-sign,2024-07-13T16:52:13.000Z,
https://www.fantasyguru.com/2024-drafters-bestball-wide-receiver-targets,2024-drafters-bestball-wide-receiver-targets,2024-07-12T17:31:28.000Z,Best Ball
https://www.fantasyguru.com/nfl-immense-interest-in-justin-simmons,nfl-immense-interest-in-justin-simmons,2024-07-12T14:52:12.000Z,
https://www.fantasyguru.com/broncos-audric-estime-ready-for-training-camp,broncos-audric-estime-ready-for-training-camp,2024-07-11T17:52:08.000Z,Training Camp Report
https://www.fantasyguru.com/the-cost-of-reaching-in-best-ball-mania,the-cost-of-reaching-in-best-ball-mania,2024-07-11T13:28:43.000Z,Best Ball
https://www.fantasyguru.com/dynasty-ratings-update-7-10-24,dynasty-ratings-update-7-10-24,2024-07-10T23:08:24.000Z,Dynasty
