url,slug,lastmod,franchise
https://www.fantasyguru.com/rays-ramblings-pitcher-workload-concerns,rays-ramblings-pitcher-workload-concerns,2026-07-09T19:13:51.000Z,Ray's Ramblings
https://www.fantasyguru.com/mlb-cheat-sheet,mlb-cheat-sheet,2026-07-09T18:18:34.000Z,MLB Cheat Sheet
https://www.fantasyguru.com/mlb-dfs-breakdown-7-9-2026,mlb-dfs-breakdown-7-9-2026,2026-07-09T16:19:19.000Z,MLB DFS Breakdown
https://www.fantasyguru.com/2026-mlb-umpire-report-thursdays-strike-zone-week-16,2026-mlb-umpire-report-thursdays-strike-zone-week-16,2026-07-09T14:30:16.000Z,MLB Umpire Report
https://www.fantasyguru.com/mlb-dfs-draftkings-breakdown-7-8-2026,mlb-dfs-draftkings-breakdown-7-8-2026,2026-07-08T16:15:43.000Z,MLB DFS Breakdown
https://www.fantasyguru.com/rays-plays-july-8th-2026,rays-plays-july-8th-2026,2026-07-08T15:28:56.000Z,Ray's Plays
https://www.fantasyguru.com/2026-mlb-umpire-report-wednesdays-strike-zone-week-16,2026-mlb-umpire-report-wednesdays-strike-zone-week-16,2026-07-08T13:22:10.000Z,MLB Umpire Report
https://www.fantasyguru.com/2026-mlb-umpire-report-tuesdays-strike-zone-week-16,2026-mlb-umpire-report-tuesdays-strike-zone-week-16,2026-07-07T17:00:30.000Z,MLB Umpire Report
https://www.fantasyguru.com/rays-plays-july-7th-2026,rays-plays-july-7th-2026,2026-07-07T16:24:37.000Z,Ray's Plays
https://www.fantasyguru.com/mlb-dfs-breakdown-7-7-2026,mlb-dfs-breakdown-7-7-2026,2026-07-07T16:16:35.000Z,MLB DFS Breakdown
https://www.fantasyguru.com/rays-plays-july-6th-2026,rays-plays-july-6th-2026,2026-07-06T18:33:55.000Z,Ray's Plays
https://www.fantasyguru.com/mlb-dfs-breakdown-7-6-2026,mlb-dfs-breakdown-7-6-2026,2026-07-06T16:18:33.000Z,MLB DFS Breakdown
https://www.fantasyguru.com/2026-mlb-planner-week-16,2026-mlb-planner-week-16,2026-07-05T16:26:31.000Z,
https://www.fantasyguru.com/2026-mlb-umpire-report-sundays-strike-zone-week-15,2026-mlb-umpire-report-sundays-strike-zone-week-15,2026-07-05T15:12:54.000Z,MLB Umpire Report
https://www.fantasyguru.com/mlb-dfs-breakdown-7-5-2026,mlb-dfs-breakdown-7-5-2026,2026-07-05T14:57:23.000Z,MLB DFS Breakdown
https://www.fantasyguru.com/mlb-dfs-breakdown-7-4-2026,mlb-dfs-breakdown-7-4-2026,2026-07-05T13:36:52.000Z,MLB DFS Breakdown
https://www.fantasyguru.com/2026-mlb-umpire-report-saturdays-strike-zone-week-15,2026-mlb-umpire-report-saturdays-strike-zone-week-15,2026-07-04T15:02:18.000Z,MLB Umpire Report
https://www.fantasyguru.com/2026-mlb-faab-values-week-15,2026-mlb-faab-values-week-15,2026-07-03T23:19:21.000Z,
https://www.fantasyguru.com/mlb-dfs-breakdown-7-3-2026,mlb-dfs-breakdown-7-3-2026,2026-07-03T17:44:38.000Z,MLB DFS Breakdown
https://www.fantasyguru.com/rays-ramblings-recent-expected-performances,rays-ramblings-recent-expected-performances,2026-07-02T18:45:29.000Z,Ray's Ramblings
https://www.fantasyguru.com/mlb-dfs-breakdown-7-2-2026,mlb-dfs-breakdown-7-2-2026,2026-07-02T16:44:10.000Z,MLB DFS Breakdown
https://www.fantasyguru.com/2026-the-closer-grid-july-2nd,2026-the-closer-grid-july-2nd,2026-07-02T15:20:17.000Z,
https://www.fantasyguru.com/mlb-dfs-breakdown-6-25-2026,mlb-dfs-breakdown-6-25-2026,2026-07-02T11:53:01.000Z,MLB DFS Breakdown
https://www.fantasyguru.com/mlb-dfs-breakdown-7-1-2026,mlb-dfs-breakdown-7-1-2026,2026-07-01T17:29:46.000Z,MLB DFS Breakdown
https://www.fantasyguru.com/rays-plays-july-1st-2026,rays-plays-july-1st-2026,2026-07-01T15:45:01.000Z,Ray's Plays
https://www.fantasyguru.com/2026-mlb-umpire-report-wednesdays-strike-zone-week-15,2026-mlb-umpire-report-wednesdays-strike-zone-week-15,2026-07-01T13:27:13.000Z,MLB Umpire Report
https://www.fantasyguru.com/2026-mlb-umpire-report-tuesdays-strike-zone-week-15,2026-mlb-umpire-report-tuesdays-strike-zone-week-15,2026-06-30T16:05:30.000Z,MLB Umpire Report
https://www.fantasyguru.com/mlb-dfs-breakdown-6-30-2026,mlb-dfs-breakdown-6-30-2026,2026-06-30T15:32:29.000Z,MLB DFS Breakdown
https://www.fantasyguru.com/rays-plays-june-30th-2026,rays-plays-june-30th-2026,2026-06-30T13:55:30.000Z,Ray's Plays
https://www.fantasyguru.com/mlb-dfs-breakdown-6-29-2026,mlb-dfs-breakdown-6-29-2026,2026-06-29T21:24:45.000Z,MLB DFS Breakdown
https://www.fantasyguru.com/rays-plays-june-29th-2026,rays-plays-june-29th-2026,2026-06-29T19:06:59.000Z,Ray's Plays
https://www.fantasyguru.com/2026-mlb-planner-week-15,2026-mlb-planner-week-15,2026-06-29T14:22:54.000Z,
https://www.fantasyguru.com/mlb-dfs-breakdown-6-28-2026,mlb-dfs-breakdown-6-28-2026,2026-06-28T15:00:31.000Z,MLB DFS Breakdown
https://www.fantasyguru.com/2026-mlb-umpire-report-sundays-strike-zone-week-14,2026-mlb-umpire-report-sundays-strike-zone-week-14,2026-06-28T14:15:43.000Z,MLB Umpire Report
https://www.fantasyguru.com/2026-mlb-faab-values-week-14,2026-mlb-faab-values-week-14,2026-06-28T00:39:19.000Z,
https://www.fantasyguru.com/mlb-dfs-breakdown-6-27-2026,mlb-dfs-breakdown-6-27-2026,2026-06-27T17:04:32.000Z,MLB DFS Breakdown
https://www.fantasyguru.com/2026-mlb-umpire-report-saturdays-strike-zone-week-14,2026-mlb-umpire-report-saturdays-strike-zone-week-14,2026-06-27T15:33:06.000Z,MLB Umpire Report
https://www.fantasyguru.com/rays-plays-june-26th-2026,rays-plays-june-26th-2026,2026-06-26T18:32:39.000Z,Ray's Plays
https://www.fantasyguru.com/mlb-dfs-breakdown-6-26-2026,mlb-dfs-breakdown-6-26-2026,2026-06-26T17:44:30.000Z,MLB DFS Breakdown
https://www.fantasyguru.com/rays-ramblings-2026-fantasy-baseball-midpoint,rays-ramblings-2026-fantasy-baseball-midpoint,2026-06-25T18:20:18.000Z,Ray's Ramblings
https://www.fantasyguru.com/2026-mlb-umpire-report-thursdays-strike-zone-week-14,2026-mlb-umpire-report-thursdays-strike-zone-week-14,2026-06-25T16:11:35.000Z,MLB Umpire Report
https://www.fantasyguru.com/2026-mlb-umpire-report-wednesdays-strike-zone-week-14,2026-mlb-umpire-report-wednesdays-strike-zone-week-14,2026-06-24T18:09:01.000Z,MLB Umpire Report
https://www.fantasyguru.com/mlb-dfs-breakdown-6-24-2026,mlb-dfs-breakdown-6-24-2026,2026-06-24T17:51:20.000Z,MLB DFS Breakdown
https://www.fantasyguru.com/rays-plays-june-24th-2026,rays-plays-june-24th-2026,2026-06-24T16:01:36.000Z,Ray's Plays
https://www.fantasyguru.com/mlb-dfs-breakdown-6-23-2026,mlb-dfs-breakdown-6-23-2026,2026-06-23T18:24:39.000Z,MLB DFS Breakdown
https://www.fantasyguru.com/2026-mlb-umpire-report-tuesdays-strike-zone-week-14,2026-mlb-umpire-report-tuesdays-strike-zone-week-14,2026-06-23T17:07:24.000Z,MLB Umpire Report
https://www.fantasyguru.com/rays-plays-june-23rd-2026,rays-plays-june-23rd-2026,2026-06-23T15:47:25.000Z,Ray's Plays
https://www.fantasyguru.com/rays-plays-june-22nd-2026,rays-plays-june-22nd-2026,2026-06-22T18:17:18.000Z,Ray's Plays
https://www.fantasyguru.com/mlb-dfs-breakdown-6-22-2026,mlb-dfs-breakdown-6-22-2026,2026-06-22T17:26:29.000Z,MLB DFS Breakdown
https://www.fantasyguru.com/2026-mlb-planner-week-14,2026-mlb-planner-week-14,2026-06-21T18:11:29.000Z,
https://www.fantasyguru.com/2026-mlb-umpire-report-sundays-strike-zone-week-13,2026-mlb-umpire-report-sundays-strike-zone-week-13,2026-06-21T16:12:18.000Z,MLB Umpire Report
https://www.fantasyguru.com/mlb-dfs-breakdown-6-21-2026,mlb-dfs-breakdown-6-21-2026,2026-06-21T14:39:41.000Z,MLB DFS Breakdown
https://www.fantasyguru.com/2026-mlb-umpire-report-saturdays-strike-zone-week-13,2026-mlb-umpire-report-saturdays-strike-zone-week-13,2026-06-20T16:28:47.000Z,MLB Umpire Report
https://www.fantasyguru.com/mlb-dfs-breakdown-6-20-2026,mlb-dfs-breakdown-6-20-2026,2026-06-20T15:39:31.000Z,MLB DFS Breakdown
https://www.fantasyguru.com/2026-mlb-faab-values-week-13,2026-mlb-faab-values-week-13,2026-06-20T11:19:39.000Z,
https://www.fantasyguru.com/mlb-dfs-breakdown-6-19-2026,mlb-dfs-breakdown-6-19-2026,2026-06-19T17:34:12.000Z,MLB DFS Breakdown
https://www.fantasyguru.com/rays-plays-june-19th-2026,rays-plays-june-19th-2026,2026-06-19T14:31:20.000Z,Ray's Plays
https://www.fantasyguru.com/2026-mlb-umpire-report-thursdays-strike-zone-week-13,2026-mlb-umpire-report-thursdays-strike-zone-week-13,2026-06-18T20:08:50.000Z,MLB Umpire Report
https://www.fantasyguru.com/rays-ramblings-how-good-am-i,rays-ramblings-how-good-am-i,2026-06-18T19:38:38.000Z,Ray's Ramblings
https://www.fantasyguru.com/mlb-dfs-breakdown-6-18-2026,mlb-dfs-breakdown-6-18-2026,2026-06-18T16:48:18.000Z,MLB DFS Breakdown
https://www.fantasyguru.com/mlb-dfs-breakdown-6-17-2026,mlb-dfs-breakdown-6-17-2026,2026-06-17T16:47:14.000Z,MLB DFS Breakdown
https://www.fantasyguru.com/rays-plays-june-17th-2026,rays-plays-june-17th-2026,2026-06-17T16:37:01.000Z,Ray's Plays
https://www.fantasyguru.com/2026-mlb-umpire-report-wednesdays-strike-zone-week-13,2026-mlb-umpire-report-wednesdays-strike-zone-week-13,2026-06-17T13:24:00.000Z,MLB Umpire Report
https://www.fantasyguru.com/2026-mlb-umpire-report-tuesdays-strike-zone-week-13,2026-mlb-umpire-report-tuesdays-strike-zone-week-13,2026-06-16T20:38:23.000Z,MLB Umpire Report
https://www.fantasyguru.com/rays-plays-june-16th-2026,rays-plays-june-16th-2026,2026-06-16T17:31:21.000Z,Ray's Plays
https://www.fantasyguru.com/mlb-dfs-breakdown-6-16-2026,mlb-dfs-breakdown-6-16-2026,2026-06-16T14:00:06.000Z,MLB DFS Breakdown
https://www.fantasyguru.com/rays-plays-june-15th-2026,rays-plays-june-15th-2026,2026-06-15T19:11:36.000Z,Ray's Plays
https://www.fantasyguru.com/mlb-dfs-breakdown-6-15-2026,mlb-dfs-breakdown-6-15-2026,2026-06-15T14:00:28.000Z,MLB DFS Breakdown
https://www.fantasyguru.com/mlb-dfs-breakdown-6-14-2026,mlb-dfs-breakdown-6-14-2026,2026-06-14T15:03:28.000Z,MLB DFS Breakdown
https://www.fantasyguru.com/2026-mlb-umpire-report-sundays-strike-zone-week-12,2026-mlb-umpire-report-sundays-strike-zone-week-12,2026-06-14T14:12:37.000Z,MLB Umpire Report
https://www.fantasyguru.com/2026-mlb-planner-week-13,2026-mlb-planner-week-13,2026-06-13T21:59:48.000Z,
https://www.fantasyguru.com/2026-mlb-faab-values-week-12,2026-mlb-faab-values-week-12,2026-06-13T21:10:29.000Z,
https://www.fantasyguru.com/mlb-dfs-breakdown-6-13-2026,mlb-dfs-breakdown-6-13-2026,2026-06-13T16:02:20.000Z,MLB DFS Breakdown
https://www.fantasyguru.com/2026-mlb-umpire-report-saturdays-strike-zone-week-12,2026-mlb-umpire-report-saturdays-strike-zone-week-12,2026-06-13T14:02:41.000Z,MLB Umpire Report
https://www.fantasyguru.com/rays-plays-june-12th-2026,rays-plays-june-12th-2026,2026-06-12T17:48:04.000Z,Ray's Plays
https://www.fantasyguru.com/mlb-dfs-breakdown-6-12-2026,mlb-dfs-breakdown-6-12-2026,2026-06-12T16:35:05.000Z,MLB DFS Breakdown
https://www.fantasyguru.com/rays-ramblings-around-the-diamond-june-2026,rays-ramblings-around-the-diamond-june-2026,2026-06-11T19:09:48.000Z,Ray's Ramblings
https://www.fantasyguru.com/mlb-dfs-breakdown-6-11-2026,mlb-dfs-breakdown-6-11-2026,2026-06-11T15:06:51.000Z,MLB DFS Breakdown
https://www.fantasyguru.com/2026-mlb-umpire-report-thursdays-strike-zone-week-12,2026-mlb-umpire-report-thursdays-strike-zone-week-12,2026-06-11T14:11:22.000Z,MLB Umpire Report
https://www.fantasyguru.com/2026-mlb-umpire-report-wednesdays-strike-zone-week-12,2026-mlb-umpire-report-wednesdays-strike-zone-week-12,2026-06-10T17:45:06.000Z,MLB Umpire Report
https://www.fantasyguru.com/mlb-dfs-breakdown-6-10-2026,mlb-dfs-breakdown-6-10-2026,2026-06-10T17:22:32.000Z,MLB DFS Breakdown
https://www.fantasyguru.com/rays-plays-june-10th-2026,rays-plays-june-10th-2026,2026-06-10T15:51:46.000Z,Ray's Plays
https://www.fantasyguru.com/rays-plays-june-9th-2026,rays-plays-june-9th-2026,2026-06-09T15:40:42.000Z,Ray's Plays
https://www.fantasyguru.com/2026-mlb-umpire-report-tuesdays-strike-zone-week-12,2026-mlb-umpire-report-tuesdays-strike-zone-week-12,2026-06-09T14:58:57.000Z,MLB Umpire Report
https://www.fantasyguru.com/mlb-dfs-breakdown-6-9-2026,mlb-dfs-breakdown-6-9-2026,2026-06-09T14:18:51.000Z,MLB DFS Breakdown
https://www.fantasyguru.com/rays-plays-june-8th-2026,rays-plays-june-8th-2026,2026-06-08T18:24:05.000Z,Ray's Plays
https://www.fantasyguru.com/mlb-dfs-breakdown-6-8-2026,mlb-dfs-breakdown-6-8-2026,2026-06-08T17:35:49.000Z,MLB DFS Breakdown
https://www.fantasyguru.com/2026-mlb-planner-week-12,2026-mlb-planner-week-12,2026-06-07T16:52:31.000Z,
https://www.fantasyguru.com/mlb-dfs-breakdown-6-7-2026,mlb-dfs-breakdown-6-7-2026,2026-06-07T14:59:48.000Z,MLB DFS Breakdown
https://www.fantasyguru.com/2026-mlb-umpire-report-sundays-strike-zone-week-11,2026-mlb-umpire-report-sundays-strike-zone-week-11,2026-06-07T14:22:53.000Z,MLB Umpire Report
https://www.fantasyguru.com/2026-mlb-faab-values-week-11,2026-mlb-faab-values-week-11,2026-06-06T16:17:31.000Z,
https://www.fantasyguru.com/2026-mlb-umpire-report-saturdays-strike-zone-week-11,2026-mlb-umpire-report-saturdays-strike-zone-week-11,2026-06-06T15:47:38.000Z,MLB Umpire Report
https://www.fantasyguru.com/mlb-dfs-breakdown-6-6-2026,mlb-dfs-breakdown-6-6-2026,2026-06-06T15:20:24.000Z,MLB DFS Breakdown
https://www.fantasyguru.com/rays-plays-june-5th-2026,rays-plays-june-5th-2026,2026-06-05T20:05:05.000Z,Ray's Plays
https://www.fantasyguru.com/mlb-dfs-breakdown-6-5-2026,mlb-dfs-breakdown-6-5-2026,2026-06-05T15:55:56.000Z,MLB DFS Breakdown
https://www.fantasyguru.com/rays-ramblings-were-streaking,rays-ramblings-were-streaking,2026-06-04T19:37:00.000Z,Ray's Ramblings
https://www.fantasyguru.com/mlb-dfs-breakdown-6-4-2026,mlb-dfs-breakdown-6-4-2026,2026-06-04T17:33:18.000Z,MLB DFS Breakdown
https://www.fantasyguru.com/2026-mlb-umpire-report-thursdays-strike-zone-week-11,2026-mlb-umpire-report-thursdays-strike-zone-week-11,2026-06-04T12:34:22.000Z,MLB Umpire Report
https://www.fantasyguru.com/mlb-dfs-breakdown-6-3-2026,mlb-dfs-breakdown-6-3-2026,2026-06-03T20:00:43.000Z,MLB DFS Breakdown
https://www.fantasyguru.com/rays-plays-june-3rd-2026,rays-plays-june-3rd-2026,2026-06-03T15:39:01.000Z,Ray's Plays
https://www.fantasyguru.com/2026-mlb-umpire-report-wednesdays-strike-zone-week-11,2026-mlb-umpire-report-wednesdays-strike-zone-week-11,2026-06-03T13:15:59.000Z,MLB Umpire Report
https://www.fantasyguru.com/mlb-dfs-breakdown-6-2-2026,mlb-dfs-breakdown-6-2-2026,2026-06-02T16:31:46.000Z,MLB DFS Breakdown
https://www.fantasyguru.com/rays-plays-june-2nd-2026,rays-plays-june-2nd-2026,2026-06-02T15:47:35.000Z,Ray's Plays
https://www.fantasyguru.com/2026-mlb-umpire-report-tuesdays-strike-zone-week-11,2026-mlb-umpire-report-tuesdays-strike-zone-week-11,2026-06-02T14:07:59.000Z,MLB Umpire Report
https://www.fantasyguru.com/rays-plays-june-1st-2026,rays-plays-june-1st-2026,2026-06-01T20:21:40.000Z,Ray's Plays
https://www.fantasyguru.com/mlb-dfs-breakdown-6-1-2026,mlb-dfs-breakdown-6-1-2026,2026-06-01T16:13:53.000Z,MLB DFS Breakdown
https://www.fantasyguru.com/mlb-dfs-breakdown-5-18-2026,mlb-dfs-breakdown-5-18-2026,2026-05-31T15:26:01.000Z,MLB DFS Breakdown
https://www.fantasyguru.com/mlb-dfs-breakdown-5-19-2026,mlb-dfs-breakdown-5-19-2026,2026-05-31T15:25:31.000Z,MLB DFS Breakdown
https://www.fantasyguru.com/mlb-dfs-breakdown-5-20-2026,mlb-dfs-breakdown-5-20-2026,2026-05-31T15:24:55.000Z,MLB DFS Breakdown
https://www.fantasyguru.com/mlb-dfs-breakdown-5-21-2026,mlb-dfs-breakdown-5-21-2026,2026-05-31T15:24:16.000Z,MLB DFS Breakdown
https://www.fantasyguru.com/mlb-dfs-breakdown-5-22-2026,mlb-dfs-breakdown-5-22-2026,2026-05-31T15:23:54.000Z,MLB DFS Breakdown
https://www.fantasyguru.com/mlb-dfs-breakdown-5-23-2026,mlb-dfs-breakdown-5-23-2026,2026-05-31T15:23:28.000Z,MLB DFS Breakdown
https://www.fantasyguru.com/mlb-dfs-breakdown-5-24-2026,mlb-dfs-breakdown-5-24-2026,2026-05-31T15:22:58.000Z,MLB DFS Breakdown
https://www.fantasyguru.com/mlb-dfs-breakdown-5-25-2026-draftkings-main-slate,mlb-dfs-breakdown-5-25-2026-draftkings-main-slate,2026-05-31T15:22:31.000Z,MLB DFS Breakdown
https://www.fantasyguru.com/mlb-dfs-breakdown-5-26-2026,mlb-dfs-breakdown-5-26-2026,2026-05-31T15:21:51.000Z,MLB DFS Breakdown
https://www.fantasyguru.com/mlb-dfs-breakdown-5-27-2026,mlb-dfs-breakdown-5-27-2026,2026-05-31T15:21:17.000Z,MLB DFS Breakdown
https://www.fantasyguru.com/mlb-dfs-breakdown-5-30-2026,mlb-dfs-breakdown-5-30-2026,2026-05-31T15:19:18.000Z,MLB DFS Breakdown
https://www.fantasyguru.com/mlb-dfs-breakdown-5-31-2026,mlb-dfs-breakdown-5-31-2026,2026-05-31T15:18:05.000Z,MLB DFS Breakdown
https://www.fantasyguru.com/2026-mlb-umpire-report-sundays-strike-zone-week-10,2026-mlb-umpire-report-sundays-strike-zone-week-10,2026-05-31T14:07:21.000Z,MLB Umpire Report
https://www.fantasyguru.com/2026-mlb-planner-week-11,2026-mlb-planner-week-11,2026-05-30T20:32:09.000Z,
https://www.fantasyguru.com/2026-mlb-umpire-report-saturdays-strike-zone-week-10,2026-mlb-umpire-report-saturdays-strike-zone-week-10,2026-05-30T15:20:12.000Z,MLB Umpire Report
https://www.fantasyguru.com/2026-mlb-faab-values-week-10,2026-mlb-faab-values-week-10,2026-05-29T22:38:13.000Z,
https://www.fantasyguru.com/rays-plays-may-29th-2026,rays-plays-may-29th-2026,2026-05-29T20:12:11.000Z,Ray's Plays
https://www.fantasyguru.com/mlb-dfs-breakdown-5-29-2026,mlb-dfs-breakdown-5-29-2026,2026-05-29T15:48:38.000Z,MLB DFS Breakdown
https://www.fantasyguru.com/rays-ramblings-young-hurlers-some-bats,rays-ramblings-young-hurlers-some-bats,2026-05-28T18:27:39.000Z,Ray's Ramblings
https://www.fantasyguru.com/2026-mlb-umpire-report-thursdays-strike-zone-week-10,2026-mlb-umpire-report-thursdays-strike-zone-week-10,2026-05-28T13:34:10.000Z,MLB Umpire Report
https://www.fantasyguru.com/rays-plays-may-27th-2026,rays-plays-may-27th-2026,2026-05-27T16:57:04.000Z,Ray's Plays
https://www.fantasyguru.com/2026-mlb-umpire-report-wednesdays-strike-zone-week-10,2026-mlb-umpire-report-wednesdays-strike-zone-week-10,2026-05-27T13:37:04.000Z,MLB Umpire Report
https://www.fantasyguru.com/2026-the-closer-grid-may-26th,2026-the-closer-grid-may-26th,2026-05-26T21:03:14.000Z,
https://www.fantasyguru.com/2026-mlb-umpire-report-tuesdays-strike-zone-week-10,2026-mlb-umpire-report-tuesdays-strike-zone-week-10,2026-05-26T15:56:02.000Z,MLB Umpire Report
https://www.fantasyguru.com/rays-ramblings-showing-improvement-of-late,rays-ramblings-showing-improvement-of-late,2026-05-25T18:14:49.000Z,Ray's Ramblings
https://www.fantasyguru.com/2026-mlb-umpire-report-sundays-strike-zone-week-9,2026-mlb-umpire-report-sundays-strike-zone-week-9,2026-05-24T14:30:21.000Z,MLB Umpire Report
https://www.fantasyguru.com/2026-mlb-planner-week-10,2026-mlb-planner-week-10,2026-05-23T22:28:09.000Z,
https://www.fantasyguru.com/2026-mlb-umpire-report-saturdays-strike-zone-week-9,2026-mlb-umpire-report-saturdays-strike-zone-week-9,2026-05-23T14:48:34.000Z,MLB Umpire Report
https://www.fantasyguru.com/2026-mlb-faab-values-week-9,2026-mlb-faab-values-week-9,2026-05-22T22:33:43.000Z,
https://www.fantasyguru.com/2026-mlb-umpire-report-thursdays-strike-zone-week-9,2026-mlb-umpire-report-thursdays-strike-zone-week-9,2026-05-22T21:47:21.000Z,MLB Umpire Report
https://www.fantasyguru.com/rays-plays-may-22nd-2026,rays-plays-may-22nd-2026,2026-05-22T21:42:17.000Z,Ray's Plays
https://www.fantasyguru.com/2026-mlb-rookie-report,2026-mlb-rookie-report,2026-05-22T18:23:41.000Z,Rookie Expectation/Profile
https://www.fantasyguru.com/2026-mlb-umpire-report-wednesdays-strike-zone-week-9,2026-mlb-umpire-report-wednesdays-strike-zone-week-9,2026-05-21T13:56:18.000Z,MLB Umpire Report
https://www.fantasyguru.com/rays-plays-may-20th-2026,rays-plays-may-20th-2026,2026-05-20T16:39:36.000Z,Ray's Plays
https://www.fantasyguru.com/rays-plays-may-19th-2026,rays-plays-may-19th-2026,2026-05-19T16:52:33.000Z,Ray's Plays
https://www.fantasyguru.com/2026-mlb-umpire-report-tuesdays-strike-zone-week-9,2026-mlb-umpire-report-tuesdays-strike-zone-week-9,2026-05-19T15:10:59.000Z,MLB Umpire Report
https://www.fantasyguru.com/rays-plays-may-18th-2026,rays-plays-may-18th-2026,2026-05-18T20:38:53.000Z,Ray's Plays
https://www.fantasyguru.com/2026-mlb-planner-week-9,2026-mlb-planner-week-9,2026-05-18T19:09:13.000Z,
https://www.fantasyguru.com/2026-mlb-faab-values-week-8,2026-mlb-faab-values-week-8,2026-05-17T23:09:15.000Z,
https://www.fantasyguru.com/mlb-dfs-breakdown-5-17-2026,mlb-dfs-breakdown-5-17-2026,2026-05-17T15:05:23.000Z,MLB DFS Breakdown
https://www.fantasyguru.com/2026-mlb-umpire-report-sundays-strike-zone-week-8,2026-mlb-umpire-report-sundays-strike-zone-week-8,2026-05-17T13:53:41.000Z,MLB Umpire Report
https://www.fantasyguru.com/mlb-dfs-breakdown-5-16-2026,mlb-dfs-breakdown-5-16-2026,2026-05-16T15:46:54.000Z,MLB DFS Breakdown
https://www.fantasyguru.com/2026-mlb-umpire-report-saturdays-strike-zone-week-8,2026-mlb-umpire-report-saturdays-strike-zone-week-8,2026-05-16T13:55:32.000Z,MLB Umpire Report
https://www.fantasyguru.com/rays-plays-may-15th-2026,rays-plays-may-15th-2026,2026-05-15T20:35:14.000Z,Ray's Plays
https://www.fantasyguru.com/mlb-dfs-breakdown-5-15-2026,mlb-dfs-breakdown-5-15-2026,2026-05-15T16:22:22.000Z,MLB DFS Breakdown
https://www.fantasyguru.com/rays-ramblings-mlb-players-to-target,rays-ramblings-mlb-players-to-target,2026-05-14T18:42:15.000Z,Ray's Ramblings
https://www.fantasyguru.com/mlb-dfs-breakdown-5-14-2026,mlb-dfs-breakdown-5-14-2026,2026-05-14T14:47:34.000Z,MLB DFS Breakdown
https://www.fantasyguru.com/2026-mlb-umpire-report-thursdays-strike-zone-week-8,2026-mlb-umpire-report-thursdays-strike-zone-week-8,2026-05-14T13:50:44.000Z,MLB Umpire Report
https://www.fantasyguru.com/mlb-dfs-breakdown-5-13-2026,mlb-dfs-breakdown-5-13-2026,2026-05-13T16:34:49.000Z,MLB DFS Breakdown
https://www.fantasyguru.com/rays-plays-may-13th-2026,rays-plays-may-13th-2026,2026-05-13T15:41:58.000Z,Ray's Plays
https://www.fantasyguru.com/2026-mlb-umpire-report-wednesdays-strike-zone-week-8,2026-mlb-umpire-report-wednesdays-strike-zone-week-8,2026-05-13T15:20:57.000Z,MLB Umpire Report
https://www.fantasyguru.com/rays-plays-may-12th-2026,rays-plays-may-12th-2026,2026-05-12T16:31:20.000Z,Ray's Plays
https://www.fantasyguru.com/mlb-dfs-breakdown-5-12-2026,mlb-dfs-breakdown-5-12-2026,2026-05-12T16:05:06.000Z,MLB DFS Breakdown
https://www.fantasyguru.com/2026-mlb-umpire-report-tuesdays-strike-zone-week-8,2026-mlb-umpire-report-tuesdays-strike-zone-week-8,2026-05-12T14:50:34.000Z,MLB Umpire Report
https://www.fantasyguru.com/rays-plays-may-11th-2026,rays-plays-may-11th-2026,2026-05-11T18:15:52.000Z,Ray's Plays
https://www.fantasyguru.com/mlb-dfs-breakdown-5-11-2026,mlb-dfs-breakdown-5-11-2026,2026-05-11T16:53:07.000Z,MLB DFS Breakdown
https://www.fantasyguru.com/mlb-dfs-breakdown-5-10-2026,mlb-dfs-breakdown-5-10-2026,2026-05-10T15:24:43.000Z,MLB DFS Breakdown
https://www.fantasyguru.com/2026-mlb-umpire-report-sundays-strike-zone-week-7,2026-mlb-umpire-report-sundays-strike-zone-week-7,2026-05-10T14:20:36.000Z,MLB Umpire Report
https://www.fantasyguru.com/mlb-dfs-breakdown-5-9-2026,mlb-dfs-breakdown-5-9-2026,2026-05-09T18:00:18.000Z,MLB DFS Breakdown
https://www.fantasyguru.com/2026-mlb-planner-week-8,2026-mlb-planner-week-8,2026-05-09T17:26:02.000Z,
https://www.fantasyguru.com/2026-mlb-faab-values-week-7,2026-mlb-faab-values-week-7,2026-05-09T16:09:24.000Z,
https://www.fantasyguru.com/2026-mlb-umpire-report-saturdays-strike-zone-week-7,2026-mlb-umpire-report-saturdays-strike-zone-week-7,2026-05-09T15:05:46.000Z,MLB Umpire Report
https://www.fantasyguru.com/rays-plays-may-8th-2026,rays-plays-may-8th-2026,2026-05-08T19:12:47.000Z,Ray's Plays
https://www.fantasyguru.com/mlb-dfs-breakdown-5-8-2026,mlb-dfs-breakdown-5-8-2026,2026-05-08T16:17:15.000Z,MLB DFS Breakdown
https://www.fantasyguru.com/rays-ramblings-may-buy-or-sell-rankings,rays-ramblings-may-buy-or-sell-rankings,2026-05-07T14:50:37.000Z,Ray's Ramblings
https://www.fantasyguru.com/mlb-dfs-breakdown-5-7-2026,mlb-dfs-breakdown-5-7-2026,2026-05-07T14:37:53.000Z,MLB DFS Breakdown
https://www.fantasyguru.com/2026-mlb-umpire-report-thursdays-strike-zone-week-7,2026-mlb-umpire-report-thursdays-strike-zone-week-7,2026-05-07T13:53:22.000Z,MLB Umpire Report
https://www.fantasyguru.com/mlb-dfs-breakdown-5-6-2026,mlb-dfs-breakdown-5-6-2026,2026-05-06T17:00:09.000Z,MLB DFS Breakdown
https://www.fantasyguru.com/rays-plays-may-6th-2026,rays-plays-may-6th-2026,2026-05-06T16:13:38.000Z,Ray's Plays
https://www.fantasyguru.com/2026-mlb-umpire-report-wednesdays-strike-zone-week-7,2026-mlb-umpire-report-wednesdays-strike-zone-week-7,2026-05-06T14:29:18.000Z,MLB Umpire Report
https://www.fantasyguru.com/mlb-dfs-breakdown-5-5-2026,mlb-dfs-breakdown-5-5-2026,2026-05-06T12:41:59.000Z,MLB DFS Breakdown
https://www.fantasyguru.com/rays-plays-may-5th-2026,rays-plays-may-5th-2026,2026-05-05T16:39:49.000Z,Ray's Plays
https://www.fantasyguru.com/mlb-dfs-breakdown-4-28-2026,mlb-dfs-breakdown-4-28-2026,2026-05-05T15:11:44.000Z,MLB DFS Breakdown
https://www.fantasyguru.com/rays-plays-may-4th-2026,rays-plays-may-4th-2026,2026-05-04T19:08:11.000Z,Ray's Plays
https://www.fantasyguru.com/mlb-dfs-breakdown-5-4-2026,mlb-dfs-breakdown-5-4-2026,2026-05-04T18:31:12.000Z,MLB DFS Breakdown
https://www.fantasyguru.com/2026-mlb-umpire-report-sundays-strike-zone-week-6,2026-mlb-umpire-report-sundays-strike-zone-week-6,2026-05-03T15:35:31.000Z,MLB Umpire Report
https://www.fantasyguru.com/mlb-dfs-breakdown-5-3-2026,mlb-dfs-breakdown-5-3-2026,2026-05-03T15:00:21.000Z,MLB DFS Breakdown
https://www.fantasyguru.com/2026-mlb-planner-week-7,2026-mlb-planner-week-7,2026-05-02T22:58:23.000Z,
https://www.fantasyguru.com/2026-mlb-faab-values-week-6,2026-mlb-faab-values-week-6,2026-05-02T21:55:50.000Z,
https://www.fantasyguru.com/mlb-dfs-breakdown-5-2-2026,mlb-dfs-breakdown-5-2-2026,2026-05-02T16:24:36.000Z,MLB DFS Breakdown
https://www.fantasyguru.com/2026-mlb-umpire-report-saturdays-strike-zone-week-6,2026-mlb-umpire-report-saturdays-strike-zone-week-6,2026-05-02T13:39:42.000Z,MLB Umpire Report
https://www.fantasyguru.com/rays-plays-may-1st-2026,rays-plays-may-1st-2026,2026-05-01T20:08:17.000Z,Ray's Plays
https://www.fantasyguru.com/mlb-dfs-breakdown-5-1-2026,mlb-dfs-breakdown-5-1-2026,2026-05-01T16:56:01.000Z,MLB DFS Breakdown
https://www.fantasyguru.com/rays-ramblings-how-am-i-actually-performing,rays-ramblings-how-am-i-actually-performing,2026-04-30T19:45:09.000Z,Ray's Ramblings
https://www.fantasyguru.com/2026-the-closer-grid-april-30th,2026-the-closer-grid-april-30th,2026-04-30T14:47:16.000Z,
https://www.fantasyguru.com/mlb-dfs-breakdown-4-30-2026,mlb-dfs-breakdown-4-30-2026,2026-04-30T14:41:35.000Z,MLB DFS Breakdown
https://www.fantasyguru.com/2026-mlb-umpire-report-thursdays-strike-zone-week-6,2026-mlb-umpire-report-thursdays-strike-zone-week-6,2026-04-30T13:07:59.000Z,MLB Umpire Report
https://www.fantasyguru.com/mlb-dfs-breakdown-4-29-2026,mlb-dfs-breakdown-4-29-2026,2026-04-29T16:26:42.000Z,MLB DFS Breakdown
https://www.fantasyguru.com/rays-plays-april-29th-2026,rays-plays-april-29th-2026,2026-04-29T16:24:05.000Z,Ray's Plays
https://www.fantasyguru.com/2026-mlb-umpire-report-wednesdays-strike-zone-week-6,2026-mlb-umpire-report-wednesdays-strike-zone-week-6,2026-04-29T14:03:40.000Z,MLB Umpire Report
https://www.fantasyguru.com/rays-plays-april-28th-2026,rays-plays-april-28th-2026,2026-04-28T15:30:37.000Z,Ray's Plays
https://www.fantasyguru.com/2026-mlb-umpire-report-tuesdays-strike-zone-week-6,2026-mlb-umpire-report-tuesdays-strike-zone-week-6,2026-04-28T13:51:27.000Z,MLB Umpire Report
https://www.fantasyguru.com/rays-plays-april-27th-2026,rays-plays-april-27th-2026,2026-04-27T18:42:29.000Z,Ray's Plays
https://www.fantasyguru.com/mlb-dfs-breakdown-4-27-2026,mlb-dfs-breakdown-4-27-2026,2026-04-27T17:33:45.000Z,MLB DFS Breakdown
https://www.fantasyguru.com/mlb-dfs-breakdown-4-24-2026,mlb-dfs-breakdown-4-24-2026,2026-04-27T15:12:34.000Z,MLB DFS Breakdown
https://www.fantasyguru.com/mlb-dfs-breakdown-4-26-2026,mlb-dfs-breakdown-4-26-2026,2026-04-26T15:46:42.000Z,MLB DFS Breakdown
https://www.fantasyguru.com/2026-mlb-planner-week-6-2026,2026-mlb-planner-week-6-2026,2026-04-26T14:46:17.000Z,
https://www.fantasyguru.com/2026-mlb-faab-values-week-5,2026-mlb-faab-values-week-5,2026-04-26T14:25:56.000Z,
https://www.fantasyguru.com/2026-mlb-umpire-report-sundays-strike-zone-week-5,2026-mlb-umpire-report-sundays-strike-zone-week-5,2026-04-26T14:24:59.000Z,MLB Umpire Report
https://www.fantasyguru.com/mlb-dfs-breakdown-4-25-2026,mlb-dfs-breakdown-4-25-2026,2026-04-25T17:45:17.000Z,MLB DFS Breakdown
https://www.fantasyguru.com/2026-mlb-umpire-report-saturdays-strike-zone-week-5,2026-mlb-umpire-report-saturdays-strike-zone-week-5,2026-04-25T14:12:19.000Z,MLB Umpire Report
https://www.fantasyguru.com/rays-plays-april-24th-2026,rays-plays-april-24th-2026,2026-04-24T18:22:32.000Z,Ray's Plays
https://www.fantasyguru.com/rays-ramblings-slow-starts-callups,rays-ramblings-slow-starts-callups,2026-04-23T20:18:00.000Z,Ray's Ramblings
https://www.fantasyguru.com/mlb-dfs-breakdown-4-23-2026,mlb-dfs-breakdown-4-23-2026,2026-04-23T15:08:13.000Z,MLB DFS Breakdown
https://www.fantasyguru.com/2026-mlb-umpire-report-thursdays-strike-zone-week-5,2026-mlb-umpire-report-thursdays-strike-zone-week-5,2026-04-23T14:07:09.000Z,MLB Umpire Report
https://www.fantasyguru.com/mlb-dfs-breakdown-4-22-2026,mlb-dfs-breakdown-4-22-2026,2026-04-23T13:04:20.000Z,MLB DFS Breakdown
https://www.fantasyguru.com/rays-plays-april-22nd-2026,rays-plays-april-22nd-2026,2026-04-22T16:45:09.000Z,Ray's Plays
https://www.fantasyguru.com/2026-mlb-umpire-report-wednesdays-strike-zone-week-5,2026-mlb-umpire-report-wednesdays-strike-zone-week-5,2026-04-22T14:37:57.000Z,MLB Umpire Report
https://www.fantasyguru.com/2026-mlb-umpire-report-tuesdays-strike-zone-week-5,2026-mlb-umpire-report-tuesdays-strike-zone-week-5,2026-04-21T17:00:58.000Z,MLB Umpire Report
https://www.fantasyguru.com/rays-plays-april-21st-2026,rays-plays-april-21st-2026,2026-04-21T16:43:45.000Z,Ray's Plays
https://www.fantasyguru.com/mlb-dfs-breakdown-4-21-2026,mlb-dfs-breakdown-4-21-2026,2026-04-21T16:30:28.000Z,MLB DFS Breakdown
https://www.fantasyguru.com/rays-plays-april-20th-2026,rays-plays-april-20th-2026,2026-04-20T18:38:18.000Z,Ray's Plays
https://www.fantasyguru.com/mlb-dfs-breakdown-4-20-2026,mlb-dfs-breakdown-4-20-2026,2026-04-20T16:06:56.000Z,MLB DFS Breakdown
https://www.fantasyguru.com/2026-mlb-planner-week-5,2026-mlb-planner-week-5,2026-04-19T21:13:18.000Z,
https://www.fantasyguru.com/2026-mlb-faab-values-week-4,2026-mlb-faab-values-week-4,2026-04-19T20:41:28.000Z,
https://www.fantasyguru.com/mlb-dfs-breakdown-4-19-2026,mlb-dfs-breakdown-4-19-2026,2026-04-19T16:04:32.000Z,MLB DFS Breakdown
https://www.fantasyguru.com/2026-mlb-umpire-report-sundays-strike-zone-week-4,2026-mlb-umpire-report-sundays-strike-zone-week-4,2026-04-19T14:07:55.000Z,MLB Umpire Report
https://www.fantasyguru.com/mlb-dfs-breakdown-4-18-2026,mlb-dfs-breakdown-4-18-2026,2026-04-18T17:25:29.000Z,MLB DFS Breakdown
https://www.fantasyguru.com/2026-mlb-umpire-report-saturdays-strike-zone-week-4,2026-mlb-umpire-report-saturdays-strike-zone-week-4,2026-04-18T15:07:10.000Z,MLB Umpire Report
https://www.fantasyguru.com/rays-plays-april-17th-2026,rays-plays-april-17th-2026,2026-04-17T18:31:49.000Z,Ray's Plays
https://www.fantasyguru.com/mlb-dfs-breakdown-4-17-2026,mlb-dfs-breakdown-4-17-2026,2026-04-17T17:11:59.000Z,MLB DFS Breakdown
https://www.fantasyguru.com/mlb-dfs-breakdown-4-16-2026,mlb-dfs-breakdown-4-16-2026,2026-04-17T13:41:26.000Z,MLB DFS Breakdown
https://www.fantasyguru.com/rays-ramblings-oh-that-start,rays-ramblings-oh-that-start,2026-04-16T18:09:50.000Z,Ray's Ramblings
https://www.fantasyguru.com/2026-mlb-umpire-report-thursdays-strike-zone-week-4,2026-mlb-umpire-report-thursdays-strike-zone-week-4,2026-04-16T14:28:07.000Z,MLB Umpire Report
https://www.fantasyguru.com/rays-plays-april-15th-2026,rays-plays-april-15th-2026,2026-04-15T20:40:20.000Z,Ray's Plays
https://www.fantasyguru.com/2026-mlb-umpire-report-wednesdays-strike-zone-week-4,2026-mlb-umpire-report-wednesdays-strike-zone-week-4,2026-04-15T17:38:49.000Z,MLB Umpire Report
https://www.fantasyguru.com/mlb-dfs-breakdown-4-15-2026,mlb-dfs-breakdown-4-15-2026,2026-04-15T17:10:30.000Z,MLB DFS Breakdown
https://www.fantasyguru.com/2026-mlb-umpire-report-tuesdays-strike-zone-week-4,2026-mlb-umpire-report-tuesdays-strike-zone-week-4,2026-04-14T18:23:30.000Z,MLB Umpire Report
https://www.fantasyguru.com/rays-plays-april-14th-2026,rays-plays-april-14th-2026,2026-04-14T16:58:45.000Z,Ray's Plays
https://www.fantasyguru.com/mlb-dfs-breakdown-4-14-2026,mlb-dfs-breakdown-4-14-2026,2026-04-14T16:03:15.000Z,MLB DFS Breakdown
https://www.fantasyguru.com/rays-plays-april-13th-2026,rays-plays-april-13th-2026,2026-04-13T18:53:48.000Z,Ray's Plays
https://www.fantasyguru.com/mlb-dfs-breakdown-4-13-2026,mlb-dfs-breakdown-4-13-2026,2026-04-13T17:43:43.000Z,MLB DFS Breakdown
https://www.fantasyguru.com/2026-mlb-faab-values-week-3,2026-mlb-faab-values-week-3,2026-04-13T15:37:44.000Z,
https://www.fantasyguru.com/2026-mlb-planner-week-4,2026-mlb-planner-week-4,2026-04-12T16:58:01.000Z,
https://www.fantasyguru.com/mlb-dfs-breakdown-4-12-2026,mlb-dfs-breakdown-4-12-2026,2026-04-12T14:50:37.000Z,MLB DFS Breakdown
https://www.fantasyguru.com/2026-mlb-umpire-report-sundays-strike-zone-week-3,2026-mlb-umpire-report-sundays-strike-zone-week-3,2026-04-12T14:08:22.000Z,MLB Umpire Report
https://www.fantasyguru.com/mlb-dfs-breakdown-4-11-2026,mlb-dfs-breakdown-4-11-2026,2026-04-11T15:19:12.000Z,MLB DFS Breakdown
https://www.fantasyguru.com/2026-mlb-umpire-report-saturdays-strike-zone-week-3,2026-mlb-umpire-report-saturdays-strike-zone-week-3,2026-04-11T13:47:07.000Z,MLB Umpire Report
https://www.fantasyguru.com/rays-plays-april-10th-2026,rays-plays-april-10th-2026,2026-04-10T19:11:32.000Z,Ray's Plays
https://www.fantasyguru.com/smash-the-ultimate-fantasy-tool,smash-the-ultimate-fantasy-tool,2026-04-10T17:22:19.000Z,
https://www.fantasyguru.com/mlb-dfs-breakdown-4-10-2026,mlb-dfs-breakdown-4-10-2026,2026-04-10T17:02:02.000Z,MLB DFS Breakdown
https://www.fantasyguru.com/burr-bullpen-usage-reliever-ratings,burr-bullpen-usage-reliever-ratings,2026-04-09T19:29:50.000Z,MLB Bullpen
https://www.fantasyguru.com/rays-ramblings-young-hurlers-highlighted,rays-ramblings-young-hurlers-highlighted,2026-04-09T19:08:17.000Z,Ray's Ramblings
https://www.fantasyguru.com/2026-mlb-umpire-report-thursdays-strike-zone-week-3,2026-mlb-umpire-report-thursdays-strike-zone-week-3,2026-04-09T14:36:39.000Z,MLB Umpire Report
https://www.fantasyguru.com/rays-ramblings-hot-cold-rockies,rays-ramblings-hot-cold-rockies,2026-04-08T16:07:24.000Z,Ray's Ramblings
https://www.fantasyguru.com/mlb-dfs-breakdown-4-8-2026,mlb-dfs-breakdown-4-8-2026,2026-04-08T14:43:20.000Z,MLB DFS Breakdown
https://www.fantasyguru.com/2026-mlb-umpire-report-wednesdays-strike-zone-week-3,2026-mlb-umpire-report-wednesdays-strike-zone-week-3,2026-04-08T13:37:12.000Z,MLB Umpire Report
https://www.fantasyguru.com/rays-plays-april-7th-2026,rays-plays-april-7th-2026,2026-04-07T17:31:22.000Z,Ray's Plays
https://www.fantasyguru.com/2026-mlb-umpire-report-tuesdays-strike-zone-week-3,2026-mlb-umpire-report-tuesdays-strike-zone-week-3,2026-04-07T17:03:33.000Z,MLB Umpire Report
https://www.fantasyguru.com/mlb-dfs-breakdown-4-7-2026,mlb-dfs-breakdown-4-7-2026,2026-04-07T16:20:55.000Z,MLB DFS Breakdown
https://www.fantasyguru.com/rays-plays-april-6th-2026,rays-plays-april-6th-2026,2026-04-06T18:11:04.000Z,Ray's Plays
https://www.fantasyguru.com/mlb-dfs-breakdown-4-6-2026,mlb-dfs-breakdown-4-6-2026,2026-04-06T17:14:30.000Z,MLB DFS Breakdown
https://www.fantasyguru.com/2026-mlb-umpire-report-sundays-strike-zone-week-2,2026-mlb-umpire-report-sundays-strike-zone-week-2,2026-04-05T15:12:03.000Z,MLB Umpire Report
https://www.fantasyguru.com/2026-mlb-planner-week-3,2026-mlb-planner-week-3,2026-04-05T14:59:33.000Z,
https://www.fantasyguru.com/mlb-dfs-breakdown-4-5-2026,mlb-dfs-breakdown-4-5-2026,2026-04-05T14:42:34.000Z,MLB DFS Breakdown
https://www.fantasyguru.com/2026-mlb-umpire-report-saturdays-strike-zone-week-2,2026-mlb-umpire-report-saturdays-strike-zone-week-2,2026-04-04T17:46:47.000Z,MLB Umpire Report
https://www.fantasyguru.com/mlb-dfs-breakdown-4-4-2026,mlb-dfs-breakdown-4-4-2026,2026-04-04T16:00:16.000Z,MLB DFS Breakdown
https://www.fantasyguru.com/mlb-dfs-breakdown-3-30-2026,mlb-dfs-breakdown-3-30-2026,2026-04-04T15:57:36.000Z,MLB DFS Breakdown
https://www.fantasyguru.com/2026-mlb-faab-values-week-2,2026-mlb-faab-values-week-2,2026-04-03T20:48:19.000Z,
https://www.fantasyguru.com/rays-plays-april-3rd-2026,rays-plays-april-3rd-2026,2026-04-03T17:28:02.000Z,Ray's Plays
https://www.fantasyguru.com/mlb-dfs-breakdown-4-3-2026,mlb-dfs-breakdown-4-3-2026,2026-04-03T14:46:34.000Z,MLB DFS Breakdown
https://www.fantasyguru.com/rays-ramblings-the-prodigal-son,rays-ramblings-the-prodigal-son,2026-04-02T20:27:28.000Z,Ray's Ramblings
https://www.fantasyguru.com/2026-the-closer-grid-april-2nd,2026-the-closer-grid-april-2nd,2026-04-02T18:12:03.000Z,
https://www.fantasyguru.com/rays-ramblings-mlb-first-week,rays-ramblings-mlb-first-week,2026-04-01T18:08:01.000Z,Ray's Ramblings
https://www.fantasyguru.com/mlb-dfs-breakdown-4-1-2026,mlb-dfs-breakdown-4-1-2026,2026-04-01T14:55:49.000Z,MLB DFS Breakdown
https://www.fantasyguru.com/2026-mlb-umpire-report-wednesdays-strike-zone-week-2,2026-mlb-umpire-report-wednesdays-strike-zone-week-2,2026-04-01T14:07:15.000Z,MLB Umpire Report
https://www.fantasyguru.com/rays-plays-march-31st-2026,rays-plays-march-31st-2026,2026-03-31T20:30:45.000Z,Ray's Plays
https://www.fantasyguru.com/2026-mlb-umpire-report-tuesdays-strike-zone-week-2,2026-mlb-umpire-report-tuesdays-strike-zone-week-2,2026-03-31T15:33:38.000Z,MLB Umpire Report
https://www.fantasyguru.com/mlb-dfs-breakdown-3-31-2026,mlb-dfs-breakdown-3-31-2026,2026-03-31T14:36:47.000Z,MLB DFS Breakdown
https://www.fantasyguru.com/rays-plays-march-30-2026,rays-plays-march-30-2026,2026-03-30T18:27:16.000Z,Ray's Plays
https://www.fantasyguru.com/2026-mlb-planner-week-2,2026-mlb-planner-week-2,2026-03-29T16:45:17.000Z,
https://www.fantasyguru.com/2026-mlb-faab-values-week-1,2026-mlb-faab-values-week-1,2026-03-29T16:24:39.000Z,
https://www.fantasyguru.com/2026-mlb-umpire-report-sundays-strike-zone-week-1,2026-mlb-umpire-report-sundays-strike-zone-week-1,2026-03-29T15:22:09.000Z,MLB Umpire Report
https://www.fantasyguru.com/mlb-dfs-breakdown-3-29-2026,mlb-dfs-breakdown-3-29-2026,2026-03-29T15:21:45.000Z,MLB DFS Breakdown
https://www.fantasyguru.com/2026-mlb-umpire-report-saturdays-strike-zone-week-1,2026-mlb-umpire-report-saturdays-strike-zone-week-1,2026-03-29T13:07:08.000Z,MLB Umpire Report
https://www.fantasyguru.com/2026-mlb-umpire-report-fridays-strike-zone-week-1,2026-mlb-umpire-report-fridays-strike-zone-week-1,2026-03-29T13:06:38.000Z,MLB Umpire Report
https://www.fantasyguru.com/mlb-dfs-breakdown-3-28-2026,mlb-dfs-breakdown-3-28-2026,2026-03-28T18:18:15.000Z,MLB DFS Breakdown
https://www.fantasyguru.com/mlb-dfs-breakdown-3-27-2026,mlb-dfs-breakdown-3-27-2026,2026-03-28T14:41:42.000Z,MLB DFS Breakdown
https://www.fantasyguru.com/rays-plays-march-27th-2025,rays-plays-march-27th-2025,2026-03-27T18:35:57.000Z,Ray's Plays
https://www.fantasyguru.com/rays-ramblings-batting-orders,rays-ramblings-batting-orders,2026-03-27T16:36:07.000Z,Ray's Ramblings
https://www.fantasyguru.com/rays-ramblings-early-season-sample-size,rays-ramblings-early-season-sample-size,2026-03-27T14:32:21.000Z,Ray's Ramblings
https://www.fantasyguru.com/mlb-dfs-breakdown-3-26-2026,mlb-dfs-breakdown-3-26-2026,2026-03-26T15:57:54.000Z,MLB DFS Breakdown
https://www.fantasyguru.com/2026-mlb-opening-day,2026-mlb-opening-day,2026-03-25T15:31:48.000Z,
https://www.fantasyguru.com/2026-mlb-points-league-rankings,2026-mlb-points-league-rankings,2026-03-24T22:50:23.000Z,
https://www.fantasyguru.com/the-top-50-mlb-rookies-for-2026,the-top-50-mlb-rookies-for-2026,2026-03-23T22:03:16.000Z,
https://www.fantasyguru.com/2026-the-closer-grid-march-10,2026-the-closer-grid-march-10,2026-03-23T21:24:35.000Z,
https://www.fantasyguru.com/welcome-to-the-2026-fantasy-baseball-product,welcome-to-the-2026-fantasy-baseball-product,2026-03-22T23:33:05.000Z,
https://www.fantasyguru.com/2026-mlb-draft-book,2026-mlb-draft-book,2026-03-20T18:52:01.000Z,
https://www.fantasyguru.com/intro-to-mlb-betting-strategy,intro-to-mlb-betting-strategy,2026-03-19T18:02:15.000Z,Betting/Props
https://www.fantasyguru.com/fantasy-gurus-basics-for-mlb-dfs,fantasy-gurus-basics-for-mlb-dfs,2026-03-19T14:53:23.000Z,
https://www.fantasyguru.com/fantasy-baseball-cheap-power,fantasy-baseball-cheap-power,2026-03-17T19:41:17.000Z,
https://www.fantasyguru.com/should-you-handcuff-closers-in-2026,should-you-handcuff-closers-in-2026,2026-03-13T21:58:11.000Z,
https://www.fantasyguru.com/one-and-done-baseball-leagues,one-and-done-baseball-leagues,2026-03-12T15:16:11.000Z,
https://www.fantasyguru.com/fantasy-baseball-post-hype-sleepers-in-2026,fantasy-baseball-post-hype-sleepers-in-2026,2026-03-11T15:46:14.000Z,
https://www.fantasyguru.com/2026-mlb-you-want-dont-want,2026-mlb-you-want-dont-want,2026-03-09T23:33:37.000Z,
https://www.fantasyguru.com/2026-mlb-free-agents,2026-mlb-free-agents,2026-03-09T16:59:30.000Z,
https://www.fantasyguru.com/2026-mlb-around-the-horn,2026-mlb-around-the-horn,2026-03-03T18:02:01.000Z,
https://www.fantasyguru.com/2026-mlb-pitchers-who-added-a-pitch,2026-mlb-pitchers-who-added-a-pitch,2026-03-02T16:53:39.000Z,
https://www.fantasyguru.com/2026-breakout-pitcher-of-the-year,2026-breakout-pitcher-of-the-year,2026-02-26T19:26:05.000Z,
https://www.fantasyguru.com/navigating-il-candidates-in-mlb-best-ball-drafts,navigating-il-candidates-in-mlb-best-ball-drafts,2026-02-25T19:46:53.000Z,Best Ball
https://www.fantasyguru.com/introducing-fantasy-baseball-half-season-leagues,introducing-fantasy-baseball-half-season-leagues,2026-02-23T19:21:41.000Z,
https://www.fantasyguru.com/2026-players-to-target-hitters,2026-players-to-target-hitters,2026-02-16T15:44:58.000Z,
https://www.fantasyguru.com/2026-players-to-avoid-pitchers,2026-players-to-avoid-pitchers,2026-02-13T22:42:02.000Z,
https://www.fantasyguru.com/2026-players-to-target-pitchers,2026-players-to-target-pitchers,2026-02-13T16:59:01.000Z,
https://www.fantasyguru.com/fantasy-baseball-auctions,fantasy-baseball-auctions,2026-02-12T22:29:25.000Z,
https://www.fantasyguru.com/2026-players-to-avoid-hitters,2026-players-to-avoid-hitters,2026-02-11T23:44:14.000Z,
https://www.fantasyguru.com/2026-categories-to-add-in-fantasy-baseball,2026-categories-to-add-in-fantasy-baseball,2026-02-11T15:56:36.000Z,
https://www.fantasyguru.com/2026-h2h-baseball-how-to-win,2026-h2h-baseball-how-to-win,2026-02-09T16:07:03.000Z,
https://www.fantasyguru.com/2026-mlb-sabermetric-primer,2026-mlb-sabermetric-primer,2026-02-05T23:54:19.000Z,
https://www.fantasyguru.com/2026-mlb-rookie-scouting-report-hitters,2026-mlb-rookie-scouting-report-hitters,2026-02-04T15:37:52.000Z,Rookie Expectation/Profile
https://www.fantasyguru.com/2026-mlb-rookie-scouting-report-pitchers,2026-mlb-rookie-scouting-report-pitchers,2026-02-04T15:31:18.000Z,Rookie Expectation/Profile
https://www.fantasyguru.com/2026-the-history-of-mlb-rookie-production,2026-the-history-of-mlb-rookie-production,2026-02-02T15:50:55.000Z,Rookie Expectation/Profile
https://www.fantasyguru.com/2025-biggest-fantasy-baseball-surprises-hitters,2025-biggest-fantasy-baseball-surprises-hitters,2026-01-30T19:45:03.000Z,
https://www.fantasyguru.com/2026-mlb-park-factors,2026-mlb-park-factors,2026-01-30T17:24:31.000Z,
https://www.fantasyguru.com/2026-mlb-rankings-per-category-pitchers,2026-mlb-rankings-per-category-pitchers,2026-01-30T16:14:40.000Z,MLB Rankings/ADP
https://www.fantasyguru.com/2026-mlb-rankings-per-category-hitters,2026-mlb-rankings-per-category-hitters,2026-01-30T16:11:52.000Z,MLB Rankings/ADP
https://www.fantasyguru.com/2025-review-swip-strikeouts-walks,2025-review-swip-strikeouts-walks,2026-01-27T15:54:48.000Z,
https://www.fantasyguru.com/2026-mlb-dynasty-league-rankings,2026-mlb-dynasty-league-rankings,2026-01-23T17:29:47.000Z,Dynasty
https://www.fantasyguru.com/fantasy-baseball-projection-models-in-2026,fantasy-baseball-projection-models-in-2026,2026-01-22T23:40:17.000Z,
https://www.fantasyguru.com/how-to-analyze-a-pitcher-year-9,how-to-analyze-a-pitcher-year-9,2026-01-22T23:31:55.000Z,
https://www.fantasyguru.com/buccaneers-dan-pitcher-to-interview-for-oc,buccaneers-dan-pitcher-to-interview-for-oc,2026-01-21T03:23:07.000Z,
https://www.fantasyguru.com/pitcher-workloads-2023-25,pitcher-workloads-2023-25,2026-01-20T17:39:16.000Z,
https://www.fantasyguru.com/how-to-analyze-a-hitter-year-9,how-to-analyze-a-hitter-year-9,2026-01-20T16:37:24.000Z,
https://www.fantasyguru.com/2025-review-matrix-of-leadership-pitchers,2025-review-matrix-of-leadership-pitchers,2026-01-19T15:51:08.000Z,
https://www.fantasyguru.com/2025-review-matrix-of-leadership-hitters,2025-review-matrix-of-leadership-hitters,2026-01-18T16:09:55.000Z,
https://www.fantasyguru.com/2026-mlb-guide-intro,2026-mlb-guide-intro,2026-01-16T19:24:34.000Z,
https://www.fantasyguru.com/2025-mlb-user-testimonials,2025-mlb-user-testimonials,2026-01-16T19:16:28.000Z,
https://www.fantasyguru.com/2025-biggest-fantasy-baseball-surprises-pitchers,2025-biggest-fantasy-baseball-surprises-pitchers,2026-01-16T19:08:15.000Z,
https://www.fantasyguru.com/2025-mlb-pitching-leaders,2025-mlb-pitching-leaders,2026-01-16T19:05:59.000Z,
https://www.fantasyguru.com/2026-mlb-rankings-rankings-rankings,2026-mlb-rankings-rankings-rankings,2026-01-15T21:37:19.000Z,MLB Rankings/ADP
https://www.fantasyguru.com/2026-mlb-pitching-qualifications,2026-mlb-pitching-qualifications,2026-01-15T20:52:48.000Z,
https://www.fantasyguru.com/2026-mlb-positional-qualifications,2026-mlb-positional-qualifications,2026-01-15T20:49:18.000Z,
https://www.fantasyguru.com/what-is-wrong-with-fantasy-baseball-in-2026,what-is-wrong-with-fantasy-baseball-in-2026,2026-01-15T20:43:53.000Z,
https://www.fantasyguru.com/2026-mlbs-biggest-questions-answered,2026-mlbs-biggest-questions-answered,2026-01-15T20:34:44.000Z,
https://www.fantasyguru.com/chargers-bolts-battered-and-bounced-by-patriots,chargers-bolts-battered-and-bounced-by-patriots,2026-01-12T04:22:58.000Z,
https://www.fantasyguru.com/texans-kaevon-merriweather-questionable-to-return,texans-kaevon-merriweather-questionable-to-return,2026-01-04T21:23:14.000Z,
https://www.fantasyguru.com/49ers-weather-wont-affect-christian-mccaffreys-usage,49ers-weather-wont-affect-christian-mccaffreys-usage,2026-01-03T21:23:56.000Z,
https://www.fantasyguru.com/cowboys-three-players-closer-to-returning,cowboys-three-players-closer-to-returning,2025-12-17T20:23:29.000Z,
https://www.fantasyguru.com/buccaneers-jalen-mcmillan-getting-closer-to-practicing,buccaneers-jalen-mcmillan-getting-closer-to-practicing,2025-11-30T16:23:39.000Z,
https://www.fantasyguru.com/bengals-joe-burrow-getting-closer-to-returning,bengals-joe-burrow-getting-closer-to-returning,2025-11-16T16:22:58.000Z,
https://www.fantasyguru.com/giants-jaxson-dart-to-face-tough-weather-in-chicago,giants-jaxson-dart-to-face-tough-weather-in-chicago,2025-11-08T23:23:51.000Z,
https://www.fantasyguru.com/broncos-quinn-meinerz-under-the-weather,broncos-quinn-meinerz-under-the-weather,2025-11-07T05:22:59.000Z,
https://www.fantasyguru.com/raiders-geno-smith-battered-in-loss,raiders-geno-smith-battered-in-loss,2025-11-07T05:22:58.000Z,
https://www.fantasyguru.com/chiefs-hollywood-brown-under-the-weather,chiefs-hollywood-brown-under-the-weather,2025-10-29T23:23:02.000Z,
https://www.fantasyguru.com/bengals-cedric-johnson-closer-to-returning,bengals-cedric-johnson-closer-to-returning,2025-10-22T19:23:53.000Z,
https://www.fantasyguru.com/mlb-postseason-dfs-breakdown-10-17-2025,mlb-postseason-dfs-breakdown-10-17-2025,2025-10-17T17:10:05.000Z,NFL DFS Breakdown
https://www.fantasyguru.com/mlb-postseason-dfs-breakdown-10-16-2025,mlb-postseason-dfs-breakdown-10-16-2025,2025-10-16T17:33:31.000Z,NFL DFS Breakdown
https://www.fantasyguru.com/packers-josh-jacobs-under-the-weather,packers-josh-jacobs-under-the-weather,2025-10-15T23:07:40.000Z,
https://www.fantasyguru.com/mlb-postseason-dfs-breakdown-10-13-2025,mlb-postseason-dfs-breakdown-10-13-2025,2025-10-13T15:14:04.000Z,NFL DFS Breakdown
https://www.fantasyguru.com/mlb-postseason-dfs-breakdown-10-12-2025,mlb-postseason-dfs-breakdown-10-12-2025,2025-10-12T14:50:05.000Z,NFL DFS Breakdown
https://www.fantasyguru.com/mlb-postseason-dfs-breakdown-10-11-2025,mlb-postseason-dfs-breakdown-10-11-2025,2025-10-11T15:25:45.000Z,NFL DFS Breakdown
https://www.fantasyguru.com/mlb-postseason-dfs-breakdown-10-10-2025,mlb-postseason-dfs-breakdown-10-10-2025,2025-10-10T21:54:53.000Z,NFL DFS Breakdown
https://www.fantasyguru.com/mlb-postseason-dfs-breakdown-10-9-2025,mlb-postseason-dfs-breakdown-10-9-2025,2025-10-09T15:49:10.000Z,NFL DFS Breakdown
https://www.fantasyguru.com/mlb-postseason-dfs-breakdown-10-8-2025,mlb-postseason-dfs-breakdown-10-8-2025,2025-10-08T16:23:16.000Z,NFL DFS Breakdown
https://www.fantasyguru.com/mlb-postseason-dfs-breakdown-10-7-2025,mlb-postseason-dfs-breakdown-10-7-2025,2025-10-07T16:00:17.000Z,NFL DFS Breakdown
https://www.fantasyguru.com/mlb-postseason-dfs-breakdown-10-6-2025,mlb-postseason-dfs-breakdown-10-6-2025,2025-10-06T16:20:06.000Z,NFL DFS Breakdown
https://www.fantasyguru.com/mlb-postseason-dfs-breakdown-10-4-2025,mlb-postseason-dfs-breakdown-10-4-2025,2025-10-04T14:28:25.000Z,NFL DFS Breakdown
https://www.fantasyguru.com/mlb-postseason-dfs-breakdown-10-2-2025,mlb-postseason-dfs-breakdown-10-2-2025,2025-10-02T14:20:00.000Z,NFL DFS Breakdown
https://www.fantasyguru.com/mlb-postseason-dfs-breakdown-9-30-2025,mlb-postseason-dfs-breakdown-9-30-2025,2025-10-01T14:35:11.000Z,NFL DFS Breakdown
https://www.fantasyguru.com/mlb-postseason-dfs-breakdown-10-1-2025,mlb-postseason-dfs-breakdown-10-1-2025,2025-10-01T14:34:44.000Z,NFL DFS Breakdown
https://www.fantasyguru.com/mlb-dfs-breakdown-9-28-2025,mlb-dfs-breakdown-9-28-2025,2025-09-28T15:38:13.000Z,MLB DFS Breakdown
https://www.fantasyguru.com/mlb-dfs-breakdown-9-27-2025,mlb-dfs-breakdown-9-27-2025,2025-09-27T13:56:24.000Z,MLB DFS Breakdown
https://www.fantasyguru.com/rays-plays-september-26th-2025,rays-plays-september-26th-2025,2025-09-26T18:07:39.000Z,Ray's Plays
https://www.fantasyguru.com/mlb-dfs-breakdown-9-26-2025,mlb-dfs-breakdown-9-26-2025,2025-09-26T14:21:01.000Z,MLB DFS Breakdown
https://www.fantasyguru.com/rays-ramblings-final-few-days-of-2025,rays-ramblings-final-few-days-of-2025,2025-09-25T20:10:38.000Z,Ray's Ramblings
https://www.fantasyguru.com/mlb-dfs-breakdown-9-25-2025,mlb-dfs-breakdown-9-25-2025,2025-09-25T15:24:25.000Z,MLB DFS Breakdown
https://www.fantasyguru.com/2025-umpire-report-week-27-weekend-strike-zone,2025-umpire-report-week-27-weekend-strike-zone,2025-09-25T14:39:00.000Z,MLB Umpire Report
https://www.fantasyguru.com/mlb-dfs-breakdown-9-24-2025,mlb-dfs-breakdown-9-24-2025,2025-09-24T16:19:58.000Z,MLB DFS Breakdown
https://www.fantasyguru.com/mlb-dfs-breakdown-9-23-2025,mlb-dfs-breakdown-9-23-2025,2025-09-23T16:06:11.000Z,MLB DFS Breakdown
https://www.fantasyguru.com/2025-umpire-report-week-27-midweek-strike-zone,2025-umpire-report-week-27-midweek-strike-zone,2025-09-23T12:24:47.000Z,MLB Umpire Report
https://www.fantasyguru.com/rays-ramblings-final-week-starting-pitching,rays-ramblings-final-week-starting-pitching,2025-09-22T17:11:58.000Z,Ray's Ramblings
https://www.fantasyguru.com/mlb-weekly-planner-week-27-2025,mlb-weekly-planner-week-27-2025,2025-09-21T21:17:32.000Z,
https://www.fantasyguru.com/mlb-dfs-breakdown-9-21-2025,mlb-dfs-breakdown-9-21-2025,2025-09-21T14:57:01.000Z,MLB DFS Breakdown
https://www.fantasyguru.com/mlb-dfs-breakdown-9-20-2025,mlb-dfs-breakdown-9-20-2025,2025-09-21T14:00:29.000Z,MLB DFS Breakdown
https://www.fantasyguru.com/2025-mlb-faab-values-week-26,2025-mlb-faab-values-week-26,2025-09-20T15:40:04.000Z,
https://www.fantasyguru.com/mlb-dfs-breakdown-9-19-2025,mlb-dfs-breakdown-9-19-2025,2025-09-20T14:40:35.000Z,MLB DFS Breakdown
https://www.fantasyguru.com/rays-plays-september-19th-2025,rays-plays-september-19th-2025,2025-09-19T19:08:43.000Z,Ray's Plays
https://www.fantasyguru.com/rays-ramblings-weekend-starting-pitching,rays-ramblings-weekend-starting-pitching,2025-09-18T18:27:49.000Z,Ray's Ramblings
https://www.fantasyguru.com/2025-umpire-report-week-26-weekend-strike-zone,2025-umpire-report-week-26-weekend-strike-zone,2025-09-18T15:16:54.000Z,MLB Umpire Report
https://www.fantasyguru.com/mlb-dfs-breakdown-9-18-2025,mlb-dfs-breakdown-9-18-2025,2025-09-18T14:17:17.000Z,MLB DFS Breakdown
https://www.fantasyguru.com/mlb-dfs-breakdown-9-17-2025,mlb-dfs-breakdown-9-17-2025,2025-09-17T16:55:03.000Z,MLB DFS Breakdown
https://www.fantasyguru.com/mlb-dfs-breakdown-9-16-2025,mlb-dfs-breakdown-9-16-2025,2025-09-16T14:47:29.000Z,MLB DFS Breakdown
https://www.fantasyguru.com/2025-umpire-report-week-26-midweek-strike-zone,2025-umpire-report-week-26-midweek-strike-zone,2025-09-15T22:07:24.000Z,MLB Umpire Report
https://www.fantasyguru.com/rays-plays-september-15th-2025,rays-plays-september-15th-2025,2025-09-15T18:00:53.000Z,Ray's Plays
https://www.fantasyguru.com/mlb-dfs-breakdown-9-15-2025,mlb-dfs-breakdown-9-15-2025,2025-09-15T15:12:09.000Z,MLB DFS Breakdown
https://www.fantasyguru.com/mlb-weekly-planner-week-26-2025,mlb-weekly-planner-week-26-2025,2025-09-14T17:22:22.000Z,
https://www.fantasyguru.com/mlb-dfs-breakdown-9-14-2025,mlb-dfs-breakdown-9-14-2025,2025-09-14T14:50:54.000Z,MLB DFS Breakdown
https://www.fantasyguru.com/mlb-dfs-breakdown-9-13-2025,mlb-dfs-breakdown-9-13-2025,2025-09-14T13:57:05.000Z,MLB DFS Breakdown
https://www.fantasyguru.com/2025-mlb-faab-values-week-25,2025-mlb-faab-values-week-25,2025-09-13T15:59:14.000Z,
https://www.fantasyguru.com/rays-plays-september-12th-2025,rays-plays-september-12th-2025,2025-09-12T20:15:01.000Z,Ray's Plays
https://www.fantasyguru.com/mlb-dfs-breakdown-9-12-2025,mlb-dfs-breakdown-9-12-2025,2025-09-12T16:43:32.000Z,MLB DFS Breakdown
https://www.fantasyguru.com/rays-ramblings-last-two-weeks-fact-or-fiction,rays-ramblings-last-two-weeks-fact-or-fiction,2025-09-11T20:24:04.000Z,Ray's Ramblings
https://www.fantasyguru.com/mlb-dfs-breakdown-9-11-2025,mlb-dfs-breakdown-9-11-2025,2025-09-11T16:31:33.000Z,MLB DFS Breakdown
https://www.fantasyguru.com/2025-umpire-report-week-25-weekend-strike-zone,2025-umpire-report-week-25-weekend-strike-zone,2025-09-11T14:02:13.000Z,MLB Umpire Report
https://www.fantasyguru.com/mlb-dfs-breakdown-9-10-2025,mlb-dfs-breakdown-9-10-2025,2025-09-10T16:37:56.000Z,MLB DFS Breakdown
https://www.fantasyguru.com/mlb-dfs-breakdown-9-9-2025,mlb-dfs-breakdown-9-9-2025,2025-09-09T16:00:23.000Z,MLB DFS Breakdown
https://www.fantasyguru.com/rays-plays-september-8th-2025,rays-plays-september-8th-2025,2025-09-08T21:00:04.000Z,Ray's Plays
https://www.fantasyguru.com/2025-umpire-report-week-25-midweek-strike-zone,2025-umpire-report-week-25-midweek-strike-zone,2025-09-08T19:05:26.000Z,MLB Umpire Report
https://www.fantasyguru.com/mlb-dfs-breakdown-9-8-2025,mlb-dfs-breakdown-9-8-2025,2025-09-08T16:01:44.000Z,MLB DFS Breakdown
https://www.fantasyguru.com/mlb-weekly-planner-week-25-2025,mlb-weekly-planner-week-25-2025,2025-09-07T17:23:33.000Z,
https://www.fantasyguru.com/mlb-dfs-breakdown-9-7-2025,mlb-dfs-breakdown-9-7-2025,2025-09-07T14:49:24.000Z,MLB DFS Breakdown
https://www.fantasyguru.com/mlb-dfs-breakdown-8-31-2025,mlb-dfs-breakdown-8-31-2025,2025-09-07T14:32:10.000Z,MLB DFS Breakdown
https://www.fantasyguru.com/mlb-dfs-breakdown-9-6-2025,mlb-dfs-breakdown-9-6-2025,2025-09-06T15:48:15.000Z,MLB DFS Breakdown
https://www.fantasyguru.com/2025-mlb-faab-values-week-24,2025-mlb-faab-values-week-24,2025-09-06T14:06:17.000Z,
https://www.fantasyguru.com/rays-plays-september-5th-2025,rays-plays-september-5th-2025,2025-09-05T18:26:56.000Z,Ray's Plays
https://www.fantasyguru.com/mlb-dfs-breakdown-9-5-2025,mlb-dfs-breakdown-9-5-2025,2025-09-05T17:33:20.000Z,MLB DFS Breakdown
https://www.fantasyguru.com/2025-umpire-report-week-24-weekend-strike-zone,2025-umpire-report-week-24-weekend-strike-zone,2025-09-04T14:36:07.000Z,MLB Umpire Report
https://www.fantasyguru.com/mlb-dfs-breakdown-9-4-2025,mlb-dfs-breakdown-9-4-2025,2025-09-04T14:00:22.000Z,MLB DFS Breakdown
https://www.fantasyguru.com/mlb-dfs-breakdown-9-3-2025,mlb-dfs-breakdown-9-3-2025,2025-09-03T16:24:44.000Z,MLB DFS Breakdown
https://www.fantasyguru.com/mlb-dfs-breakdown-9-2-2025,mlb-dfs-breakdown-9-2-2025,2025-09-02T15:02:10.000Z,MLB DFS Breakdown
https://www.fantasyguru.com/2025-umpire-report-week-24-midweek-strike-zone,2025-umpire-report-week-24-midweek-strike-zone,2025-09-01T16:38:26.000Z,MLB Umpire Report
https://www.fantasyguru.com/mlb-dfs-breakdown-9-1-2025,mlb-dfs-breakdown-9-1-2025,2025-09-01T15:45:50.000Z,MLB DFS Breakdown
https://www.fantasyguru.com/mlb-weekly-planner-week-24-2025,mlb-weekly-planner-week-24-2025,2025-08-31T22:03:04.000Z,
https://www.fantasyguru.com/2025-mlb-faab-values-week-23,2025-mlb-faab-values-week-23,2025-08-30T21:54:55.000Z,
https://www.fantasyguru.com/mlb-dfs-breakdown-8-30-2025,mlb-dfs-breakdown-8-30-2025,2025-08-30T16:41:09.000Z,MLB DFS Breakdown
https://www.fantasyguru.com/rays-plays-august-29th-2025,rays-plays-august-29th-2025,2025-08-29T18:04:26.000Z,Ray's Plays
https://www.fantasyguru.com/mlb-dfs-breakdown-8-29-2025,mlb-dfs-breakdown-8-29-2025,2025-08-29T17:00:27.000Z,MLB DFS Breakdown
https://www.fantasyguru.com/rays-ramblings-surging-sluggers-at-the-dish,rays-ramblings-surging-sluggers-at-the-dish,2025-08-28T18:33:12.000Z,Ray's Ramblings
https://www.fantasyguru.com/2025-umpire-report-week-23-weekend-strike-zone,2025-umpire-report-week-23-weekend-strike-zone,2025-08-28T16:53:03.000Z,MLB Umpire Report
https://www.fantasyguru.com/mlb-dfs-breakdown-8-28-2025,mlb-dfs-breakdown-8-28-2025,2025-08-28T14:52:33.000Z,MLB DFS Breakdown
https://www.fantasyguru.com/mlb-dfs-breakdown-8-27-2025,mlb-dfs-breakdown-8-27-2025,2025-08-27T18:07:02.000Z,MLB DFS Breakdown
https://www.fantasyguru.com/rays-plays-august-26th-2025,rays-plays-august-26th-2025,2025-08-26T20:40:40.000Z,Ray's Plays
https://www.fantasyguru.com/rays-ramblings-pitcher-talk,rays-ramblings-pitcher-talk,2025-08-26T19:22:16.000Z,Ray's Ramblings
https://www.fantasyguru.com/mlb-dfs-breakdown-8-26-2025,mlb-dfs-breakdown-8-26-2025,2025-08-26T16:55:42.000Z,MLB DFS Breakdown
https://www.fantasyguru.com/rays-plays-august-25th-2025,rays-plays-august-25th-2025,2025-08-25T21:49:37.000Z,Ray's Plays
https://www.fantasyguru.com/2025-umpire-report-week-23-midweek-strike-zone,2025-umpire-report-week-23-midweek-strike-zone,2025-08-25T19:00:19.000Z,MLB Umpire Report
https://www.fantasyguru.com/mlb-dfs-breakdown-8-25-2025,mlb-dfs-breakdown-8-25-2025,2025-08-25T16:36:31.000Z,MLB DFS Breakdown
https://www.fantasyguru.com/mlb-weekly-planner-week-23-2025,mlb-weekly-planner-week-23-2025,2025-08-24T19:00:39.000Z,
https://www.fantasyguru.com/2025-mlb-faab-values-week-22,2025-mlb-faab-values-week-22,2025-08-24T17:17:46.000Z,
https://www.fantasyguru.com/mlb-dfs-breakdown-8-24-2025,mlb-dfs-breakdown-8-24-2025,2025-08-24T14:45:17.000Z,MLB DFS Breakdown
https://www.fantasyguru.com/mlb-dfs-breakdown-8-23-2025,mlb-dfs-breakdown-8-23-2025,2025-08-23T15:38:47.000Z,MLB DFS Breakdown
https://www.fantasyguru.com/rays-plays-august-22nd-2025,rays-plays-august-22nd-2025,2025-08-23T11:52:04.000Z,Ray's Plays
https://www.fantasyguru.com/mlb-dfs-breakdown-8-22-2025,mlb-dfs-breakdown-8-22-2025,2025-08-22T18:12:30.000Z,MLB DFS Breakdown
https://www.fantasyguru.com/rays-ramblings-hot-hitters-to-help,rays-ramblings-hot-hitters-to-help,2025-08-21T21:32:53.000Z,Ray's Ramblings
https://www.fantasyguru.com/2025-umpire-report-week-22-weekend-strike-zone,2025-umpire-report-week-22-weekend-strike-zone,2025-08-21T16:19:30.000Z,MLB Umpire Report
https://www.fantasyguru.com/mlb-dfs-breakdown-8-21-2025,mlb-dfs-breakdown-8-21-2025,2025-08-21T15:16:36.000Z,MLB DFS Breakdown
https://www.fantasyguru.com/mlb-dfs-breakdown-8-20-2025,mlb-dfs-breakdown-8-20-2025,2025-08-20T17:26:27.000Z,MLB DFS Breakdown
https://www.fantasyguru.com/mlb-dfs-early-slate-breakdown-8-20-2025,mlb-dfs-early-slate-breakdown-8-20-2025,2025-08-20T14:26:00.000Z,
https://www.fantasyguru.com/rays-ramblings-starting-pitchers-down-the-stretch,rays-ramblings-starting-pitchers-down-the-stretch,2025-08-19T20:41:26.000Z,Ray's Ramblings
https://www.fantasyguru.com/rays-plays-august-19th-2025,rays-plays-august-19th-2025,2025-08-19T18:26:24.000Z,Ray's Plays
https://www.fantasyguru.com/mlb-dfs-breakdown-8-19-2025,mlb-dfs-breakdown-8-19-2025,2025-08-19T16:13:08.000Z,MLB DFS Breakdown
https://www.fantasyguru.com/rays-plays-august-18th-2025,rays-plays-august-18th-2025,2025-08-18T19:18:43.000Z,Ray's Plays
https://www.fantasyguru.com/2025-umpire-report-week-22-midweek-strike-zone,2025-umpire-report-week-22-midweek-strike-zone,2025-08-18T19:09:58.000Z,MLB Umpire Report
https://www.fantasyguru.com/mlb-dfs-breakdown-8-18-2025,mlb-dfs-breakdown-8-18-2025,2025-08-18T16:10:32.000Z,MLB DFS Breakdown
https://www.fantasyguru.com/mlb-weekly-planner-week-22-2025,mlb-weekly-planner-week-22-2025,2025-08-17T16:30:09.000Z,
https://www.fantasyguru.com/mlb-dfs-breakdown-8-17-2025,mlb-dfs-breakdown-8-17-2025,2025-08-17T15:19:48.000Z,MLB DFS Breakdown
https://www.fantasyguru.com/2025-mlb-faab-values-week-21,2025-mlb-faab-values-week-21,2025-08-16T18:26:38.000Z,
https://www.fantasyguru.com/mlb-dfs-breakdown-8-16-2025,mlb-dfs-breakdown-8-16-2025,2025-08-16T16:43:17.000Z,MLB DFS Breakdown
https://www.fantasyguru.com/rays-plays-august-15th-2025,rays-plays-august-15th-2025,2025-08-15T17:51:56.000Z,Ray's Plays
https://www.fantasyguru.com/mlb-dfs-breakdown-8-15-2025,mlb-dfs-breakdown-8-15-2025,2025-08-15T16:10:38.000Z,MLB DFS Breakdown
https://www.fantasyguru.com/rays-plays-august-14th-2025,rays-plays-august-14th-2025,2025-08-14T22:10:50.000Z,Ray's Plays
https://www.fantasyguru.com/mlb-dfs-breakdown-8-14-2025,mlb-dfs-breakdown-8-14-2025,2025-08-14T17:05:54.000Z,MLB DFS Breakdown
https://www.fantasyguru.com/2025-umpire-report-week-21-weekend-strike-zone,2025-umpire-report-week-21-weekend-strike-zone,2025-08-14T15:41:34.000Z,MLB Umpire Report
https://www.fantasyguru.com/mlb-dfs-breakdown-8-13-2025,mlb-dfs-breakdown-8-13-2025,2025-08-13T18:07:25.000Z,MLB DFS Breakdown
https://www.fantasyguru.com/rays-ramblings-improving-of-late,rays-ramblings-improving-of-late,2025-08-13T17:01:17.000Z,Ray's Ramblings
https://www.fantasyguru.com/mlb-dfs-early-slate-breakdown-8-13-2025,mlb-dfs-early-slate-breakdown-8-13-2025,2025-08-13T14:08:13.000Z,
https://www.fantasyguru.com/rays-plays-august-12th-2025,rays-plays-august-12th-2025,2025-08-12T20:52:27.000Z,Ray's Plays
https://www.fantasyguru.com/mlb-dfs-breakdown-8-12-2025,mlb-dfs-breakdown-8-12-2025,2025-08-12T15:15:54.000Z,MLB DFS Breakdown
https://www.fantasyguru.com/mlb-dfs-breakdown-8-11-2025,mlb-dfs-breakdown-8-11-2025,2025-08-11T21:57:18.000Z,MLB DFS Breakdown
https://www.fantasyguru.com/2025-umpire-report-week-21-midweek-strike-zone,2025-umpire-report-week-21-midweek-strike-zone,2025-08-11T20:55:56.000Z,MLB Umpire Report
https://www.fantasyguru.com/rays-plays-august-11th-2025,rays-plays-august-11th-2025,2025-08-11T18:51:38.000Z,Ray's Plays
https://www.fantasyguru.com/mlb-weekly-planner-week-21-2025,mlb-weekly-planner-week-21-2025,2025-08-10T22:07:05.000Z,
https://www.fantasyguru.com/mlb-dfs-breakdown-8-10-2025,mlb-dfs-breakdown-8-10-2025,2025-08-10T15:53:58.000Z,MLB DFS Breakdown
https://www.fantasyguru.com/2025-mlb-faab-values-week-20,2025-mlb-faab-values-week-20,2025-08-09T15:51:04.000Z,
https://www.fantasyguru.com/mlb-dfs-breakdown-8-9-2025,mlb-dfs-breakdown-8-9-2025,2025-08-09T15:03:19.000Z,MLB DFS Breakdown
https://www.fantasyguru.com/rays-plays-august-8th-2025,rays-plays-august-8th-2025,2025-08-08T18:57:27.000Z,Ray's Plays
https://www.fantasyguru.com/mlb-dfs-breakdown-8-8-2025,mlb-dfs-breakdown-8-8-2025,2025-08-08T16:06:48.000Z,MLB DFS Breakdown
https://www.fantasyguru.com/2025-umpire-report-week-20-weekend-strike-zone,2025-umpire-report-week-20-weekend-strike-zone,2025-08-07T17:06:54.000Z,MLB Umpire Report
https://www.fantasyguru.com/mlb-dfs-breakdown-8-6-2025,mlb-dfs-breakdown-8-6-2025,2025-08-06T19:26:57.000Z,MLB DFS Breakdown
https://www.fantasyguru.com/rays-ramblings-dogs-days-of-summer,rays-ramblings-dogs-days-of-summer,2025-08-06T17:05:59.000Z,Ray's Ramblings
https://www.fantasyguru.com/mlb-dfs-early-slate-breakdown-8-6-2025,mlb-dfs-early-slate-breakdown-8-6-2025,2025-08-06T16:46:41.000Z,
https://www.fantasyguru.com/rays-plays-august-5th-2025,rays-plays-august-5th-2025,2025-08-05T18:18:43.000Z,Ray's Plays
https://www.fantasyguru.com/mlb-dfs-breakdown-8-5-2025,mlb-dfs-breakdown-8-5-2025,2025-08-05T15:10:16.000Z,MLB DFS Breakdown
https://www.fantasyguru.com/august-2025-fantasy-baseball-rankings,august-2025-fantasy-baseball-rankings,2025-08-04T20:56:27.000Z,
https://www.fantasyguru.com/2025-umpire-report-week-20-midweek-strike-zone,2025-umpire-report-week-20-midweek-strike-zone,2025-08-04T18:57:00.000Z,MLB Umpire Report
https://www.fantasyguru.com/mlb-dfs-breakdown-8-4-2025,mlb-dfs-breakdown-8-4-2025,2025-08-04T16:40:38.000Z,MLB DFS Breakdown
https://www.fantasyguru.com/2025-mlb-faab-values-week-19,2025-mlb-faab-values-week-19,2025-08-04T02:25:33.000Z,
https://www.fantasyguru.com/mlb-weekly-planner-week-20-2025,mlb-weekly-planner-week-20-2025,2025-08-03T19:39:01.000Z,
https://www.fantasyguru.com/mlb-dfs-breakdown-8-3-2025,mlb-dfs-breakdown-8-3-2025,2025-08-03T15:13:17.000Z,MLB DFS Breakdown
https://www.fantasyguru.com/mlb-dfs-breakdown-8-2-2025,mlb-dfs-breakdown-8-2-2025,2025-08-02T15:01:39.000Z,MLB DFS Breakdown
https://www.fantasyguru.com/mlb-dfs-breakdown-8-1-2025,mlb-dfs-breakdown-8-1-2025,2025-08-01T17:30:13.000Z,MLB DFS Breakdown
https://www.fantasyguru.com/texans-jared-wayne-closer-to-returning,texans-jared-wayne-closer-to-returning,2025-07-31T19:51:56.000Z,
https://www.fantasyguru.com/2025-umpire-report-week-19-weekend-strike-zone,2025-umpire-report-week-19-weekend-strike-zone,2025-07-31T18:31:01.000Z,MLB Umpire Report
https://www.fantasyguru.com/mlb-dfs-breakdown-7-30-2025,mlb-dfs-breakdown-7-30-2025,2025-07-30T16:48:35.000Z,MLB DFS Breakdown
https://www.fantasyguru.com/mlb-dfs-early-slate-breakdown-7-30-2025,mlb-dfs-early-slate-breakdown-7-30-2025,2025-07-30T14:25:42.000Z,
https://www.fantasyguru.com/mlb-dfs-breakdown-7-29-2025,mlb-dfs-breakdown-7-29-2025,2025-07-30T12:33:22.000Z,MLB DFS Breakdown
https://www.fantasyguru.com/2025-umpire-report-week-19-midweek-strike-zone,2025-umpire-report-week-19-midweek-strike-zone,2025-07-28T21:32:01.000Z,MLB Umpire Report
https://www.fantasyguru.com/mlb-dfs-breakdown-7-28-2025,mlb-dfs-breakdown-7-28-2025,2025-07-28T15:38:05.000Z,MLB DFS Breakdown
https://www.fantasyguru.com/mlb-weekly-planner-week-19-2025,mlb-weekly-planner-week-19-2025,2025-07-27T18:34:07.000Z,
https://www.fantasyguru.com/2025-mlb-faab-values-week-18,2025-mlb-faab-values-week-18,2025-07-27T16:53:06.000Z,
https://www.fantasyguru.com/mlb-dfs-breakdown-7-27-2025,mlb-dfs-breakdown-7-27-2025,2025-07-27T15:01:23.000Z,MLB DFS Breakdown
https://www.fantasyguru.com/mlb-dfs-breakdown-7-26-2025,mlb-dfs-breakdown-7-26-2025,2025-07-26T17:06:18.000Z,MLB DFS Breakdown
https://www.fantasyguru.com/browns-jerome-ford-closer-to-returning,browns-jerome-ford-closer-to-returning,2025-07-25T18:52:01.000Z,
https://www.fantasyguru.com/mlb-dfs-breakdown-7-25-2025,mlb-dfs-breakdown-7-25-2025,2025-07-25T16:34:32.000Z,MLB DFS Breakdown
https://www.fantasyguru.com/rays-ramblings-taking-a-break,rays-ramblings-taking-a-break,2025-07-24T20:29:57.000Z,Ray's Ramblings
https://www.fantasyguru.com/mlb-dfs-breakdown-7-24-2025,mlb-dfs-breakdown-7-24-2025,2025-07-24T18:43:21.000Z,MLB DFS Breakdown
https://www.fantasyguru.com/2025-umpire-report-week-18-weekend-strike-zone,2025-umpire-report-week-18-weekend-strike-zone,2025-07-24T15:41:33.000Z,MLB Umpire Report
https://www.fantasyguru.com/2025-pitcher-workload-concerns,2025-pitcher-workload-concerns,2025-07-24T14:15:27.000Z,
https://www.fantasyguru.com/mlb-dfs-breakdown-7-23-2025,mlb-dfs-breakdown-7-23-2025,2025-07-23T18:30:16.000Z,MLB DFS Breakdown
https://www.fantasyguru.com/mlb-dfs-early-slate-breakdown-7-23-2025,mlb-dfs-early-slate-breakdown-7-23-2025,2025-07-23T14:38:40.000Z,
https://www.fantasyguru.com/rays-plays-july-22nd-2025,rays-plays-july-22nd-2025,2025-07-22T18:45:48.000Z,Ray's Plays
https://www.fantasyguru.com/mlb-dfs-breakdown-7-22-2025,mlb-dfs-breakdown-7-22-2025,2025-07-22T16:40:39.000Z,MLB DFS Breakdown
https://www.fantasyguru.com/2025-umpire-report-week-18-midweek-strike-zone,2025-umpire-report-week-18-midweek-strike-zone,2025-07-21T19:24:03.000Z,MLB Umpire Report
https://www.fantasyguru.com/rays-plays-july-21st-2025,rays-plays-july-21st-2025,2025-07-21T19:22:20.000Z,Ray's Plays
https://www.fantasyguru.com/mlb-dfs-breakdown-7-21-2025,mlb-dfs-breakdown-7-21-2025,2025-07-21T18:34:04.000Z,MLB DFS Breakdown
https://www.fantasyguru.com/2025-mlb-faab-values-week-17,2025-mlb-faab-values-week-17,2025-07-21T17:12:37.000Z,
https://www.fantasyguru.com/mlb-weekly-planner-week-18-2025,mlb-weekly-planner-week-18-2025,2025-07-20T16:22:02.000Z,
https://www.fantasyguru.com/mlb-dfs-breakdown-7-20-2025,mlb-dfs-breakdown-7-20-2025,2025-07-20T15:35:32.000Z,MLB DFS Breakdown
https://www.fantasyguru.com/mlb-dfs-breakdown-7-19-2025,mlb-dfs-breakdown-7-19-2025,2025-07-19T17:05:46.000Z,MLB DFS Breakdown
https://www.fantasyguru.com/rays-plays-july-18th-2025,rays-plays-july-18th-2025,2025-07-18T20:50:39.000Z,Ray's Plays
https://www.fantasyguru.com/2025-umpire-report-week-17-weekend-strike-zone,2025-umpire-report-week-17-weekend-strike-zone,2025-07-18T19:09:33.000Z,MLB Umpire Report
https://www.fantasyguru.com/mlb-dfs-breakdown-7-18-2025,mlb-dfs-breakdown-7-18-2025,2025-07-18T17:53:37.000Z,MLB DFS Breakdown
https://www.fantasyguru.com/2025-fantasy-baseball-sell-sell-sell,2025-fantasy-baseball-sell-sell-sell,2025-07-17T20:49:51.000Z,
https://www.fantasyguru.com/2025-second-half-buys-pitchers,2025-second-half-buys-pitchers,2025-07-17T15:40:05.000Z,
https://www.fantasyguru.com/rams-kyren-williams-closer-to-extension,rams-kyren-williams-closer-to-extension,2025-07-14T01:55:17.000Z,
https://www.fantasyguru.com/mlb-weekly-planner-week-17-2025,mlb-weekly-planner-week-17-2025,2025-07-13T16:00:25.000Z,
https://www.fantasyguru.com/2025-mlb-faab-values-week-16,2025-mlb-faab-values-week-16,2025-07-13T15:38:38.000Z,
https://www.fantasyguru.com/mlb-dfs-breakdown-7-13-2025,mlb-dfs-breakdown-7-13-2025,2025-07-13T15:07:50.000Z,MLB DFS Breakdown
https://www.fantasyguru.com/mlb-dfs-breakdown-7-12-2025,mlb-dfs-breakdown-7-12-2025,2025-07-12T15:46:13.000Z,MLB DFS Breakdown
https://www.fantasyguru.com/rays-plays-july-11th-2025,rays-plays-july-11th-2025,2025-07-11T21:05:47.000Z,Ray's Plays
https://www.fantasyguru.com/mlb-dfs-breakdown-7-11-2025,mlb-dfs-breakdown-7-11-2025,2025-07-11T18:17:10.000Z,MLB DFS Breakdown
https://www.fantasyguru.com/2025-umpire-report-week-16-weekend-strike-zone,2025-umpire-report-week-16-weekend-strike-zone,2025-07-10T21:14:19.000Z,MLB Umpire Report
https://www.fantasyguru.com/rays-plays-july-10th-2025,rays-plays-july-10th-2025,2025-07-10T18:56:49.000Z,Ray's Plays
https://www.fantasyguru.com/mlb-dfs-breakdown-7-10-2025,mlb-dfs-breakdown-7-10-2025,2025-07-10T18:27:44.000Z,MLB DFS Breakdown
https://www.fantasyguru.com/mlb-dfs-breakdown-7-9-2025,mlb-dfs-breakdown-7-9-2025,2025-07-10T00:24:02.000Z,MLB DFS Breakdown
https://www.fantasyguru.com/2025-mid-season-mlb-rookie-update,2025-mid-season-mlb-rookie-update,2025-07-09T15:47:08.000Z,Rookie Expectation/Profile
https://www.fantasyguru.com/mlb-dfs-breakdown-7-8-2025,mlb-dfs-breakdown-7-8-2025,2025-07-08T22:22:59.000Z,MLB DFS Breakdown
https://www.fantasyguru.com/rays-plays-july-8th-2025,rays-plays-july-8th-2025,2025-07-08T18:37:56.000Z,Ray's Plays
https://www.fantasyguru.com/mlb-dfs-breakdown-7-1-2025,mlb-dfs-breakdown-7-1-2025,2025-07-08T12:45:20.000Z,MLB DFS Breakdown
https://www.fantasyguru.com/rays-plays-july-7th-2025,rays-plays-july-7th-2025,2025-07-07T22:12:25.000Z,Ray's Plays
https://www.fantasyguru.com/2025-umpire-report-week-16-midweek-strike-zone,2025-umpire-report-week-16-midweek-strike-zone,2025-07-07T19:48:05.000Z,MLB Umpire Report
https://www.fantasyguru.com/mlb-dfs-breakdown-7-7-2025,mlb-dfs-breakdown-7-7-2025,2025-07-07T17:30:06.000Z,MLB DFS Breakdown
https://www.fantasyguru.com/mlb-weekly-planner-week-16-2025,mlb-weekly-planner-week-16-2025,2025-07-06T15:38:49.000Z,
https://www.fantasyguru.com/mlb-dfs-breakdown-7-6-2025,mlb-dfs-breakdown-7-6-2025,2025-07-06T15:01:39.000Z,MLB DFS Breakdown
https://www.fantasyguru.com/2025-mlb-faab-values-week-15,2025-mlb-faab-values-week-15,2025-07-05T17:05:51.000Z,
https://www.fantasyguru.com/mlb-dfs-breakdown-7-5-2025,mlb-dfs-breakdown-7-5-2025,2025-07-05T15:33:06.000Z,MLB DFS Breakdown
https://www.fantasyguru.com/rays-plays-july-4th-2025,rays-plays-july-4th-2025,2025-07-04T18:18:56.000Z,Ray's Plays
https://www.fantasyguru.com/mlb-dfs-breakdown-7-4-2025,mlb-dfs-breakdown-7-4-2025,2025-07-04T17:04:10.000Z,MLB DFS Breakdown
https://www.fantasyguru.com/mlb-dfs-early-slate-breakdown-7-4-2025,mlb-dfs-early-slate-breakdown-7-4-2025,2025-07-04T15:26:43.000Z,
https://www.fantasyguru.com/2025-umpire-report-week-15-weekend-strike-zone,2025-umpire-report-week-15-weekend-strike-zone,2025-07-04T14:54:45.000Z,MLB Umpire Report
https://www.fantasyguru.com/mlb-dfs-breakdown-7-3-2025,mlb-dfs-breakdown-7-3-2025,2025-07-03T19:57:22.000Z,MLB DFS Breakdown
https://www.fantasyguru.com/rays-plays-july-3rd-2025,rays-plays-july-3rd-2025,2025-07-03T19:30:25.000Z,Ray's Plays
https://www.fantasyguru.com/2025-the-closer-grid-july-3rd,2025-the-closer-grid-july-3rd,2025-07-03T15:38:58.000Z,
https://www.fantasyguru.com/july-2025-fantasy-baseball-rankings,july-2025-fantasy-baseball-rankings,2025-07-02T17:36:40.000Z,
https://www.fantasyguru.com/mlb-dfs-breakdown-7-2-2025,mlb-dfs-breakdown-7-2-2025,2025-07-02T16:37:26.000Z,MLB DFS Breakdown
https://www.fantasyguru.com/rays-plays-july-1st-2025,rays-plays-july-1st-2025,2025-07-01T18:29:59.000Z,Ray's Plays
https://www.fantasyguru.com/2025-umpire-report-week-15-midweek-strike-zone,2025-umpire-report-week-15-midweek-strike-zone,2025-06-30T21:14:09.000Z,MLB Umpire Report
https://www.fantasyguru.com/rays-plays-june-30th-2025,rays-plays-june-30th-2025,2025-06-30T17:42:31.000Z,Ray's Plays
https://www.fantasyguru.com/mlb-dfs-breakdown-6-30-2025,mlb-dfs-breakdown-6-30-2025,2025-06-30T17:15:01.000Z,MLB DFS Breakdown
https://www.fantasyguru.com/mlb-weekly-planner-week-15-2025,mlb-weekly-planner-week-15-2025,2025-06-29T16:04:37.000Z,
https://www.fantasyguru.com/mlb-dfs-breakdown-6-29-2025,mlb-dfs-breakdown-6-29-2025,2025-06-29T15:39:21.000Z,MLB DFS Breakdown
https://www.fantasyguru.com/mlb-dfs-breakdown-6-28-2025,mlb-dfs-breakdown-6-28-2025,2025-06-29T14:19:12.000Z,MLB DFS Breakdown
https://www.fantasyguru.com/rays-plays-june-27th-2025,rays-plays-june-27th-2025,2025-06-27T20:22:34.000Z,Ray's Plays
https://www.fantasyguru.com/mlb-dfs-breakdown-6-27-2025,mlb-dfs-breakdown-6-27-2025,2025-06-27T16:55:25.000Z,MLB DFS Breakdown
https://www.fantasyguru.com/2025-umpire-report-week-14-weekend-strike-zone,2025-umpire-report-week-14-weekend-strike-zone,2025-06-27T14:44:58.000Z,MLB Umpire Report
https://www.fantasyguru.com/rays-ramblings-pitching-stuff,rays-ramblings-pitching-stuff,2025-06-26T18:18:01.000Z,Ray's Ramblings
https://www.fantasyguru.com/mlb-dfs-early-slate-breakdown-6-26-2025,mlb-dfs-early-slate-breakdown-6-26-2025,2025-06-26T15:02:19.000Z,
https://www.fantasyguru.com/mlb-dfs-breakdown-6-25-2025,mlb-dfs-breakdown-6-25-2025,2025-06-25T18:35:20.000Z,MLB DFS Breakdown
https://www.fantasyguru.com/rays-ramblings-a-focus-on-hurlers,rays-ramblings-a-focus-on-hurlers,2025-06-25T16:58:38.000Z,Ray's Ramblings
https://www.fantasyguru.com/rays-plays-june-24th-2025,rays-plays-june-24th-2025,2025-06-24T19:30:25.000Z,Ray's Plays
https://www.fantasyguru.com/mlb-dfs-breakdown-6-24-2025,mlb-dfs-breakdown-6-24-2025,2025-06-24T17:14:13.000Z,MLB DFS Breakdown
https://www.fantasyguru.com/rays-plays-june-23rd-2025,rays-plays-june-23rd-2025,2025-06-23T21:59:28.000Z,Ray's Plays
https://www.fantasyguru.com/2025-umpire-report-week-14-midweek-strike-zone,2025-umpire-report-week-14-midweek-strike-zone,2025-06-23T21:45:25.000Z,MLB Umpire Report
https://www.fantasyguru.com/mlb-dfs-breakdown-6-23-2025,mlb-dfs-breakdown-6-23-2025,2025-06-23T18:07:19.000Z,MLB DFS Breakdown
https://www.fantasyguru.com/mlb-weekly-planner-week-14-2025,mlb-weekly-planner-week-14-2025,2025-06-22T22:05:29.000Z,
https://www.fantasyguru.com/mlb-dfs-breakdown-6-22-2025,mlb-dfs-breakdown-6-22-2025,2025-06-22T15:53:03.000Z,MLB DFS Breakdown
https://www.fantasyguru.com/2025-mlb-faab-values-week-13,2025-mlb-faab-values-week-13,2025-06-22T14:56:27.000Z,
https://www.fantasyguru.com/mlb-dfs-breakdown-6-21-2025,mlb-dfs-breakdown-6-21-2025,2025-06-21T15:06:11.000Z,MLB DFS Breakdown
https://www.fantasyguru.com/mlb-dfs-breakdown-6-20-2025,mlb-dfs-breakdown-6-20-2025,2025-06-21T12:15:19.000Z,MLB DFS Breakdown
https://www.fantasyguru.com/rays-plays-june-20th-2025,rays-plays-june-20th-2025,2025-06-21T00:07:59.000Z,Ray's Plays
https://www.fantasyguru.com/2025-umpire-report-week-13-weekend-strike-zone,2025-umpire-report-week-13-weekend-strike-zone,2025-06-20T14:49:14.000Z,MLB Umpire Report
https://www.fantasyguru.com/rays-plays-june-19th-2025,rays-plays-june-19th-2025,2025-06-19T21:43:06.000Z,Ray's Plays
https://www.fantasyguru.com/mlb-dfs-breakdown-6-19-2025,mlb-dfs-breakdown-6-19-2025,2025-06-19T17:40:05.000Z,MLB DFS Breakdown
https://www.fantasyguru.com/mlb-dfs-early-slate-breakdown-6-19-2025,mlb-dfs-early-slate-breakdown-6-19-2025,2025-06-19T15:14:45.000Z,
https://www.fantasyguru.com/mlb-dfs-breakdown-6-18-2025,mlb-dfs-breakdown-6-18-2025,2025-06-18T20:17:33.000Z,MLB DFS Breakdown
https://www.fantasyguru.com/june-2025-mlb-rookie-review,june-2025-mlb-rookie-review,2025-06-18T18:03:09.000Z,Rookie Expectation/Profile
https://www.fantasyguru.com/intro-to-daily-fantasy-baseball,intro-to-daily-fantasy-baseball,2025-06-17T19:51:08.000Z,
https://www.fantasyguru.com/rays-plays-june-17th-2025,rays-plays-june-17th-2025,2025-06-17T18:42:35.000Z,Ray's Plays
https://www.fantasyguru.com/mlb-dfs-breakdown-6-17-2025,mlb-dfs-breakdown-6-17-2025,2025-06-17T06:45:44.000Z,MLB DFS Breakdown
https://www.fantasyguru.com/2025-umpire-report-week-13-midweek-strike-zone,2025-umpire-report-week-13-midweek-strike-zone,2025-06-17T04:04:03.000Z,MLB Umpire Report
https://www.fantasyguru.com/rays-ramblings-devers-to-giants,rays-ramblings-devers-to-giants,2025-06-16T16:04:45.000Z,Ray's Ramblings
https://www.fantasyguru.com/mlb-dfs-breakdown-6-16-2025,mlb-dfs-breakdown-6-16-2025,2025-06-16T14:24:33.000Z,MLB DFS Breakdown
https://www.fantasyguru.com/mlb-weekly-planner-week-13-2025,mlb-weekly-planner-week-13-2025,2025-06-15T17:06:01.000Z,
https://www.fantasyguru.com/mlb-dfs-breakdown-6-15-2025,mlb-dfs-breakdown-6-15-2025,2025-06-15T15:39:47.000Z,MLB DFS Breakdown
https://www.fantasyguru.com/2025-mlb-faab-values-week-12,2025-mlb-faab-values-week-12,2025-06-14T16:17:55.000Z,
https://www.fantasyguru.com/mlb-dfs-breakdown-6-14-2025,mlb-dfs-breakdown-6-14-2025,2025-06-14T15:05:31.000Z,MLB DFS Breakdown
https://www.fantasyguru.com/rays-plays-june-13th-2025,rays-plays-june-13th-2025,2025-06-13T21:59:07.000Z,Ray's Plays
https://www.fantasyguru.com/mlb-dfs-breakdown-6-13-2025,mlb-dfs-breakdown-6-13-2025,2025-06-13T17:25:38.000Z,MLB DFS Breakdown
https://www.fantasyguru.com/2025-umpire-report-week-12-weekend-strike-zone,2025-umpire-report-week-12-weekend-strike-zone,2025-06-13T05:13:20.000Z,MLB Umpire Report
https://www.fantasyguru.com/rays-ramblings-a-big-arm-promoted,rays-ramblings-a-big-arm-promoted,2025-06-12T19:26:28.000Z,Ray's Ramblings
https://www.fantasyguru.com/mlb-dfs-breakdown-6-12-2025,mlb-dfs-breakdown-6-12-2025,2025-06-12T15:51:25.000Z,MLB DFS Breakdown
https://www.fantasyguru.com/rays-plays-june-11th-2025,rays-plays-june-11th-2025,2025-06-12T00:05:03.000Z,Ray's Plays
https://www.fantasyguru.com/mlb-dfs-breakdown-6-11-2025,mlb-dfs-breakdown-6-11-2025,2025-06-11T17:24:18.000Z,MLB DFS Breakdown
https://www.fantasyguru.com/mlb-dfs-early-slate-breakdown-6-11-2025,mlb-dfs-early-slate-breakdown-6-11-2025,2025-06-11T14:54:01.000Z,
https://www.fantasyguru.com/rays-plays-june-10th-2025,rays-plays-june-10th-2025,2025-06-10T21:38:06.000Z,Ray's Plays
https://www.fantasyguru.com/mlb-dfs-breakdown-6-10-2025,mlb-dfs-breakdown-6-10-2025,2025-06-10T16:12:27.000Z,MLB DFS Breakdown
https://www.fantasyguru.com/2025-umpire-report-week-12-midweek-strike-zone,2025-umpire-report-week-12-midweek-strike-zone,2025-06-09T21:54:39.000Z,MLB Umpire Report
https://www.fantasyguru.com/2025-the-closer-grid-june-9th,2025-the-closer-grid-june-9th,2025-06-09T19:11:02.000Z,
https://www.fantasyguru.com/rays-plays-june-9th-2025,rays-plays-june-9th-2025,2025-06-09T18:32:55.000Z,Ray's Plays
https://www.fantasyguru.com/mlb-dfs-breakdown-6-9-2025,mlb-dfs-breakdown-6-9-2025,2025-06-09T17:22:41.000Z,MLB DFS Breakdown
https://www.fantasyguru.com/mlb-weekly-planner-week-12-2025,mlb-weekly-planner-week-12-2025,2025-06-08T17:40:38.000Z,
https://www.fantasyguru.com/mlb-dfs-breakdown-6-8-2025,mlb-dfs-breakdown-6-8-2025,2025-06-08T15:13:45.000Z,MLB DFS Breakdown
https://www.fantasyguru.com/2025-mlb-faab-values-week-11,2025-mlb-faab-values-week-11,2025-06-07T17:00:27.000Z,
https://www.fantasyguru.com/mlb-dfs-breakdown-6-7-2025,mlb-dfs-breakdown-6-7-2025,2025-06-07T16:16:35.000Z,MLB DFS Breakdown
https://www.fantasyguru.com/rays-plays-june-6th-2025,rays-plays-june-6th-2025,2025-06-06T19:25:47.000Z,Ray's Plays
https://www.fantasyguru.com/mlb-dfs-breakdown-6-6-2025,mlb-dfs-breakdown-6-6-2025,2025-06-06T19:00:54.000Z,MLB DFS Breakdown
https://www.fantasyguru.com/rays-ramblings-im-struggling-at-the-dish,rays-ramblings-im-struggling-at-the-dish,2025-06-05T19:12:57.000Z,Ray's Ramblings
https://www.fantasyguru.com/mlb-dfs-breakdown-6-5-2025,mlb-dfs-breakdown-6-5-2025,2025-06-05T17:45:14.000Z,MLB DFS Breakdown
https://www.fantasyguru.com/rays-plays-june-4th-2025,rays-plays-june-4th-2025,2025-06-05T01:04:58.000Z,Ray's Plays
https://www.fantasyguru.com/2025-umpire-report-week-11-weekend-strike-zone,2025-umpire-report-week-11-weekend-strike-zone,2025-06-04T20:49:13.000Z,MLB Umpire Report
https://www.fantasyguru.com/mlb-dfs-breakdown-6-4-2025,mlb-dfs-breakdown-6-4-2025,2025-06-04T17:40:28.000Z,MLB DFS Breakdown
https://www.fantasyguru.com/rays-plays-june-3rd-2025,rays-plays-june-3rd-2025,2025-06-03T22:04:08.000Z,Ray's Plays
https://www.fantasyguru.com/mlb-dfs-breakdown-6-3-2025,mlb-dfs-breakdown-6-3-2025,2025-06-03T13:35:22.000Z,MLB DFS Breakdown
https://www.fantasyguru.com/2025-umpire-report-week-11-midweek-strike-zone,2025-umpire-report-week-11-midweek-strike-zone,2025-06-02T20:58:45.000Z,MLB Umpire Report
https://www.fantasyguru.com/rays-plays-june-2nd-2025,rays-plays-june-2nd-2025,2025-06-02T20:14:28.000Z,Ray's Plays
https://www.fantasyguru.com/mlb-dfs-breakdown-6-2-2025,mlb-dfs-breakdown-6-2-2025,2025-06-02T17:20:28.000Z,MLB DFS Breakdown
https://www.fantasyguru.com/june-2025-fantasy-baseball-player-rankings,june-2025-fantasy-baseball-player-rankings,2025-06-01T23:25:49.000Z,
https://www.fantasyguru.com/mlb-weekly-planner-week-11-2025,mlb-weekly-planner-week-11-2025,2025-06-01T16:10:01.000Z,
https://www.fantasyguru.com/mlb-dfs-breakdown-6-1-2025,mlb-dfs-breakdown-6-1-2025,2025-06-01T15:32:24.000Z,MLB DFS Breakdown
https://www.fantasyguru.com/2025-mlb-faab-values-week-10,2025-mlb-faab-values-week-10,2025-05-31T19:40:43.000Z,
https://www.fantasyguru.com/mlb-dfs-breakdown-5-31-2025,mlb-dfs-breakdown-5-31-2025,2025-05-31T15:26:39.000Z,MLB DFS Breakdown
https://www.fantasyguru.com/mlb-dfs-breakdown-5-24-2025,mlb-dfs-breakdown-5-24-2025,2025-05-31T14:08:51.000Z,MLB DFS Breakdown
https://www.fantasyguru.com/mlb-dfs-breakdown-5-30-2025,mlb-dfs-breakdown-5-30-2025,2025-05-30T19:23:07.000Z,MLB DFS Breakdown
https://www.fantasyguru.com/2025-umpire-report-week-10-weekend-strike-zone,2025-umpire-report-week-10-weekend-strike-zone,2025-05-30T02:06:38.000Z,MLB Umpire Report
https://www.fantasyguru.com/rays-ramblings-gone-wrong-or-going-well,rays-ramblings-gone-wrong-or-going-well,2025-05-29T19:51:36.000Z,Ray's Ramblings
https://www.fantasyguru.com/mlb-dfs-breakdown-5-29-2025,mlb-dfs-breakdown-5-29-2025,2025-05-29T16:20:28.000Z,MLB DFS Breakdown
https://www.fantasyguru.com/mlb-dfs-breakdown-5-21-2025,mlb-dfs-breakdown-5-21-2025,2025-05-29T12:24:06.000Z,MLB DFS Breakdown
https://www.fantasyguru.com/mlb-dfs-breakdown-5-23-2025,mlb-dfs-breakdown-5-23-2025,2025-05-29T12:22:54.000Z,MLB DFS Breakdown
https://www.fantasyguru.com/mlb-dfs-breakdown-5-25-2025,mlb-dfs-breakdown-5-25-2025,2025-05-29T12:20:29.000Z,MLB DFS Breakdown
https://www.fantasyguru.com/mlb-dfs-breakdown-5-26-2025,mlb-dfs-breakdown-5-26-2025,2025-05-29T12:19:49.000Z,MLB DFS Breakdown
https://www.fantasyguru.com/mlb-dfs-breakdown-5-27-2025,mlb-dfs-breakdown-5-27-2025,2025-05-29T12:19:02.000Z,MLB DFS Breakdown
https://www.fantasyguru.com/rams-kyren-williams-moving-closer-to-new-deal,rams-kyren-williams-moving-closer-to-new-deal,2025-05-28T22:55:05.000Z,
https://www.fantasyguru.com/rays-ramblings-hitters-trending-up-down,rays-ramblings-hitters-trending-up-down,2025-05-28T20:15:35.000Z,Ray's Ramblings
https://www.fantasyguru.com/mlb-dfs-breakdown-5-28-2025,mlb-dfs-breakdown-5-28-2025,2025-05-28T18:49:28.000Z,MLB DFS Breakdown
https://www.fantasyguru.com/mlb-dfs-early-slate-breakdown-5-28-2025,mlb-dfs-early-slate-breakdown-5-28-2025,2025-05-28T15:26:09.000Z,
https://www.fantasyguru.com/2025-umpire-report-week-10-midweek-strike-zone,2025-umpire-report-week-10-midweek-strike-zone,2025-05-27T19:40:50.000Z,MLB Umpire Report
https://www.fantasyguru.com/2025-umpire-report-week-9-weekend-strike-zone,2025-umpire-report-week-9-weekend-strike-zone,2025-05-27T19:02:28.000Z,MLB Umpire Report
https://www.fantasyguru.com/mlb-dfs-breakdown-5-20-2025,mlb-dfs-breakdown-5-20-2025,2025-05-27T15:29:18.000Z,MLB DFS Breakdown
https://www.fantasyguru.com/rays-ramblings-pitchers-need-to-know,rays-ramblings-pitchers-need-to-know,2025-05-27T14:39:45.000Z,Ray's Ramblings
https://www.fantasyguru.com/rays-ramblings-memorial-day-2025,rays-ramblings-memorial-day-2025,2025-05-26T18:53:33.000Z,Ray's Ramblings
https://www.fantasyguru.com/mlb-weekly-planner-week-10-2025,mlb-weekly-planner-week-10-2025,2025-05-25T16:14:45.000Z,
https://www.fantasyguru.com/2025-mlb-faab-values-week-9,2025-mlb-faab-values-week-9,2025-05-24T19:09:34.000Z,
https://www.fantasyguru.com/rays-plays-may-23rd-2025,rays-plays-may-23rd-2025,2025-05-24T00:20:23.000Z,Ray's Plays
https://www.fantasyguru.com/rays-ramblings-hit-or-miss,rays-ramblings-hit-or-miss,2025-05-22T20:38:29.000Z,Ray's Ramblings
https://www.fantasyguru.com/rays-plays-may-22nd-2025,rays-plays-may-22nd-2025,2025-05-22T18:59:50.000Z,Ray's Plays
https://www.fantasyguru.com/mlb-dfs-thursday-night-breakdown-5-22-2025,mlb-dfs-thursday-night-breakdown-5-22-2025,2025-05-22T15:24:01.000Z,
https://www.fantasyguru.com/rays-plays-may-21st-2025,rays-plays-may-21st-2025,2025-05-21T21:01:09.000Z,Ray's Plays
https://www.fantasyguru.com/mlb-dfs-early-slate-breakdown-5-21-2025,mlb-dfs-early-slate-breakdown-5-21-2025,2025-05-21T16:13:49.000Z,
https://www.fantasyguru.com/rays-plays-may-20th-2025,rays-plays-may-20th-2025,2025-05-20T20:03:09.000Z,Ray's Plays
https://www.fantasyguru.com/rays-plays-may-19th-2025,rays-plays-may-19th-2025,2025-05-19T22:26:54.000Z,Ray's Plays
https://www.fantasyguru.com/2025-umpire-report-week-9-midweek-strike-zone,2025-umpire-report-week-9-midweek-strike-zone,2025-05-19T21:38:35.000Z,MLB Umpire Report
https://www.fantasyguru.com/rays-ramblings-young-hitters-of-late,rays-ramblings-young-hitters-of-late,2025-05-19T20:15:55.000Z,Ray's Ramblings
https://www.fantasyguru.com/mlb-dfs-breakdown-5-19-2025,mlb-dfs-breakdown-5-19-2025,2025-05-19T18:01:57.000Z,MLB DFS Breakdown
https://www.fantasyguru.com/2025-umpire-report-week-8-midweek-strike-zone,2025-umpire-report-week-8-midweek-strike-zone,2025-05-19T13:06:06.000Z,MLB Umpire Report
https://www.fantasyguru.com/mlb-weekly-planner-week-9-2025,mlb-weekly-planner-week-9-2025,2025-05-18T17:31:28.000Z,
https://www.fantasyguru.com/mlb-dfs-breakdown-5-18-2025,mlb-dfs-breakdown-5-18-2025,2025-05-18T14:57:53.000Z,MLB DFS Breakdown
https://www.fantasyguru.com/2025-mlb-faab-values-week-8,2025-mlb-faab-values-week-8,2025-05-17T17:01:05.000Z,
https://www.fantasyguru.com/mlb-dfs-breakdown-5-17-2025,mlb-dfs-breakdown-5-17-2025,2025-05-17T13:52:43.000Z,MLB DFS Breakdown
https://www.fantasyguru.com/rays-plays-may-16th-2025,rays-plays-may-16th-2025,2025-05-16T18:55:11.000Z,Ray's Plays
https://www.fantasyguru.com/mlb-dfs-breakdown-5-16-2025,mlb-dfs-breakdown-5-16-2025,2025-05-16T18:20:16.000Z,MLB DFS Breakdown
https://www.fantasyguru.com/2025-umpire-report-week-8-weekend-strike-zone,2025-umpire-report-week-8-weekend-strike-zone,2025-05-16T02:29:04.000Z,MLB Umpire Report
https://www.fantasyguru.com/rays-ramblings-fortune-failure-young-arms,rays-ramblings-fortune-failure-young-arms,2025-05-15T19:16:02.000Z,Ray's Ramblings
https://www.fantasyguru.com/mlb-dfs-breakdown-5-15-2025,mlb-dfs-breakdown-5-15-2025,2025-05-15T14:00:09.000Z,MLB DFS Breakdown
https://www.fantasyguru.com/mlb-dfs-breakdown-5-14-2025,mlb-dfs-breakdown-5-14-2025,2025-05-14T19:56:13.000Z,MLB DFS Breakdown
https://www.fantasyguru.com/rays-ramblings-what-you-need-to-know-4,rays-ramblings-what-you-need-to-know-4,2025-05-14T17:03:35.000Z,Ray's Ramblings
https://www.fantasyguru.com/mlb-dfs-early-slate-breakdown-5-14-2025,mlb-dfs-early-slate-breakdown-5-14-2025,2025-05-14T15:00:21.000Z,
https://www.fantasyguru.com/rays-plays-may-13th-2025,rays-plays-may-13th-2025,2025-05-13T18:51:14.000Z,Ray's Plays
https://www.fantasyguru.com/mlb-dfs-breakdown-5-13-2025,mlb-dfs-breakdown-5-13-2025,2025-05-13T15:16:36.000Z,MLB DFS Breakdown
https://www.fantasyguru.com/2025-the-closer-grid-may13,2025-the-closer-grid-may13,2025-05-13T14:45:58.000Z,
https://www.fantasyguru.com/rays-plays-may-12th-2025,rays-plays-may-12th-2025,2025-05-12T22:27:11.000Z,Ray's Plays
https://www.fantasyguru.com/rays-ramblings-bats-rookies-arms,rays-ramblings-bats-rookies-arms,2025-05-12T21:36:20.000Z,Ray's Ramblings
https://www.fantasyguru.com/mlb-dfs-breakdown-5-12-2025,mlb-dfs-breakdown-5-12-2025,2025-05-12T16:50:34.000Z,MLB DFS Breakdown
https://www.fantasyguru.com/mlb-weekly-planner-week-8-2025,mlb-weekly-planner-week-8-2025,2025-05-11T19:07:01.000Z,
https://www.fantasyguru.com/2025-mlb-faab-values-week-7,2025-mlb-faab-values-week-7,2025-05-11T18:41:07.000Z,
https://www.fantasyguru.com/2025-mlb-weekly-planner-week-7,2025-mlb-weekly-planner-week-7,2025-05-11T15:47:30.000Z,
https://www.fantasyguru.com/mlb-dfs-breakdown-5-11-2025,mlb-dfs-breakdown-5-11-2025,2025-05-11T15:00:21.000Z,MLB DFS Breakdown
https://www.fantasyguru.com/mlb-dfs-breakdown-5-10-2025,mlb-dfs-breakdown-5-10-2025,2025-05-10T16:55:19.000Z,MLB DFS Breakdown
https://www.fantasyguru.com/mlb-dfs-breakdown-5-9-2025,mlb-dfs-breakdown-5-9-2025,2025-05-09T19:36:17.000Z,MLB DFS Breakdown
https://www.fantasyguru.com/rays-plays-may-9th-2025,rays-plays-may-9th-2025,2025-05-09T19:14:25.000Z,Ray's Plays
https://www.fantasyguru.com/2025-umpire-report-week-7-weekend-strike-zone,2025-umpire-report-week-7-weekend-strike-zone,2025-05-08T23:33:47.000Z,MLB Umpire Report
https://www.fantasyguru.com/mlb-dfs-breakdown-5-8-2025,mlb-dfs-breakdown-5-8-2025,2025-05-08T18:53:11.000Z,MLB DFS Breakdown
https://www.fantasyguru.com/rays-plays-may-7th-2025,rays-plays-may-7th-2025,2025-05-08T00:07:44.000Z,Ray's Plays
https://www.fantasyguru.com/mlb-dfs-breakdown-5-7-2025,mlb-dfs-breakdown-5-7-2025,2025-05-07T18:51:38.000Z,MLB DFS Breakdown
https://www.fantasyguru.com/mlb-dfs-early-slate-breakdown-5-7-2025,mlb-dfs-early-slate-breakdown-5-7-2025,2025-05-07T15:20:02.000Z,
https://www.fantasyguru.com/rays-plays-may-6th-2025,rays-plays-may-6th-2025,2025-05-06T23:12:49.000Z,Ray's Plays
https://www.fantasyguru.com/mlb-dfs-breakdown-5-6-2025,mlb-dfs-breakdown-5-6-2025,2025-05-06T22:21:30.000Z,MLB DFS Breakdown
https://www.fantasyguru.com/2025-umpire-report-week-7-midweek-strike-zone,2025-umpire-report-week-7-midweek-strike-zone,2025-05-05T22:40:10.000Z,MLB Umpire Report
https://www.fantasyguru.com/rays-ramblings-happy-cinco-de-mayo-2025,rays-ramblings-happy-cinco-de-mayo-2025,2025-05-05T22:23:08.000Z,Ray's Ramblings
https://www.fantasyguru.com/rays-plays-may-5th-2025,rays-plays-may-5th-2025,2025-05-05T20:15:13.000Z,Ray's Plays
https://www.fantasyguru.com/mlb-dfs-breakdown-5-5-2025,mlb-dfs-breakdown-5-5-2025,2025-05-05T18:55:03.000Z,MLB DFS Breakdown
https://www.fantasyguru.com/mlb-dfs-breakdown-5-4-2025,mlb-dfs-breakdown-5-4-2025,2025-05-04T15:35:03.000Z,MLB DFS Breakdown
https://www.fantasyguru.com/mlb-dfs-breakdown-5-3-2025,mlb-dfs-breakdown-5-3-2025,2025-05-03T19:53:26.000Z,MLB DFS Breakdown
https://www.fantasyguru.com/2025-mlb-faab-values-week-6,2025-mlb-faab-values-week-6,2025-05-03T14:46:05.000Z,
https://www.fantasyguru.com/mlb-dfs-breakdown-5-2-2025,mlb-dfs-breakdown-5-2-2025,2025-05-02T22:38:59.000Z,MLB DFS Breakdown
https://www.fantasyguru.com/rays-plays-may-2nd-2025,rays-plays-may-2nd-2025,2025-05-02T21:07:07.000Z,Ray's Plays
https://www.fantasyguru.com/2025-umpire-report-week-6-weekend-strike-zone,2025-umpire-report-week-6-weekend-strike-zone,2025-05-02T03:54:10.000Z,MLB Umpire Report
https://www.fantasyguru.com/mlb-dfs-breakdown-5-1-2025,mlb-dfs-breakdown-5-1-2025,2025-05-01T16:36:13.000Z,MLB DFS Breakdown
https://www.fantasyguru.com/rays-plays-april-30th-2025,rays-plays-april-30th-2025,2025-04-30T19:35:25.000Z,Ray's Plays
https://www.fantasyguru.com/mlb-dfs-breakdown-4-30-2025,mlb-dfs-breakdown-4-30-2025,2025-04-30T18:55:24.000Z,MLB DFS Breakdown
https://www.fantasyguru.com/mlb-dfs-early-slate-breakdown-4-30-2025,mlb-dfs-early-slate-breakdown-4-30-2025,2025-04-30T17:38:56.000Z,
https://www.fantasyguru.com/mlb-dfs-breakdown-4-29-2025,mlb-dfs-breakdown-4-29-2025,2025-04-29T22:13:51.000Z,MLB DFS Breakdown
https://www.fantasyguru.com/rays-plays-april-29th-2025,rays-plays-april-29th-2025,2025-04-29T21:36:00.000Z,Ray's Plays
https://www.fantasyguru.com/2025-umpire-report-week-6-midweek-strike-zone,2025-umpire-report-week-6-midweek-strike-zone,2025-04-28T21:52:39.000Z,MLB Umpire Report
https://www.fantasyguru.com/mlb-dfs-breakdown-4-28-2025,mlb-dfs-breakdown-4-28-2025,2025-04-28T21:02:10.000Z,MLB DFS Breakdown
https://www.fantasyguru.com/rays-plays-april-28th-2025,rays-plays-april-28th-2025,2025-04-28T20:04:53.000Z,Ray's Plays
https://www.fantasyguru.com/rays-ramblings-april-28th-hurler-check-in,rays-ramblings-april-28th-hurler-check-in,2025-04-28T15:10:33.000Z,Ray's Ramblings
https://www.fantasyguru.com/2025-mlb-weekly-planner-week-6,2025-mlb-weekly-planner-week-6,2025-04-27T16:32:50.000Z,
https://www.fantasyguru.com/2025-mlb-weekly-planner-week-5,2025-mlb-weekly-planner-week-5,2025-04-27T15:55:13.000Z,
https://www.fantasyguru.com/mlb-dfs-breakdown-4-27-2025,mlb-dfs-breakdown-4-27-2025,2025-04-27T15:47:44.000Z,MLB DFS Breakdown
https://www.fantasyguru.com/cowboys-dallas-signing-rivaldo-fairweather,cowboys-dallas-signing-rivaldo-fairweather,2025-04-27T02:55:05.000Z,
https://www.fantasyguru.com/2025-mlb-faab-values-week-5,2025-mlb-faab-values-week-5,2025-04-26T17:30:13.000Z,
https://www.fantasyguru.com/mlb-dfs-breakdown-4-26-2025,mlb-dfs-breakdown-4-26-2025,2025-04-26T15:07:38.000Z,MLB DFS Breakdown
https://www.fantasyguru.com/2025-the-closer-grid-april-25,2025-the-closer-grid-april-25,2025-04-25T19:04:39.000Z,
https://www.fantasyguru.com/rays-plays-april-25-2025,rays-plays-april-25-2025,2025-04-25T18:45:31.000Z,Ray's Plays
https://www.fantasyguru.com/mlb-dfs-breakdown-4-25-2025,mlb-dfs-breakdown-4-25-2025,2025-04-25T18:07:07.000Z,MLB DFS Breakdown
https://www.fantasyguru.com/2025-umpire-report-week-5-weekend-strike-zone,2025-umpire-report-week-5-weekend-strike-zone,2025-04-25T11:30:29.000Z,MLB Umpire Report
https://www.fantasyguru.com/rays-ramblings-the-steal-and-hitters,rays-ramblings-the-steal-and-hitters,2025-04-24T19:02:05.000Z,Ray's Ramblings
https://www.fantasyguru.com/mlb-dfs-breakdown-4-24-2025,mlb-dfs-breakdown-4-24-2025,2025-04-24T16:08:40.000Z,MLB DFS Breakdown
https://www.fantasyguru.com/rays-plays-april-23rd-2025,rays-plays-april-23rd-2025,2025-04-23T17:31:41.000Z,Ray's Plays
https://www.fantasyguru.com/mlb-dfs-breakdown-4-23-2025,mlb-dfs-breakdown-4-23-2025,2025-04-23T17:25:31.000Z,MLB DFS Breakdown
https://www.fantasyguru.com/mlb-dfs-early-slate-breakdown-4-23-2025,mlb-dfs-early-slate-breakdown-4-23-2025,2025-04-23T15:29:23.000Z,
https://www.fantasyguru.com/mlb-dfs-breakdown-4-22-2025,mlb-dfs-breakdown-4-22-2025,2025-04-23T10:16:49.000Z,MLB DFS Breakdown
https://www.fantasyguru.com/rays-plays-april-22nd-2025,rays-plays-april-22nd-2025,2025-04-22T22:29:57.000Z,Ray's Plays
https://www.fantasyguru.com/rays-ramblings-week-5-of-mlb-2025,rays-ramblings-week-5-of-mlb-2025,2025-04-22T20:54:43.000Z,Ray's Ramblings
https://www.fantasyguru.com/rays-plays-april-21st-2025,rays-plays-april-21st-2025,2025-04-22T00:05:28.000Z,Ray's Plays
https://www.fantasyguru.com/mlb-dfs-breakdown-4-21-2025,mlb-dfs-breakdown-4-21-2025,2025-04-21T22:02:34.000Z,MLB DFS Breakdown
https://www.fantasyguru.com/2025-umpire-report-week-5-midweek-strike-zone,2025-umpire-report-week-5-midweek-strike-zone,2025-04-21T20:46:08.000Z,MLB Umpire Report
https://www.fantasyguru.com/mlb-dfs-breakdown-4-20-2025,mlb-dfs-breakdown-4-20-2025,2025-04-21T15:06:11.000Z,MLB DFS Breakdown
https://www.fantasyguru.com/2025-mlb-weekly-planner-week-4,2025-mlb-weekly-planner-week-4,2025-04-20T16:01:15.000Z,
https://www.fantasyguru.com/2025-mlb-faab-values-week-4,2025-mlb-faab-values-week-4,2025-04-19T17:27:38.000Z,
https://www.fantasyguru.com/2025-mlb-faab-values-week-3,2025-mlb-faab-values-week-3,2025-04-19T16:20:21.000Z,
https://www.fantasyguru.com/2025-mlb-faab-values-week-2,2025-mlb-faab-values-week-2,2025-04-19T16:17:49.000Z,
https://www.fantasyguru.com/mlb-dfs-breakdown-4-19-2025,mlb-dfs-breakdown-4-19-2025,2025-04-19T15:11:57.000Z,MLB DFS Breakdown
https://www.fantasyguru.com/rays-ramblings-april-2025-walk-rates,rays-ramblings-april-2025-walk-rates,2025-04-18T23:00:40.000Z,Ray's Ramblings
https://www.fantasyguru.com/rays-plays-april-18th-2025,rays-plays-april-18th-2025,2025-04-18T19:18:57.000Z,Ray's Plays
https://www.fantasyguru.com/mlb-dfs-breakdown-4-18-2025,mlb-dfs-breakdown-4-18-2025,2025-04-18T18:16:30.000Z,MLB DFS Breakdown
https://www.fantasyguru.com/2025-umpire-report-week-4-weekend-strike-zone,2025-umpire-report-week-4-weekend-strike-zone,2025-04-17T23:37:37.000Z,MLB Umpire Report
https://www.fantasyguru.com/rays-plays-april-17th-2025,rays-plays-april-17th-2025,2025-04-17T21:52:58.000Z,Ray's Plays
https://www.fantasyguru.com/mlb-dfs-breakdown-4-17-2025,mlb-dfs-breakdown-4-17-2025,2025-04-17T19:10:04.000Z,MLB DFS Breakdown
https://www.fantasyguru.com/mlb-dfs-breakdown-4-16-2025,mlb-dfs-breakdown-4-16-2025,2025-04-16T18:50:36.000Z,MLB DFS Breakdown
https://www.fantasyguru.com/rays-plays-april-16th-2025,rays-plays-april-16th-2025,2025-04-16T17:30:34.000Z,Ray's Plays
https://www.fantasyguru.com/mlb-dfs-early-slate-breakdown-4-16-2025,mlb-dfs-early-slate-breakdown-4-16-2025,2025-04-16T15:59:40.000Z,
https://www.fantasyguru.com/rays-plays-april-15th-2025,rays-plays-april-15th-2025,2025-04-15T21:45:53.000Z,Ray's Plays
https://www.fantasyguru.com/rays-ramblings-april-15th-hurlers,rays-ramblings-april-15th-hurlers,2025-04-15T21:38:40.000Z,Ray's Ramblings
https://www.fantasyguru.com/rays-ramblings-starting-mlb-week-4,rays-ramblings-starting-mlb-week-4,2025-04-15T15:22:47.000Z,Ray's Ramblings
https://www.fantasyguru.com/mlb-dfs-breakdown-4-15-2025,mlb-dfs-breakdown-4-15-2025,2025-04-15T15:01:51.000Z,MLB DFS Breakdown
https://www.fantasyguru.com/rays-plays-april-14th-2025,rays-plays-april-14th-2025,2025-04-14T23:25:01.000Z,Ray's Plays
https://www.fantasyguru.com/mlb-dfs-breakdown-4-14-2025,mlb-dfs-breakdown-4-14-2025,2025-04-14T21:47:30.000Z,MLB DFS Breakdown
https://www.fantasyguru.com/2025-umpire-report-week-4-midweek-strike-zone,2025-umpire-report-week-4-midweek-strike-zone,2025-04-14T19:31:52.000Z,MLB Umpire Report
https://www.fantasyguru.com/2025-umpire-report-week-3-weekend-strike-zone,2025-umpire-report-week-3-weekend-strike-zone,2025-04-14T19:04:12.000Z,MLB Umpire Report
https://www.fantasyguru.com/2025-mlb-weekly-planner-week-3,2025-mlb-weekly-planner-week-3,2025-04-13T17:41:04.000Z,
https://www.fantasyguru.com/mlb-dfs-breakdown-4-13-2025,mlb-dfs-breakdown-4-13-2025,2025-04-13T14:40:02.000Z,MLB DFS Breakdown
https://www.fantasyguru.com/mlb-dfs-breakdown-4-12-2025,mlb-dfs-breakdown-4-12-2025,2025-04-12T16:39:20.000Z,MLB DFS Breakdown
https://www.fantasyguru.com/rays-plays-april-4-2025,rays-plays-april-4-2025,2025-04-12T15:05:42.000Z,Ray's Plays
https://www.fantasyguru.com/rays-plays-april-7th-2025,rays-plays-april-7th-2025,2025-04-12T15:04:50.000Z,Ray's Plays
https://www.fantasyguru.com/rays-plays-april-8th-2025,rays-plays-april-8th-2025,2025-04-12T15:04:07.000Z,Ray's Plays
https://www.fantasyguru.com/rays-plays-april-9th-2025,rays-plays-april-9th-2025,2025-04-12T15:03:35.000Z,Ray's Plays
https://www.fantasyguru.com/mlb-dfs-breakdown-4-11-2025,mlb-dfs-breakdown-4-11-2025,2025-04-11T21:56:59.000Z,MLB DFS Breakdown
https://www.fantasyguru.com/rays-plays-april-11th-2025,rays-plays-april-11th-2025,2025-04-11T21:03:00.000Z,Ray's Plays
https://www.fantasyguru.com/rays-ramblings-april-10th-pitching-news,rays-ramblings-april-10th-pitching-news,2025-04-10T20:24:23.000Z,Ray's Ramblings
https://www.fantasyguru.com/mlb-dfs-breakdown-4-10-2025,mlb-dfs-breakdown-4-10-2025,2025-04-10T15:17:12.000Z,MLB DFS Breakdown
https://www.fantasyguru.com/mlb-dfs-breakdown-4-9-2025,mlb-dfs-breakdown-4-9-2025,2025-04-09T18:08:12.000Z,MLB DFS Breakdown
https://www.fantasyguru.com/mlb-dfs-early-slate-breakdown-4-9-2025,mlb-dfs-early-slate-breakdown-4-9-2025,2025-04-09T16:13:36.000Z,
https://www.fantasyguru.com/2025-the-closer-grid-april-8-2025,2025-the-closer-grid-april-8-2025,2025-04-08T15:01:08.000Z,
https://www.fantasyguru.com/mlb-dfs-breakdown-4-8-2025,mlb-dfs-breakdown-4-8-2025,2025-04-08T14:18:08.000Z,MLB DFS Breakdown
https://www.fantasyguru.com/rays-ramblings-april-7th-monday-madness,rays-ramblings-april-7th-monday-madness,2025-04-08T12:46:43.000Z,Ray's Ramblings
https://www.fantasyguru.com/2025-umpire-report-week-3-midweek-strike-zone,2025-umpire-report-week-3-midweek-strike-zone,2025-04-08T01:05:25.000Z,MLB Umpire Report
https://www.fantasyguru.com/mlb-dfs-breakdown-4-7-2025,mlb-dfs-breakdown-4-7-2025,2025-04-07T21:05:05.000Z,MLB DFS Breakdown
https://www.fantasyguru.com/mlb-weekly-planner-week-2,mlb-weekly-planner-week-2,2025-04-06T22:53:01.000Z,
https://www.fantasyguru.com/mlb-dfs-breakdown-4-6-2025,mlb-dfs-breakdown-4-6-2025,2025-04-06T15:48:13.000Z,MLB DFS Breakdown
https://www.fantasyguru.com/mlb-dfs-breakdown-3-31-2025,mlb-dfs-breakdown-3-31-2025,2025-04-06T14:01:20.000Z,MLB DFS Breakdown
https://www.fantasyguru.com/mlb-dfs-breakdown-4-5-2025,mlb-dfs-breakdown-4-5-2025,2025-04-05T17:25:54.000Z,MLB DFS Breakdown
https://www.fantasyguru.com/mlb-dfs-breakdown-4-4-2025,mlb-dfs-breakdown-4-4-2025,2025-04-04T19:14:08.000Z,MLB DFS Breakdown
https://www.fantasyguru.com/2025-umpire-report-week-2-weekend-strike-zone,2025-umpire-report-week-2-weekend-strike-zone,2025-04-04T12:03:13.000Z,MLB Umpire Report
https://www.fantasyguru.com/rays-ramblings-mlb-cold-starts,rays-ramblings-mlb-cold-starts,2025-04-03T20:33:16.000Z,Ray's Ramblings
https://www.fantasyguru.com/rays-ramblings-players-in-the-news-2025,rays-ramblings-players-in-the-news-2025,2025-04-03T18:28:32.000Z,Ray's Ramblings
https://www.fantasyguru.com/mlb-dfs-breakdown-4-2-2025,mlb-dfs-breakdown-4-2-2025,2025-04-02T19:23:35.000Z,MLB DFS Breakdown
https://www.fantasyguru.com/rays-ramblings-april-2nd-players-in-the-news,rays-ramblings-april-2nd-players-in-the-news,2025-04-02T17:01:30.000Z,Ray's Ramblings
https://www.fantasyguru.com/mlb-dfs-early-slate-breakdown-4-2-2025,mlb-dfs-early-slate-breakdown-4-2-2025,2025-04-02T16:00:27.000Z,
https://www.fantasyguru.com/2025-umpire-report-week-2-midweek-strike-zone,2025-umpire-report-week-2-midweek-strike-zone,2025-04-02T03:43:34.000Z,MLB Umpire Report
https://www.fantasyguru.com/2025-umpire-report-week-1-weekend-strike-zone,2025-umpire-report-week-1-weekend-strike-zone,2025-04-02T03:42:57.000Z,MLB Umpire Report
https://www.fantasyguru.com/2025-umpire-cheat-sheet,2025-umpire-cheat-sheet,2025-04-02T03:42:26.000Z,MLB Umpire Report
https://www.fantasyguru.com/rays-plays-april-1-2025,rays-plays-april-1-2025,2025-04-01T20:57:53.000Z,Ray's Plays
https://www.fantasyguru.com/mlb-dfs-early-slate-breakdown-8-7-2024,mlb-dfs-early-slate-breakdown-8-7-2024,2025-04-01T14:28:42.000Z,
https://www.fantasyguru.com/mlb-dfs-breakdown-4-1-2025,mlb-dfs-breakdown-4-1-2025,2025-04-01T14:19:43.000Z,MLB DFS Breakdown
https://www.fantasyguru.com/rays-plays-march-31-2025,rays-plays-march-31-2025,2025-03-31T17:21:46.000Z,Ray's Plays
https://www.fantasyguru.com/rays-ramblings-mlb-sample-size-talk,rays-ramblings-mlb-sample-size-talk,2025-03-30T22:20:17.000Z,Ray's Ramblings
https://www.fantasyguru.com/2025-mlb-points-league-rankings,2025-mlb-points-league-rankings,2025-03-30T22:10:27.000Z,
https://www.fantasyguru.com/2025-mlb-faab-values-week-1,2025-mlb-faab-values-week-1,2025-03-30T16:39:15.000Z,
https://www.fantasyguru.com/mlb-dfs-breakdown-3-30-2025,mlb-dfs-breakdown-3-30-2025,2025-03-30T15:39:55.000Z,MLB DFS Breakdown
https://www.fantasyguru.com/mlb-dfs-breakdown-3-28-2025,mlb-dfs-breakdown-3-28-2025,2025-03-30T14:44:18.000Z,MLB DFS Breakdown
https://www.fantasyguru.com/mlb-dfs-breakdown-3-27-2025,mlb-dfs-breakdown-3-27-2025,2025-03-30T14:43:37.000Z,MLB DFS Breakdown
https://www.fantasyguru.com/mlb-dfs-breakdown-3-29-2025,mlb-dfs-breakdown-3-29-2025,2025-03-29T20:53:26.000Z,MLB DFS Breakdown
https://www.fantasyguru.com/rays-ramblings-2025-day-one-report,rays-ramblings-2025-day-one-report,2025-03-29T01:17:28.000Z,Ray's Ramblings
https://www.fantasyguru.com/rays-plays-march-28-2025,rays-plays-march-28-2025,2025-03-28T18:52:01.000Z,Ray's Plays
https://www.fantasyguru.com/2025-mlb-draft-book,2025-mlb-draft-book,2025-03-27T19:58:55.000Z,
https://www.fantasyguru.com/2025-mlb-relievers-to-avoid,2025-mlb-relievers-to-avoid,2025-03-27T19:02:08.000Z,
https://www.fantasyguru.com/rays-ramblings-mlb-in-2025,rays-ramblings-mlb-in-2025,2025-03-27T17:44:48.000Z,Ray's Ramblings
https://www.fantasyguru.com/2025-the-closer-grid-preseason,2025-the-closer-grid-preseason,2025-03-26T18:57:32.000Z,
https://www.fantasyguru.com/rays-rundown-3-22-top-50-pitchers,rays-rundown-3-22-top-50-pitchers,2025-03-24T15:59:46.000Z,
https://www.fantasyguru.com/rays-rundown-3-23-top-50-hitters,rays-rundown-3-23-top-50-hitters,2025-03-24T15:58:52.000Z,
https://www.fantasyguru.com/mlb-dfs-strategy-guide-fantasy-guru-edition,mlb-dfs-strategy-guide-fantasy-guru-edition,2025-03-24T14:35:34.000Z,
https://www.fantasyguru.com/jaguars-jacksonville-takes-a-closer-look-at-monaray-baldwin,jaguars-jacksonville-takes-a-closer-look-at-monaray-baldwin,2025-03-21T18:55:07.000Z,
https://www.fantasyguru.com/2025-ncaa-march-madness-bracket-mlbmodel,2025-ncaa-march-madness-bracket-mlbmodel,2025-03-20T14:37:56.000Z,
https://www.fantasyguru.com/2025-mlb-pitchers-to-avoid,2025-mlb-pitchers-to-avoid,2025-03-19T14:55:03.000Z,
https://www.fantasyguru.com/steelers-aaron-rodgers-getting-closer-to-a-decision,steelers-aaron-rodgers-getting-closer-to-a-decision,2025-03-18T19:55:04.000Z,
https://www.fantasyguru.com/should-you-handcuff-closers,should-you-handcuff-closers,2025-03-17T15:59:41.000Z,
https://www.fantasyguru.com/2025-breakout-pitcher-of-the-year,2025-breakout-pitcher-of-the-year,2025-03-14T19:31:59.000Z,
https://www.fantasyguru.com/the-price-is-too-high-pitchers,the-price-is-too-high-pitchers,2025-03-09T20:34:26.000Z,
https://www.fantasyguru.com/mlb-dfs-world-series-breakdown-10-30-2024,mlb-dfs-world-series-breakdown-10-30-2024,2025-03-07T20:36:05.000Z,
https://www.fantasyguru.com/buccaneers-kaevon-merriweather-signs-tender,buccaneers-kaevon-merriweather-signs-tender,2025-03-07T16:55:07.000Z,
https://www.fantasyguru.com/2025-mlb-rookie-scouting-report-hitters,2025-mlb-rookie-scouting-report-hitters,2025-03-04T19:07:47.000Z,Rookie Expectation/Profile
https://www.fantasyguru.com/2025-mlb-top-10-lists,2025-mlb-top-10-lists,2025-03-02T22:06:30.000Z,
https://www.fantasyguru.com/2025-mlb-players-to-avoid,2025-mlb-players-to-avoid,2025-03-02T19:18:22.000Z,
https://www.fantasyguru.com/2025-adp-bargains-pitchers,2025-adp-bargains-pitchers,2025-02-27T18:35:53.000Z,
https://www.fantasyguru.com/2025-cheap-mlb-power,2025-cheap-mlb-power,2025-02-27T18:24:09.000Z,
https://www.fantasyguru.com/rays-ramblings-changes-in-2025,rays-ramblings-changes-in-2025,2025-02-26T18:39:08.000Z,Ray's Ramblings
https://www.fantasyguru.com/2025-mlb-free-agents,2025-mlb-free-agents,2025-02-23T17:01:43.000Z,
https://www.fantasyguru.com/2025-mlb-dynasty-league-rankings,2025-mlb-dynasty-league-rankings,2025-02-22T18:03:13.000Z,Dynasty
https://www.fantasyguru.com/underdog-mlb-best-ball-mid-round-hitters-and-pitchers,underdog-mlb-best-ball-mid-round-hitters-and-pitchers,2025-02-17T16:17:32.000Z,Best Ball
https://www.fantasyguru.com/2024-review-k-bb-hitters,2024-review-k-bb-hitters,2025-02-16T17:55:00.000Z,
https://www.fantasyguru.com/2025-mlb-relievers-to-target,2025-mlb-relievers-to-target,2025-02-13T16:44:55.000Z,
https://www.fantasyguru.com/2025-mlb-pitchers-to-target,2025-mlb-pitchers-to-target,2025-02-13T15:43:50.000Z,
https://www.fantasyguru.com/2025-mlb-history-of-the-1st-round,2025-mlb-history-of-the-1st-round,2025-02-12T22:13:32.000Z,
https://www.fantasyguru.com/2025-mlb-players-to-target,2025-mlb-players-to-target,2025-02-12T15:57:00.000Z,
https://www.fantasyguru.com/2024-review-swip-strikeouts-walks,2024-review-swip-strikeouts-walks,2025-02-10T15:54:44.000Z,
https://www.fantasyguru.com/2025-categories-to-add-in-fantasy-baseball,2025-categories-to-add-in-fantasy-baseball,2025-02-07T18:55:01.000Z,
https://www.fantasyguru.com/2025-building-the-perfect-pitcher,2025-building-the-perfect-pitcher,2025-02-05T16:30:10.000Z,
https://www.fantasyguru.com/2025-building-the-perfect-hitter,2025-building-the-perfect-hitter,2025-02-05T16:22:20.000Z,
https://www.fantasyguru.com/2024-review-matrix-of-leadership-pitchers,2024-review-matrix-of-leadership-pitchers,2025-02-05T15:59:17.000Z,
https://www.fantasyguru.com/2024-review-matrix-of-leadership-hitters,2024-review-matrix-of-leadership-hitters,2025-02-04T15:54:04.000Z,
https://www.fantasyguru.com/2025-mlb-rookie-scouting-report-pitchers,2025-mlb-rookie-scouting-report-pitchers,2025-01-30T16:52:56.000Z,Rookie Expectation/Profile
https://www.fantasyguru.com/h2h-baseball-winning-tips-2025,h2h-baseball-winning-tips-2025,2025-01-29T16:13:57.000Z,
https://www.fantasyguru.com/mlb-best-ball-a-guide-for-2025,mlb-best-ball-a-guide-for-2025,2025-01-28T20:10:00.000Z,Best Ball
https://www.fantasyguru.com/fantasy-baseball-projection-models-in-2025,fantasy-baseball-projection-models-in-2025,2025-01-22T15:34:54.000Z,
https://www.fantasyguru.com/saints-poor-weather-postpones-new-orleans-interviews,saints-poor-weather-postpones-new-orleans-interviews,2025-01-21T22:55:11.000Z,
https://www.fantasyguru.com/2024-review-pitchers-workloads,2024-review-pitchers-workloads,2025-01-21T16:38:52.000Z,
https://www.fantasyguru.com/2025-mlb-speed-grades,2025-mlb-speed-grades,2025-01-20T23:35:42.000Z,
https://www.fantasyguru.com/clays-corner-mlb-draft-guide-and-mystery-snack-with-ray-flowers,clays-corner-mlb-draft-guide-and-mystery-snack-with-ray-flowers,2025-01-18T20:54:11.000Z,
https://www.fantasyguru.com/2025-the-history-of-mlb-rookie-production,2025-the-history-of-mlb-rookie-production,2025-01-17T18:56:45.000Z,Rookie Expectation/Profile
https://www.fantasyguru.com/2025-mlb-rankings-per-category-pitchers,2025-mlb-rankings-per-category-pitchers,2025-01-14T16:04:31.000Z,MLB Rankings/ADP
https://www.fantasyguru.com/2025-mlb-rankings-per-category-hitters,2025-mlb-rankings-per-category-hitters,2025-01-14T15:56:49.000Z,MLB Rankings/ADP
https://www.fantasyguru.com/welcome-to-the-2025-fantasy-baseball-product,welcome-to-the-2025-fantasy-baseball-product,2025-01-13T15:58:43.000Z,
https://www.fantasyguru.com/how-to-analyze-a-pitcher-year-8,how-to-analyze-a-pitcher-year-8,2025-01-06T19:05:29.000Z,
https://www.fantasyguru.com/how-to-analyze-a-hitter-year-8,how-to-analyze-a-hitter-year-8,2025-01-06T19:03:57.000Z,
https://www.fantasyguru.com/chargers-kristian-fulton-under-the-weather,chargers-kristian-fulton-under-the-weather,2025-01-06T04:55:24.000Z,
https://www.fantasyguru.com/2025-mlbs-biggest-questions-answered,2025-mlbs-biggest-questions-answered,2025-01-02T20:52:42.000Z,
https://www.fantasyguru.com/what-is-wrong-with-fantasy-baseball-in-2025,what-is-wrong-with-fantasy-baseball-in-2025,2025-01-02T20:32:37.000Z,
https://www.fantasyguru.com/2025-mlb-positional-qualifications,2025-mlb-positional-qualifications,2025-01-02T19:35:48.000Z,
https://www.fantasyguru.com/2025-mlb-pitching-qualifications,2025-mlb-pitching-qualifications,2025-01-02T19:34:12.000Z,
https://www.fantasyguru.com/2025-mlb-sabermetric-primer,2025-mlb-sabermetric-primer,2025-01-02T19:29:22.000Z,
https://www.fantasyguru.com/49ers-ricky-pearsall-under-the-weather,49ers-ricky-pearsall-under-the-weather,2025-01-02T03:55:06.000Z,
https://www.fantasyguru.com/packers-ellis-merriweather-lands-on-ir,packers-ellis-merriweather-lands-on-ir,2024-12-25T02:55:05.000Z,
https://www.fantasyguru.com/broncos-tyler-badie-inching-closer-to-a-return,broncos-tyler-badie-inching-closer-to-a-return,2024-12-24T22:55:07.000Z,
https://www.fantasyguru.com/my-life-in-baseball,my-life-in-baseball,2024-12-23T15:54:14.000Z,
https://www.fantasyguru.com/buccaneers-kaevon-merriweather-nursing-knee-injury,buccaneers-kaevon-merriweather-nursing-knee-injury,2024-12-23T04:55:10.000Z,
https://www.fantasyguru.com/week-16-weather-notes,week-16-weather-notes,2024-12-20T04:04:32.000Z,
https://www.fantasyguru.com/best-fantasy-baseball-seasons-ever-hitters,best-fantasy-baseball-seasons-ever-hitters,2024-12-17T16:25:22.000Z,
https://www.fantasyguru.com/best-fantasy-baseball-seasons-ever-pitchers,best-fantasy-baseball-seasons-ever-pitchers,2024-12-17T16:24:34.000Z,
https://www.fantasyguru.com/the-all-time-best-baseball-video-games-players,the-all-time-best-baseball-video-games-players,2024-12-05T16:33:24.000Z,
https://www.fantasyguru.com/giants-dyontae-johnson-one-step-closer-to-return,giants-dyontae-johnson-one-step-closer-to-return,2024-12-05T07:55:07.000Z,
https://www.fantasyguru.com/buccaneers-kaevon-merriweather-headed-back-to-tampa,buccaneers-kaevon-merriweather-headed-back-to-tampa,2024-12-03T21:55:07.000Z,
https://www.fantasyguru.com/bengals-joe-burrow-unsure-of-wrist-in-cold-weather,bengals-joe-burrow-unsure-of-wrist-in-cold-weather,2024-11-29T14:55:05.000Z,
https://www.fantasyguru.com/rays-ramblings-2024-mlb-awards,rays-ramblings-2024-mlb-awards,2024-11-27T15:35:16.000Z,Ray's Ramblings
https://www.fantasyguru.com/49ers-dre-greenlaw-inching-closer,49ers-dre-greenlaw-inching-closer,2024-11-25T22:55:13.000Z,
https://www.fantasyguru.com/lions-detroit-adds-kaevon-merriweather,lions-detroit-adds-kaevon-merriweather,2024-11-21T06:55:06.000Z,
https://www.fantasyguru.com/buccaneers-kaevon-merriweather-off-roster,buccaneers-kaevon-merriweather-off-roster,2024-11-18T22:55:06.000Z,
https://www.fantasyguru.com/rays-ramblings-november-13th-players-in-the-news,rays-ramblings-november-13th-players-in-the-news,2024-11-12T22:16:49.000Z,Ray's Ramblings
https://www.fantasyguru.com/steelers-ben-skowronek-getting-closer,steelers-ben-skowronek-getting-closer,2024-11-06T18:55:05.000Z,
https://www.fantasyguru.com/rays-ramblings-off-season-player-movement,rays-ramblings-off-season-player-movement,2024-11-05T21:35:05.000Z,Ray's Ramblings
https://www.fantasyguru.com/bears-ryan-bates-inching-closer-to-return,bears-ryan-bates-inching-closer-to-return,2024-10-30T16:55:06.000Z,
https://www.fantasyguru.com/rays-ramblings-world-series-2024,rays-ramblings-world-series-2024,2024-10-30T15:42:05.000Z,Ray's Ramblings
https://www.fantasyguru.com/mlb-dfs-world-series-breakdown-10-29-2024,mlb-dfs-world-series-breakdown-10-29-2024,2024-10-29T21:53:12.000Z,
https://www.fantasyguru.com/mlb-dfs-world-series-breakdown-10-28-2024,mlb-dfs-world-series-breakdown-10-28-2024,2024-10-28T21:34:30.000Z,
https://www.fantasyguru.com/mlb-dfs-world-series-breakdown-10-26-2024,mlb-dfs-world-series-breakdown-10-26-2024,2024-10-28T21:23:48.000Z,
https://www.fantasyguru.com/mlb-dfs-world-series-breakdown-10-25-2024,mlb-dfs-world-series-breakdown-10-25-2024,2024-10-25T07:59:05.000Z,
https://www.fantasyguru.com/ravens-keaton-mitchell-inching-closer-to-return,ravens-keaton-mitchell-inching-closer-to-return,2024-10-23T17:55:08.000Z,
https://www.fantasyguru.com/rays-ramblings-world-series-addition,rays-ramblings-world-series-addition,2024-10-22T23:39:42.000Z,Ray's Ramblings
https://www.fantasyguru.com/jaguars-andrew-wingard-inching-closer-to-return,jaguars-andrew-wingard-inching-closer-to-return,2024-10-22T17:55:07.000Z,
https://www.fantasyguru.com/mlb-dfs-postseason-breakdown-10-18-2024,mlb-dfs-postseason-breakdown-10-18-2024,2024-10-18T19:30:40.000Z,
https://www.fantasyguru.com/mlb-dfs-postseason-breakdown-10-17-2024,mlb-dfs-postseason-breakdown-10-17-2024,2024-10-17T18:45:08.000Z,
https://www.fantasyguru.com/mlb-dfs-postseason-breakdown-10-14-2024,mlb-dfs-postseason-breakdown-10-14-2024,2024-10-17T18:40:19.000Z,
https://www.fantasyguru.com/chargers-dj-chark-closer-to-returning,chargers-dj-chark-closer-to-returning,2024-10-16T19:55:07.000Z,
https://www.fantasyguru.com/mlb-dfs-postseason-showdown-breakdown-10-12-2024,mlb-dfs-postseason-showdown-breakdown-10-12-2024,2024-10-12T15:34:58.000Z,
https://www.fantasyguru.com/mlb-dfs-postseason-showdown-breakdown-10-11-2024,mlb-dfs-postseason-showdown-breakdown-10-11-2024,2024-10-12T14:04:33.000Z,
https://www.fantasyguru.com/mlb-dfs-postseason-breakdown-10-10-2024,mlb-dfs-postseason-breakdown-10-10-2024,2024-10-10T18:03:24.000Z,
https://www.fantasyguru.com/mlb-dfs-postseason-breakdown-10-9-2024,mlb-dfs-postseason-breakdown-10-9-2024,2024-10-09T19:01:00.000Z,
https://www.fantasyguru.com/rays-ramblings-its-playoff-time,rays-ramblings-its-playoff-time,2024-10-08T22:00:55.000Z,Ray's Ramblings
https://www.fantasyguru.com/mlb-dfs-postseason-breakdown-10-8-2024,mlb-dfs-postseason-breakdown-10-8-2024,2024-10-08T19:36:49.000Z,
https://www.fantasyguru.com/cowboys-dallas-taking-a-closer-look-at-denzel-mims,cowboys-dallas-taking-a-closer-look-at-denzel-mims,2024-10-08T18:55:07.000Z,
https://www.fantasyguru.com/mlb-dfs-postseason-breakdown-10-7-2024,mlb-dfs-postseason-breakdown-10-7-2024,2024-10-07T16:45:36.000Z,
https://www.fantasyguru.com/mlb-dfs-postseason-breakdown-10-6-2024,mlb-dfs-postseason-breakdown-10-6-2024,2024-10-06T17:20:05.000Z,
https://www.fantasyguru.com/mlb-dfs-postseason-breakdown-10-5-2024,mlb-dfs-postseason-breakdown-10-5-2024,2024-10-05T15:05:20.000Z,
https://www.fantasyguru.com/mlb-dfs-postseason-showdown-breakdown-10-3-2024,mlb-dfs-postseason-showdown-breakdown-10-3-2024,2024-10-03T17:18:20.000Z,
https://www.fantasyguru.com/rays-ramblings-review-of-top-50-hitters-in-2024,rays-ramblings-review-of-top-50-hitters-in-2024,2024-10-03T16:15:49.000Z,Ray's Ramblings
https://www.fantasyguru.com/mlb-dfs-showdown-breakdown-9-30-2024,mlb-dfs-showdown-breakdown-9-30-2024,2024-10-03T11:50:24.000Z,
https://www.fantasyguru.com/mlb-dfs-postseason-breakdown-10-2-2024,mlb-dfs-postseason-breakdown-10-2-2024,2024-10-02T14:17:35.000Z,
https://www.fantasyguru.com/mlb-dfs-postseason-breakdown-10-1-2024,mlb-dfs-postseason-breakdown-10-1-2024,2024-10-01T17:23:18.000Z,
https://www.fantasyguru.com/rays-ramblings-review-of-top-50-pitchers-in-2024,rays-ramblings-review-of-top-50-pitchers-in-2024,2024-10-01T15:12:52.000Z,Ray's Ramblings
https://www.fantasyguru.com/rams-darious-williams-may-be-closer-to-returning,rams-darious-williams-may-be-closer-to-returning,2024-09-30T22:55:07.000Z,
https://www.fantasyguru.com/mlb-dfs-breakdown-9-28-2024,mlb-dfs-breakdown-9-28-2024,2024-09-28T20:07:56.000Z,MLB DFS Breakdown
https://www.fantasyguru.com/mlb-gpp-breakdown-9-27-2024,mlb-gpp-breakdown-9-27-2024,2024-09-27T20:40:32.000Z,
https://www.fantasyguru.com/mlb-cash-game-breakdown-9-27-2024,mlb-cash-game-breakdown-9-27-2024,2024-09-27T19:43:36.000Z,NFL DFS Breakdown
https://www.fantasyguru.com/2024-umpire-report-week-27-weekend-strike-zone,2024-umpire-report-week-27-weekend-strike-zone,2024-09-27T15:27:25.000Z,MLB Umpire Report
https://www.fantasyguru.com/mlb-gpp-breakdown-9-26-2024,mlb-gpp-breakdown-9-26-2024,2024-09-26T14:57:40.000Z,
https://www.fantasyguru.com/mlb-gpp-breakdown-9-25-2024,mlb-gpp-breakdown-9-25-2024,2024-09-25T19:22:21.000Z,
https://www.fantasyguru.com/mlb-cash-game-breakdown-9-25-2024,mlb-cash-game-breakdown-9-25-2024,2024-09-25T18:47:35.000Z,NFL DFS Breakdown
https://www.fantasyguru.com/rays-ramblings-the-finish-line-is-in-sight,rays-ramblings-the-finish-line-is-in-sight,2024-09-25T17:47:14.000Z,Ray's Ramblings
https://www.fantasyguru.com/2024-umpire-report-week-27-wednesdays-strike-zone,2024-umpire-report-week-27-wednesdays-strike-zone,2024-09-25T15:22:37.000Z,MLB Umpire Report
https://www.fantasyguru.com/mlb-cash-game-breakdown-9-24-2024,mlb-cash-game-breakdown-9-24-2024,2024-09-24T19:26:02.000Z,NFL DFS Breakdown
https://www.fantasyguru.com/mlb-gpp-breakdown-9-24-2024,mlb-gpp-breakdown-9-24-2024,2024-09-24T17:15:55.000Z,
https://www.fantasyguru.com/2024-umpire-report-week-27-tuesdays-strike-zone,2024-umpire-report-week-27-tuesdays-strike-zone,2024-09-24T14:11:18.000Z,MLB Umpire Report
https://www.fantasyguru.com/mlb-gpp-breakdown-9-23-2024,mlb-gpp-breakdown-9-23-2024,2024-09-23T18:08:30.000Z,
https://www.fantasyguru.com/rays-ramblings-hitters-the-final-week,rays-ramblings-hitters-the-final-week,2024-09-23T18:08:10.000Z,Ray's Ramblings
https://www.fantasyguru.com/rays-ramblings-the-final-week-of-2024,rays-ramblings-the-final-week-of-2024,2024-09-23T01:47:06.000Z,Ray's Ramblings
https://www.fantasyguru.com/mlb-dfs-breakdown-9-22-2024,mlb-dfs-breakdown-9-22-2024,2024-09-22T15:45:42.000Z,MLB DFS Breakdown
https://www.fantasyguru.com/mlb-dfs-breakdown-9-21-2024,mlb-dfs-breakdown-9-21-2024,2024-09-21T18:36:43.000Z,MLB DFS Breakdown
https://www.fantasyguru.com/2024-mlb-faab-values-week-27,2024-mlb-faab-values-week-27,2024-09-21T16:09:30.000Z,
https://www.fantasyguru.com/mlb-cash-game-breakdown-9-20-2024,mlb-cash-game-breakdown-9-20-2024,2024-09-20T21:26:05.000Z,NFL DFS Breakdown
https://www.fantasyguru.com/mlb-gpp-breakdown-9-20-2024,mlb-gpp-breakdown-9-20-2024,2024-09-20T17:02:40.000Z,
https://www.fantasyguru.com/2024-umpire-report-week-26-weekend-strike-zone,2024-umpire-report-week-26-weekend-strike-zone,2024-09-20T09:10:29.000Z,MLB Umpire Report
https://www.fantasyguru.com/mlb-cash-game-breakdown-9-19-2024,mlb-cash-game-breakdown-9-19-2024,2024-09-19T22:16:57.000Z,NFL DFS Breakdown
https://www.fantasyguru.com/packers-jordan-love-inching-closer,packers-jordan-love-inching-closer,2024-09-19T18:55:07.000Z,
https://www.fantasyguru.com/mlb-gpp-breakdown-9-19-2024,mlb-gpp-breakdown-9-19-2024,2024-09-19T15:05:07.000Z,
https://www.fantasyguru.com/mlb-gpp-breakdown-9-18-2024,mlb-gpp-breakdown-9-18-2024,2024-09-19T10:44:05.000Z,
https://www.fantasyguru.com/mlb-cash-game-breakdown-9-18-2024,mlb-cash-game-breakdown-9-18-2024,2024-09-18T17:13:37.000Z,NFL DFS Breakdown
https://www.fantasyguru.com/rays-ramblings-a-week-change,rays-ramblings-a-week-change,2024-09-18T15:12:11.000Z,Ray's Ramblings
https://www.fantasyguru.com/mlb-gpp-breakdown-9-10-2024,mlb-gpp-breakdown-9-10-2024,2024-09-18T14:38:08.000Z,
https://www.fantasyguru.com/mlb-gpp-breakdown-9-11-2024,mlb-gpp-breakdown-9-11-2024,2024-09-18T14:37:35.000Z,
https://www.fantasyguru.com/mlb-gpp-breakdown-9-12-2024,mlb-gpp-breakdown-9-12-2024,2024-09-18T14:37:01.000Z,
https://www.fantasyguru.com/mlb-gpp-breakdown-9-13-2024,mlb-gpp-breakdown-9-13-2024,2024-09-18T14:36:17.000Z,
https://www.fantasyguru.com/mlb-gpp-breakdown-9-16-2024,mlb-gpp-breakdown-9-16-2024,2024-09-18T14:35:23.000Z,
https://www.fantasyguru.com/mlb-gpp-breakdown-9-17-2024,mlb-gpp-breakdown-9-17-2024,2024-09-18T14:34:46.000Z,
https://www.fantasyguru.com/2024-umpire-report-week-26-wednesdays-strike-zone,2024-umpire-report-week-26-wednesdays-strike-zone,2024-09-18T13:56:44.000Z,MLB Umpire Report
https://www.fantasyguru.com/mlb-cash-game-breakdown-9-16-2024-2,mlb-cash-game-breakdown-9-16-2024-2,2024-09-17T19:00:27.000Z,NFL DFS Breakdown
https://www.fantasyguru.com/2024-umpire-report-week-26-tuesdays-strike-zone,2024-umpire-report-week-26-tuesdays-strike-zone,2024-09-17T13:30:44.000Z,MLB Umpire Report
https://www.fantasyguru.com/mlb-cash-game-breakdown-9-16-2024,mlb-cash-game-breakdown-9-16-2024,2024-09-16T19:35:35.000Z,NFL DFS Breakdown
https://www.fantasyguru.com/2024-umpire-report-week-26-mondays-strike-zone,2024-umpire-report-week-26-mondays-strike-zone,2024-09-16T17:27:05.000Z,MLB Umpire Report
https://www.fantasyguru.com/mlb-dfs-breakdown-9-15-2024,mlb-dfs-breakdown-9-15-2024,2024-09-15T13:01:46.000Z,MLB DFS Breakdown
https://www.fantasyguru.com/mlb-dfs-breakdown-9-14-2024,mlb-dfs-breakdown-9-14-2024,2024-09-14T19:48:57.000Z,MLB DFS Breakdown
https://www.fantasyguru.com/2024-mlb-faab-values-week-26,2024-mlb-faab-values-week-26,2024-09-14T18:00:46.000Z,
https://www.fantasyguru.com/mlb-cash-game-breakdown-9-13-2024,mlb-cash-game-breakdown-9-13-2024,2024-09-13T19:05:03.000Z,NFL DFS Breakdown
https://www.fantasyguru.com/mlb-gpp-breakdown-9-9-2024,mlb-gpp-breakdown-9-9-2024,2024-09-13T18:02:17.000Z,
https://www.fantasyguru.com/mlb-cash-game-breakdown-9-11-2024,mlb-cash-game-breakdown-9-11-2024,2024-09-13T18:00:56.000Z,NFL DFS Breakdown
https://www.fantasyguru.com/2024-umpire-report-week-25-weekend-strike-zone,2024-umpire-report-week-25-weekend-strike-zone,2024-09-13T13:21:13.000Z,MLB Umpire Report
https://www.fantasyguru.com/mlb-cash-game-breakdown-9-12-2024,mlb-cash-game-breakdown-9-12-2024,2024-09-12T19:24:07.000Z,NFL DFS Breakdown
https://www.fantasyguru.com/2024-umpire-report-week-24-weekend-strike-zone,2024-umpire-report-week-24-weekend-strike-zone,2024-09-12T17:31:34.000Z,MLB Umpire Report
https://www.fantasyguru.com/2024-umpire-report-week-25-wednesdays-strike-zone,2024-umpire-report-week-25-wednesdays-strike-zone,2024-09-11T14:59:18.000Z,MLB Umpire Report
https://www.fantasyguru.com/rays-ramblings-just-a-few-weeks-left,rays-ramblings-just-a-few-weeks-left,2024-09-11T14:50:05.000Z,Ray's Ramblings
https://www.fantasyguru.com/mlb-cash-game-breakdown-9-10-2024,mlb-cash-game-breakdown-9-10-2024,2024-09-10T21:18:07.000Z,NFL DFS Breakdown
https://www.fantasyguru.com/2024-umpire-report-week-25-tuesdays-strike-zone,2024-umpire-report-week-25-tuesdays-strike-zone,2024-09-10T08:39:08.000Z,MLB Umpire Report
https://www.fantasyguru.com/2024-umpire-report-week-25-mondays-strike-zone,2024-umpire-report-week-25-mondays-strike-zone,2024-09-09T19:44:49.000Z,MLB Umpire Report
https://www.fantasyguru.com/mlb-cash-game-breakdown-9-9-2024,mlb-cash-game-breakdown-9-9-2024,2024-09-09T18:50:19.000Z,NFL DFS Breakdown
https://www.fantasyguru.com/2024-mlb-faab-values-week-25,2024-mlb-faab-values-week-25,2024-09-08T11:23:31.000Z,
https://www.fantasyguru.com/mlb-planner-week-25,mlb-planner-week-25,2024-09-07T18:59:07.000Z,
https://www.fantasyguru.com/mlb-dfs-breakdown-9-7-2024,mlb-dfs-breakdown-9-7-2024,2024-09-07T18:23:34.000Z,MLB DFS Breakdown
https://www.fantasyguru.com/mlb-cash-game-breakdown-9-6-2024,mlb-cash-game-breakdown-9-6-2024,2024-09-06T21:48:31.000Z,NFL DFS Breakdown
https://www.fantasyguru.com/mlb-gpp-breakdown-9-6-2024,mlb-gpp-breakdown-9-6-2024,2024-09-06T20:00:43.000Z,
https://www.fantasyguru.com/mlb-cash-game-breakdown-9-5-2024,mlb-cash-game-breakdown-9-5-2024,2024-09-05T20:11:55.000Z,NFL DFS Breakdown
https://www.fantasyguru.com/mlb-gpp-breakdown-9-5-2024,mlb-gpp-breakdown-9-5-2024,2024-09-05T17:46:49.000Z,
https://www.fantasyguru.com/mlb-gpp-breakdown-9-4-2024,mlb-gpp-breakdown-9-4-2024,2024-09-04T18:50:14.000Z,
https://www.fantasyguru.com/mlb-cash-game-breakdown-9-4-2024,mlb-cash-game-breakdown-9-4-2024,2024-09-04T18:25:47.000Z,NFL DFS Breakdown
https://www.fantasyguru.com/2024-umpire-report-week-24-wednesdays-strike-zone,2024-umpire-report-week-24-wednesdays-strike-zone,2024-09-04T06:16:39.000Z,MLB Umpire Report
https://www.fantasyguru.com/mlb-gpp-breakdown-9-3-2024,mlb-gpp-breakdown-9-3-2024,2024-09-03T20:21:56.000Z,
https://www.fantasyguru.com/mlb-cash-game-breakdown-9-3-2024,mlb-cash-game-breakdown-9-3-2024,2024-09-03T20:21:43.000Z,NFL DFS Breakdown
https://www.fantasyguru.com/2024-umpire-report-week-24-tuesdays-strike-zone,2024-umpire-report-week-24-tuesdays-strike-zone,2024-09-03T04:27:00.000Z,MLB Umpire Report
https://www.fantasyguru.com/mlb-cash-game-breakdown-9-2-2024,mlb-cash-game-breakdown-9-2-2024,2024-09-02T20:32:27.000Z,NFL DFS Breakdown
https://www.fantasyguru.com/mlb-gpp-breakdown-9-2-2024,mlb-gpp-breakdown-9-2-2024,2024-09-02T18:43:54.000Z,
https://www.fantasyguru.com/mlb-planner-week-24,mlb-planner-week-24,2024-09-01T20:33:41.000Z,
https://www.fantasyguru.com/mlb-gpp-breakdown-9-1-2024,mlb-gpp-breakdown-9-1-2024,2024-09-01T13:31:23.000Z,
https://www.fantasyguru.com/2024-mlb-faab-values-week-24,2024-mlb-faab-values-week-24,2024-08-31T19:33:36.000Z,
https://www.fantasyguru.com/mlb-gpp-breakdown-8-31-2024,mlb-gpp-breakdown-8-31-2024,2024-08-31T17:12:55.000Z,
https://www.fantasyguru.com/mlb-gpp-breakdown-8-30-2024,mlb-gpp-breakdown-8-30-2024,2024-08-30T21:24:50.000Z,
https://www.fantasyguru.com/mlb-cash-game-breakdown-8-30-2024,mlb-cash-game-breakdown-8-30-2024,2024-08-30T19:23:21.000Z,NFL DFS Breakdown
https://www.fantasyguru.com/2024-umpire-report-week-23-weekend-strike-zone,2024-umpire-report-week-23-weekend-strike-zone,2024-08-30T15:00:49.000Z,MLB Umpire Report
https://www.fantasyguru.com/mlb-cash-game-breakdown-8-29-2024,mlb-cash-game-breakdown-8-29-2024,2024-08-29T18:58:34.000Z,NFL DFS Breakdown
https://www.fantasyguru.com/mlb-gpp-breakdown-8-29-2024,mlb-gpp-breakdown-8-29-2024,2024-08-29T15:24:34.000Z,
https://www.fantasyguru.com/weather-and-fantasy-expectations,weather-and-fantasy-expectations,2024-08-29T11:49:25.000Z,
https://www.fantasyguru.com/mlb-gpp-breakdown-8-28-2024,mlb-gpp-breakdown-8-28-2024,2024-08-28T20:48:47.000Z,
https://www.fantasyguru.com/rays-ramblings-what-you-need-to-know-3,rays-ramblings-what-you-need-to-know-3,2024-08-28T18:19:47.000Z,Ray's Ramblings
https://www.fantasyguru.com/mlb-cash-game-breakdown-8-28-2024,mlb-cash-game-breakdown-8-28-2024,2024-08-28T18:17:00.000Z,NFL DFS Breakdown
https://www.fantasyguru.com/2024-umpire-report-week-23-wednesdays-strike-zone,2024-umpire-report-week-23-wednesdays-strike-zone,2024-08-28T13:52:13.000Z,MLB Umpire Report
https://www.fantasyguru.com/49ers-talanoa-hufanga-closer-to-returning,49ers-talanoa-hufanga-closer-to-returning,2024-08-28T02:52:10.000Z,
https://www.fantasyguru.com/mlb-cash-game-breakdown-8-27-2024,mlb-cash-game-breakdown-8-27-2024,2024-08-27T21:52:08.000Z,NFL DFS Breakdown
https://www.fantasyguru.com/mlb-gpp-breakdown-8-27-2024,mlb-gpp-breakdown-8-27-2024,2024-08-27T20:40:50.000Z,
https://www.fantasyguru.com/2024-umpire-report-week-23-tuesdays-strike-zone,2024-umpire-report-week-23-tuesdays-strike-zone,2024-08-27T14:48:26.000Z,MLB Umpire Report
https://www.fantasyguru.com/2024-umpire-report-week-23-mondays-strike-zone,2024-umpire-report-week-23-mondays-strike-zone,2024-08-27T14:20:41.000Z,MLB Umpire Report
https://www.fantasyguru.com/mlb-cash-game-breakdown-8-26-2024,mlb-cash-game-breakdown-8-26-2024,2024-08-26T22:27:54.000Z,NFL DFS Breakdown
https://www.fantasyguru.com/mlb-gpp-breakdown-8-26-2024,mlb-gpp-breakdown-8-26-2024,2024-08-26T21:05:33.000Z,
https://www.fantasyguru.com/mlb-planner-week-23,mlb-planner-week-23,2024-08-25T17:31:21.000Z,
https://www.fantasyguru.com/mlb-gpp-breakdown-8-25-2024,mlb-gpp-breakdown-8-25-2024,2024-08-25T15:03:21.000Z,
https://www.fantasyguru.com/2024-mlb-faab-values-week-23,2024-mlb-faab-values-week-23,2024-08-25T00:00:48.000Z,
https://www.fantasyguru.com/mlb-gpp-breakdown-8-24-2024,mlb-gpp-breakdown-8-24-2024,2024-08-24T18:02:13.000Z,
https://www.fantasyguru.com/mlb-gpp-breakdown-8-23-2024,mlb-gpp-breakdown-8-23-2024,2024-08-23T20:44:36.000Z,
https://www.fantasyguru.com/2024-umpire-report-week-22-weekend-strike-zone,2024-umpire-report-week-22-weekend-strike-zone,2024-08-23T20:27:07.000Z,MLB Umpire Report
https://www.fantasyguru.com/mlb-cash-game-breakdown-8-23-2024,mlb-cash-game-breakdown-8-23-2024,2024-08-23T20:18:41.000Z,NFL DFS Breakdown
https://www.fantasyguru.com/2024-the-closer-grid-august-22nd,2024-the-closer-grid-august-22nd,2024-08-22T19:53:54.000Z,
https://www.fantasyguru.com/mlb-cash-game-breakdown-8-22-2024,mlb-cash-game-breakdown-8-22-2024,2024-08-22T19:26:47.000Z,NFL DFS Breakdown
https://www.fantasyguru.com/mlb-gpp-breakdown-8-22-2024,mlb-gpp-breakdown-8-22-2024,2024-08-22T18:15:59.000Z,
https://www.fantasyguru.com/mlb-gpp-breakdown-8-21-2024,mlb-gpp-breakdown-8-21-2024,2024-08-21T20:17:06.000Z,
https://www.fantasyguru.com/mlb-cash-game-breakdown-8-21-2024,mlb-cash-game-breakdown-8-21-2024,2024-08-21T18:25:45.000Z,NFL DFS Breakdown
https://www.fantasyguru.com/rays-ramblings-2024-august-mlb-rookie-review,rays-ramblings-2024-august-mlb-rookie-review,2024-08-21T17:50:49.000Z,Ray's Ramblings
https://www.fantasyguru.com/2024-umpire-report-week-22-wednesdays-strike-zone,2024-umpire-report-week-22-wednesdays-strike-zone,2024-08-21T12:23:49.000Z,MLB Umpire Report
https://www.fantasyguru.com/mlb-cash-game-breakdown-8-20-2024,mlb-cash-game-breakdown-8-20-2024,2024-08-20T19:51:53.000Z,NFL DFS Breakdown
https://www.fantasyguru.com/mlb-gpp-breakdown-8-20-2024,mlb-gpp-breakdown-8-20-2024,2024-08-20T16:37:05.000Z,
https://www.fantasyguru.com/rays-ramblings-strikeouts-walks-matter,rays-ramblings-strikeouts-walks-matter,2024-08-20T15:16:52.000Z,Ray's Ramblings
https://www.fantasyguru.com/2024-umpire-report-week-22-tuesdays-strike-zone,2024-umpire-report-week-22-tuesdays-strike-zone,2024-08-20T14:55:59.000Z,MLB Umpire Report
https://www.fantasyguru.com/rays-ramblings-mlb-monday-mania,rays-ramblings-mlb-monday-mania,2024-08-19T21:27:22.000Z,Ray's Ramblings
https://www.fantasyguru.com/mlb-gpp-breakdown-8-19-2024,mlb-gpp-breakdown-8-19-2024,2024-08-19T20:18:17.000Z,
https://www.fantasyguru.com/mlb-cash-game-breakdown-8-19-2024,mlb-cash-game-breakdown-8-19-2024,2024-08-19T19:52:07.000Z,NFL DFS Breakdown
https://www.fantasyguru.com/2024-umpire-report-week-22-mondays-strike-zone,2024-umpire-report-week-22-mondays-strike-zone,2024-08-19T17:27:30.000Z,MLB Umpire Report
https://www.fantasyguru.com/mlb-planner-week-22,mlb-planner-week-22,2024-08-18T18:12:42.000Z,
https://www.fantasyguru.com/mlb-gpp-breakdown-8-18-2024,mlb-gpp-breakdown-8-18-2024,2024-08-18T13:49:47.000Z,
https://www.fantasyguru.com/buccaneers-kaevon-merriweather-ruled-out,buccaneers-kaevon-merriweather-ruled-out,2024-08-18T01:52:11.000Z,
https://www.fantasyguru.com/2024-mlb-faab-values-week-22,2024-mlb-faab-values-week-22,2024-08-17T22:49:32.000Z,
https://www.fantasyguru.com/mlb-gpp-breakdown-8-16-2024,mlb-gpp-breakdown-8-16-2024,2024-08-16T20:13:05.000Z,
https://www.fantasyguru.com/mlb-cash-game-breakdown-8-15-2024,mlb-cash-game-breakdown-8-15-2024,2024-08-16T18:05:25.000Z,NFL DFS Breakdown
https://www.fantasyguru.com/2024-umpire-report-week-21-weekend-strike-zone,2024-umpire-report-week-21-weekend-strike-zone,2024-08-16T15:39:40.000Z,MLB Umpire Report
https://www.fantasyguru.com/rays-ramblings-fantasy-baseball-notes,rays-ramblings-fantasy-baseball-notes,2024-08-15T18:56:23.000Z,Ray's Ramblings
https://www.fantasyguru.com/mlb-gpp-breakdown-8-15-2024,mlb-gpp-breakdown-8-15-2024,2024-08-15T15:57:31.000Z,
https://www.fantasyguru.com/mlb-gpp-breakdown-8-14-2024,mlb-gpp-breakdown-8-14-2024,2024-08-14T19:42:54.000Z,
https://www.fantasyguru.com/mlb-cash-game-breakdown-8-14-2024,mlb-cash-game-breakdown-8-14-2024,2024-08-14T18:55:46.000Z,NFL DFS Breakdown
https://www.fantasyguru.com/rays-ramblings-august-14th-around-the-horn,rays-ramblings-august-14th-around-the-horn,2024-08-14T18:09:33.000Z,Ray's Ramblings
https://www.fantasyguru.com/2024-umpire-report-week-21-wednesdays-strike-zone,2024-umpire-report-week-21-wednesdays-strike-zone,2024-08-14T15:54:34.000Z,MLB Umpire Report
https://www.fantasyguru.com/mlb-cash-game-breakdown-8-13-2024,mlb-cash-game-breakdown-8-13-2024,2024-08-13T20:34:58.000Z,NFL DFS Breakdown
https://www.fantasyguru.com/rays-ramblings-caminero-called-up,rays-ramblings-caminero-called-up,2024-08-13T19:52:51.000Z,Ray's Ramblings
https://www.fantasyguru.com/mlb-gpp-breakdown-8-13-2024,mlb-gpp-breakdown-8-13-2024,2024-08-13T16:50:17.000Z,
https://www.fantasyguru.com/2024-umpire-report-week-21-tuesdays-strike-zone,2024-umpire-report-week-21-tuesdays-strike-zone,2024-08-13T15:29:30.000Z,MLB Umpire Report
https://www.fantasyguru.com/mlb-cash-game-breakdown-8-12-2024,mlb-cash-game-breakdown-8-12-2024,2024-08-12T21:46:35.000Z,NFL DFS Breakdown
https://www.fantasyguru.com/mlb-gpp-breakdown-8-12-2024,mlb-gpp-breakdown-8-12-2024,2024-08-12T21:18:39.000Z,
https://www.fantasyguru.com/rays-ramblings-the-time-is-now-2,rays-ramblings-the-time-is-now-2,2024-08-12T21:13:51.000Z,Ray's Ramblings
https://www.fantasyguru.com/2024-umpire-report-week-21-mondays-strike-zone,2024-umpire-report-week-21-mondays-strike-zone,2024-08-12T20:35:34.000Z,MLB Umpire Report
https://www.fantasyguru.com/mlb-planner-week-21,mlb-planner-week-21,2024-08-11T17:48:46.000Z,
https://www.fantasyguru.com/mlb-gpp-breakdown-8-11-2024,mlb-gpp-breakdown-8-11-2024,2024-08-11T14:57:51.000Z,
https://www.fantasyguru.com/2024-mlb-faab-values-week-21,2024-mlb-faab-values-week-21,2024-08-11T04:12:25.000Z,
https://www.fantasyguru.com/bengals-zack-moss-under-the-weather,bengals-zack-moss-under-the-weather,2024-08-11T03:52:09.000Z,
https://www.fantasyguru.com/mlb-gpp-breakdown-8-10-2024,mlb-gpp-breakdown-8-10-2024,2024-08-10T16:46:23.000Z,
https://www.fantasyguru.com/mlb-cash-game-breakdown-8-9-2024,mlb-cash-game-breakdown-8-9-2024,2024-08-09T21:03:02.000Z,NFL DFS Breakdown
https://www.fantasyguru.com/rays-ramblings-mound-mavens-2,rays-ramblings-mound-mavens-2,2024-08-09T19:49:04.000Z,Ray's Ramblings
https://www.fantasyguru.com/mlb-gpp-breakdown-8-9-2024,mlb-gpp-breakdown-8-9-2024,2024-08-09T19:48:25.000Z,
https://www.fantasyguru.com/2024-umpire-report-week-20-weekend-strike-zone,2024-umpire-report-week-20-weekend-strike-zone,2024-08-09T13:41:37.000Z,MLB Umpire Report
https://www.fantasyguru.com/mlb-cash-game-breakdown-8-8-2024,mlb-cash-game-breakdown-8-8-2024,2024-08-08T19:22:43.000Z,NFL DFS Breakdown
https://www.fantasyguru.com/mlb-gpp-breakdown-8-8-2024,mlb-gpp-breakdown-8-8-2024,2024-08-08T16:50:49.000Z,
https://www.fantasyguru.com/mlb-gpp-breakdown-8-7-2024,mlb-gpp-breakdown-8-7-2024,2024-08-07T20:15:55.000Z,
https://www.fantasyguru.com/mlb-cash-game-breakdown-8-7-2024,mlb-cash-game-breakdown-8-7-2024,2024-08-07T17:41:23.000Z,NFL DFS Breakdown
https://www.fantasyguru.com/2024-umpire-report-week-20-wednesdays-strike-zone,2024-umpire-report-week-20-wednesdays-strike-zone,2024-08-07T13:28:44.000Z,MLB Umpire Report
https://www.fantasyguru.com/rays-ramblings-batted-ball-data-the-last-month,rays-ramblings-batted-ball-data-the-last-month,2024-08-07T00:04:01.000Z,Ray's Ramblings
https://www.fantasyguru.com/mlb-cash-game-breakdown-8-6-2024,mlb-cash-game-breakdown-8-6-2024,2024-08-06T23:10:25.000Z,NFL DFS Breakdown
https://www.fantasyguru.com/2024-the-closer-grid-august-6th,2024-the-closer-grid-august-6th,2024-08-06T19:17:06.000Z,
https://www.fantasyguru.com/mlb-gpp-breakdown-8-6-2024,mlb-gpp-breakdown-8-6-2024,2024-08-06T17:26:12.000Z,
https://www.fantasyguru.com/2024-umpire-report-week-20-tuesdays-strike-zone,2024-umpire-report-week-20-tuesdays-strike-zone,2024-08-06T16:11:47.000Z,MLB Umpire Report
https://www.fantasyguru.com/rays-ramblings-late-monday-updates,rays-ramblings-late-monday-updates,2024-08-05T22:54:00.000Z,Ray's Ramblings
https://www.fantasyguru.com/mlb-cash-game-breakdown-8-5-2024,mlb-cash-game-breakdown-8-5-2024,2024-08-05T21:12:14.000Z,NFL DFS Breakdown
https://www.fantasyguru.com/2024-umpire-report-week-20-mondays-strike-zone,2024-umpire-report-week-20-mondays-strike-zone,2024-08-05T21:09:52.000Z,MLB Umpire Report
https://www.fantasyguru.com/mlb-gpp-breakdown-8-5-2024,mlb-gpp-breakdown-8-5-2024,2024-08-05T20:51:33.000Z,
https://www.fantasyguru.com/mlb-planner-week-20,mlb-planner-week-20,2024-08-04T22:08:34.000Z,
https://www.fantasyguru.com/steelers-russell-wilson-inching-closer,steelers-russell-wilson-inching-closer,2024-08-04T21:02:19.000Z,
https://www.fantasyguru.com/mlb-gpp-breakdown-8-4-2024,mlb-gpp-breakdown-8-4-2024,2024-08-04T14:23:48.000Z,
https://www.fantasyguru.com/2024-mlb-faab-values-week-20,2024-mlb-faab-values-week-20,2024-08-04T01:28:49.000Z,
https://www.fantasyguru.com/mlb-dfs-gpp-breakdown-8-3-2024,mlb-dfs-gpp-breakdown-8-3-2024,2024-08-03T20:00:09.000Z,
https://www.fantasyguru.com/mlb-cash-game-breakdown-8-2-2024,mlb-cash-game-breakdown-8-2-2024,2024-08-02T22:23:38.000Z,NFL DFS Breakdown
https://www.fantasyguru.com/mlb-gpp-breakdown-8-2-2024,mlb-gpp-breakdown-8-2-2024,2024-08-02T21:08:01.000Z,
https://www.fantasyguru.com/2024-umpire-report-week-19-weekend-strike-zone,2024-umpire-report-week-19-weekend-strike-zone,2024-08-02T15:41:40.000Z,MLB Umpire Report
https://www.fantasyguru.com/mlb-cash-game-breakdown-8-1-2024,mlb-cash-game-breakdown-8-1-2024,2024-08-01T21:26:36.000Z,NFL DFS Breakdown
https://www.fantasyguru.com/mlb-dfs-gpp-breakdown-8-1-2024,mlb-dfs-gpp-breakdown-8-1-2024,2024-08-01T17:55:21.000Z,
https://www.fantasyguru.com/mlb-gpp-breakdown-7-31-2024,mlb-gpp-breakdown-7-31-2024,2024-07-31T21:04:06.000Z,
https://www.fantasyguru.com/mlb-dfs-early-bird-breakdown-7-31-2024,mlb-dfs-early-bird-breakdown-7-31-2024,2024-07-31T16:06:59.000Z,
https://www.fantasyguru.com/mlb-cash-game-breakdown-7-31-2024,mlb-cash-game-breakdown-7-31-2024,2024-07-31T14:59:43.000Z,NFL DFS Breakdown
https://www.fantasyguru.com/2024-umpire-report-week-19-wednesdays-strike-zone,2024-umpire-report-week-19-wednesdays-strike-zone,2024-07-31T14:32:52.000Z,MLB Umpire Report
https://www.fantasyguru.com/mlb-gpp-breakdown-7-30-2024,mlb-gpp-breakdown-7-30-2024,2024-07-30T22:21:08.000Z,
https://www.fantasyguru.com/mlb-cash-game-breakdown-7-30-2024,mlb-cash-game-breakdown-7-30-2024,2024-07-30T20:17:15.000Z,NFL DFS Breakdown
https://www.fantasyguru.com/2024-umpire-report-week-19-tuesdays-strike-zone,2024-umpire-report-week-19-tuesdays-strike-zone,2024-07-30T19:37:45.000Z,MLB Umpire Report
https://www.fantasyguru.com/mlb-cash-game-breakdown-7-29-2024,mlb-cash-game-breakdown-7-29-2024,2024-07-29T23:37:52.000Z,NFL DFS Breakdown
https://www.fantasyguru.com/2024-umpire-report-week-19-mondays-strike-zone,2024-umpire-report-week-19-mondays-strike-zone,2024-07-29T20:26:28.000Z,MLB Umpire Report
https://www.fantasyguru.com/mlb-gpp-breakdown-7-29-2024,mlb-gpp-breakdown-7-29-2024,2024-07-29T20:19:42.000Z,
https://www.fantasyguru.com/rays-ramblings-mlb-trades-happening,rays-ramblings-mlb-trades-happening,2024-07-29T20:02:26.000Z,Ray's Ramblings
https://www.fantasyguru.com/chiefs-two-chiefs-under-the-weather,chiefs-two-chiefs-under-the-weather,2024-07-28T20:52:13.000Z,
https://www.fantasyguru.com/mlb-planner-week-19,mlb-planner-week-19,2024-07-28T16:43:59.000Z,
https://www.fantasyguru.com/mlb-gpp-breakdown-7-28-2024,mlb-gpp-breakdown-7-28-2024,2024-07-28T15:21:56.000Z,
https://www.fantasyguru.com/2024-mlb-faab-values-week-19,2024-mlb-faab-values-week-19,2024-07-28T00:24:16.000Z,
https://www.fantasyguru.com/mlb-dfs-breakdown-7-27-2024,mlb-dfs-breakdown-7-27-2024,2024-07-27T17:10:08.000Z,MLB DFS Breakdown
https://www.fantasyguru.com/mlb-cash-game-breakdown-7-26-2024,mlb-cash-game-breakdown-7-26-2024,2024-07-26T20:40:12.000Z,NFL DFS Breakdown
https://www.fantasyguru.com/mlb-gpp-breakdown-7-26-2024,mlb-gpp-breakdown-7-26-2024,2024-07-26T20:12:17.000Z,
https://www.fantasyguru.com/2024-umpire-report-week-18-weekend-strike-zone,2024-umpire-report-week-18-weekend-strike-zone,2024-07-26T14:27:56.000Z,MLB Umpire Report
https://www.fantasyguru.com/rays-ramblings-2024-july-mlb-rookie-review,rays-ramblings-2024-july-mlb-rookie-review,2024-07-26T14:19:31.000Z,Ray's Ramblings
https://www.fantasyguru.com/mlb-gpp-breakdown-7-25-2024,mlb-gpp-breakdown-7-25-2024,2024-07-25T14:23:57.000Z,
https://www.fantasyguru.com/mlb-cash-game-breakdown-7-25-2024,mlb-cash-game-breakdown-7-25-2024,2024-07-25T14:20:05.000Z,NFL DFS Breakdown
https://www.fantasyguru.com/mlb-gpp-breakdown-7-24-2024,mlb-gpp-breakdown-7-24-2024,2024-07-24T18:25:35.000Z,
https://www.fantasyguru.com/rays-ramblings-what-you-need-to-know-2,rays-ramblings-what-you-need-to-know-2,2024-07-24T18:08:09.000Z,Ray's Ramblings
https://www.fantasyguru.com/mlb-cash-game-breakdown-7-24-2024,mlb-cash-game-breakdown-7-24-2024,2024-07-24T16:22:15.000Z,NFL DFS Breakdown
https://www.fantasyguru.com/mlb-dfs-early-slate-breakdown-7-24-2024,mlb-dfs-early-slate-breakdown-7-24-2024,2024-07-24T15:34:30.000Z,
https://www.fantasyguru.com/2024-umpire-report-week-18-wednesdays-strike-zone,2024-umpire-report-week-18-wednesdays-strike-zone,2024-07-24T13:53:56.000Z,MLB Umpire Report
https://www.fantasyguru.com/mlb-cash-game-breakdown-7-23-2024,mlb-cash-game-breakdown-7-23-2024,2024-07-23T22:21:28.000Z,NFL DFS Breakdown
https://www.fantasyguru.com/rays-ramblings-strikeouts-walks-2024-update,rays-ramblings-strikeouts-walks-2024-update,2024-07-23T21:21:00.000Z,Ray's Ramblings
https://www.fantasyguru.com/mlb-gpp-breakdown-7-23-2024,mlb-gpp-breakdown-7-23-2024,2024-07-23T15:38:20.000Z,
https://www.fantasyguru.com/2024-umpire-report-week-18-tuesdays-strike-zone,2024-umpire-report-week-18-tuesdays-strike-zone,2024-07-23T14:26:02.000Z,MLB Umpire Report
https://www.fantasyguru.com/rays-ramblings-waiver-moves-pitching-updates,rays-ramblings-waiver-moves-pitching-updates,2024-07-22T20:04:31.000Z,Ray's Ramblings
https://www.fantasyguru.com/mlb-gpp-breakdown-7-22-2024,mlb-gpp-breakdown-7-22-2024,2024-07-22T19:41:31.000Z,
https://www.fantasyguru.com/mlb-cash-game-breakdown-7-22-2024,mlb-cash-game-breakdown-7-22-2024,2024-07-22T19:12:28.000Z,NFL DFS Breakdown
https://www.fantasyguru.com/2024-umpire-report-week-18-mondays-strike-zone,2024-umpire-report-week-18-mondays-strike-zone,2024-07-22T15:16:09.000Z,MLB Umpire Report
https://www.fantasyguru.com/2024-mlb-faab-values-week-18,2024-mlb-faab-values-week-18,2024-07-22T13:26:09.000Z,
https://www.fantasyguru.com/mlb-planner-week-18,mlb-planner-week-18,2024-07-21T19:14:06.000Z,
https://www.fantasyguru.com/mlb-dfs-breakdown-7-21-2024,mlb-dfs-breakdown-7-21-2024,2024-07-21T14:02:38.000Z,MLB DFS Breakdown
https://www.fantasyguru.com/mlb-dfs-breakdown-7-20-2024,mlb-dfs-breakdown-7-20-2024,2024-07-20T18:45:31.000Z,MLB DFS Breakdown
https://www.fantasyguru.com/2024-umpire-report-week-17-weekend-strike-zone,2024-umpire-report-week-17-weekend-strike-zone,2024-07-20T13:30:24.000Z,MLB Umpire Report
https://www.fantasyguru.com/2024-umpire-report-week-17-fridays-strike-zone,2024-umpire-report-week-17-fridays-strike-zone,2024-07-19T21:31:02.000Z,MLB Umpire Report
https://www.fantasyguru.com/mlb-gpp-breakdown-7-19-2024,mlb-gpp-breakdown-7-19-2024,2024-07-19T20:39:26.000Z,
https://www.fantasyguru.com/mlb-cash-game-breakdown-7-19-2024,mlb-cash-game-breakdown-7-19-2024,2024-07-19T19:46:27.000Z,NFL DFS Breakdown
https://www.fantasyguru.com/rays-ramblings-1st-half-relief-pitchers,rays-ramblings-1st-half-relief-pitchers,2024-07-18T17:18:41.000Z,Ray's Ramblings
https://www.fantasyguru.com/rays-ramblings-1st-half-starting-pitchers,rays-ramblings-1st-half-starting-pitchers,2024-07-17T17:37:58.000Z,Ray's Ramblings
https://www.fantasyguru.com/rays-ramblings-1st-half-outfielders,rays-ramblings-1st-half-outfielders,2024-07-16T17:15:50.000Z,Ray's Ramblings
https://www.fantasyguru.com/rays-ramblings-1st-half-infielders,rays-ramblings-1st-half-infielders,2024-07-15T18:56:27.000Z,Ray's Ramblings
https://www.fantasyguru.com/mlb-dfs-breakdown-7-14-2024,mlb-dfs-breakdown-7-14-2024,2024-07-14T14:54:08.000Z,MLB DFS Breakdown
https://www.fantasyguru.com/2024-mlb-faab-values-week-17,2024-mlb-faab-values-week-17,2024-07-13T23:39:07.000Z,
https://www.fantasyguru.com/mlb-dfs-breakdown-7-13-2024,mlb-dfs-breakdown-7-13-2024,2024-07-13T18:40:47.000Z,MLB DFS Breakdown
https://www.fantasyguru.com/mlb-cash-game-breakdown-7-12-2024,mlb-cash-game-breakdown-7-12-2024,2024-07-12T23:05:40.000Z,NFL DFS Breakdown
https://www.fantasyguru.com/mlb-gpp-breakdown-7-12-2024,mlb-gpp-breakdown-7-12-2024,2024-07-12T21:59:41.000Z,
https://www.fantasyguru.com/2024-umpire-report-week-16-weekend-strike-zone,2024-umpire-report-week-16-weekend-strike-zone,2024-07-12T15:43:05.000Z,MLB Umpire Report
https://www.fantasyguru.com/2024-the-closer-grid-july-11th,2024-the-closer-grid-july-11th,2024-07-11T19:26:36.000Z,
https://www.fantasyguru.com/mlb-cash-game-breakdown-7-11-2024,mlb-cash-game-breakdown-7-11-2024,2024-07-11T18:12:32.000Z,NFL DFS Breakdown
https://www.fantasyguru.com/mlb-gpp-breakdown-7-11-2024,mlb-gpp-breakdown-7-11-2024,2024-07-11T18:09:00.000Z,
https://www.fantasyguru.com/rays-ramblings-july-10th-check-in,rays-ramblings-july-10th-check-in,2024-07-10T18:24:37.000Z,Ray's Ramblings
